"Sweep (n)","Peak x (ms)","Peak y (mV)"
51,12,54.2785656663455
52,12,54.2816174242262
53,12,54.2633068769419
54,12,54.2358410560155
55,12,54.2388928138962
