"Sweep (n)","Peak x (ms)","Peak y (mV)"
65,10.8,61.4257826229732
66,10.8,61.8255629053465
67,10.8,62.0300306833542
68,10.8,60.5255140481632
69,10.8,60.2264417758534
