"Sweep (n)","Peak x (ms)","Peak y (mV)"
134,10.8,83.6853046048873
135,10.8,86.6058368967288
136,10.8,84.9517841253828
137,10.8,85.076906198492
138,10.8,84.292604423149
