"Sweep (n)","Peak x (ms)","Peak y (mV)"
122,11.2,69.7235123006294
123,11.2,69.7113052691066
124,11.2,69.7143570269873
125,11.2,69.7143570269873
126,11.2,69.717408784868
