"Sweep (n)","Peak x (ms)","Peak y (mV)"
57,12.36,59.2040987504562
58,12.38,59.2040987504562
59,12.58,59.8144502839661
60,12.72,59.2040987504562
61,12.62,59.2040987504562
