"Sweep (n)","Peak x (ms)","Peak y (mV)"
91,11.8,52.9357921988322
92,11.8,52.9113781357865
93,11.8,52.9022228621443
94,11.8,52.8594982518144
95,11.8,52.8839123148601
