"Sweep (n)","Peak x (ms)","Peak y (mV)"
140,12.2,52.3193371069283
141,12,52.301026559644
142,12.2,52.3284923805705
143,12.2,52.2857677702405
144,12,52.2521984335526
