"Sweep (n)","Peak x (ms)","Peak y (mV)"
111,12.6,36.4044197590147
112,12.6,36.4562996429868
113,12.6,36.4501961272254
114,12.6,36.4654549166289
115,12.6,36.4501961272254
