"Sweep (n)","Peak x (ms)","Peak y (mV)"
50,11.8,48.3459483462412
51,11.8,48.2421885782969
52,11.8,48.2635508834619
53,11.8,48.2421885782969
54,11.8,48.1719981470406
