"Sweep (n)","Peak x (ms)","Peak y (mV)"
73,11.6,56.0363782056357
74,11.6,56.0363782056357
75,11.6,56.0150159004707
76,11.6,56.0760510580849
77,11.6,56.01196414259
