"Sweep (n)","Peak x (ms)","Peak y (mV)"
162,12.4,53.6773693638452
163,12.4,53.6682140902031
164,12.4,53.6468517850381
165,12.4,53.7017834268909
166,12.4,53.6621105744416
