"Sweep (n)","Peak x (ms)","Peak y (mV)"
25,12,60.3485120910819
26,12,60.2386488073762
27,12,60.1501478288356
28,12,60.2478040810184
29,12,60.1287855236706
