"Sweep (n)","Peak x (ms)","Peak y (mV)"
22,11.6,54.5471203598482
23,11.6,54.5440686019674
24,11.8,54.5623791492517
25,11.6,54.5440686019674
26,11.6,54.5440686019674
