"Sweep (n)","Peak x (ms)","Peak y (mV)"
110,11.4,51.8798839721058
111,11.4,51.9348156139586
112,11.4,51.8829357299865
113,11.4,51.94091912972
114,11.4,51.9165050666743
