"Sweep (n)","Peak x (ms)","Peak y (mV)"
170,12,52.3071300754055
171,12,52.2460949177912
172,12,52.2827160123598
173,12,52.2888195281212
174,12,52.3040783175248
