"Sweep (n)","Peak x (ms)","Peak y (mV)"
54,11.8,52.4536144536796
55,11.8,52.4139416012304
56,11.8,52.3773205066618
57,11.8,52.3956310539461
58,11.8,52.3468029278547
