"Sweep (n)","Peak x (ms)","Peak y (mV)"
19,8.6,51.3610815448545
20,8.6,51.5441870049075
21,8.4,51.1474585081261
22,8.4,51.635739734934
23,8.6,50.9033178947221
