"Sweep (n)","Peak x (ms)","Peak y (mV)"
15,11.4,52.6947033262559
16,11.4,52.523804884936
17,11.4,52.502442579771
18,11.4,52.5390636743396
19,11.4,52.4047863275883
