"Sweep (n)","Peak x (ms)","Peak y (mV)"
80,11.4,53.497311912139
81,11.6,53.497311912139
82,11.6,53.619382218841
83,11.4,53.6498997955165
84,11.4,53.680417372192
