"Sweep (n)","APA (mV)"
240,137.224990414945
241,138.019990359415
242,137.204990416342
243,137.72499038002
244,137.734990379322
