"Sweep (n)","APA (mV)"
57,140.379990194571
58,140.489990186887
59,140.424990191428
60,140.204990206794
61,140.424990191428
