"Sweep (n)","APA (mV)"
347,126.099991192017
348,125.889991206685
349,125.989991199701
350,126.044991195859
351,126.134991189572
