"Sweep (n)","APA (mV)"
464,146.119989793636
465,147.719989681878
466,148.034989659875
467,147.739989680481
468,148.434989631936
