"Sweep (n)","APA (mV)"
370,144.874989880599
371,144.469989908888
372,144.954989875011
373,144.604989899458
374,144.869989880948
