"Sweep (n)","APA (mV)"
490,130.144990909477
491,129.674990942306
492,129.869990928686
493,129.759990936369
494,129.809990932877
