"Sweep (n)","APA (mV)"
396,141.554990112498
397,141.284990131357
398,141.339990127516
399,141.30499012996
400,141.03499014882
