"Sweep (n)","APA (mV)"
325,147.704989682925
326,147.749989679782
327,147.784989677337
328,147.694989683624
329,147.439989701435
