"Sweep (n)","APA (mV)"
472,140.289990200857
473,139.44999025953
474,139.634990246608
475,140.254990203302
476,140.049990217621
