"Sweep (n)","APA (mV)"
293,140.819990163837
294,140.194990207493
295,140.444990190031
296,140.764990167679
297,142.314990059413
