"Sweep (n)","APA (mV)"
464,141.774990097131
465,142.239990064651
466,141.529990114244
467,141.929990086304
468,142.399990053475
