"Sweep (n)","APA (mV)"
407,136.879990439043
408,136.734990449171
409,136.894990437995
410,136.904990437297
411,137.269990411802
