"Sweep (n)","APA (mV)"
398,144.704989892473
399,144.589989900506
400,144.314989919714
401,145.059989867677
402,145.174989859644
