"Sweep (n)","APA (mV)"
352,136.634990456156
353,136.784990445679
354,137.149990420184
355,137.249990413199
356,136.829990442535
