"Sweep (n)","APA (mV)"
323,126.634991154648
324,126.739991147314
325,126.719991148711
326,126.724991148361
327,126.669991152203
