"Sweep (n)","APA (mV)"
416,140.449990189681
417,140.514990185141
418,140.409990192475
419,139.824990233337
420,139.719990240671
