"Sweep (n)","APA (mV)"
483,143.309989989913
484,142.734990030076
485,142.914990017503
486,143.099990004581
487,143.8899899494
