"Sweep (n)","dV/dt max x (ms)","dV/dt max y (V/s)"
14,33.8,216.720570761017
15,33.8,226.608265603877
16,34,176.513663491055
17,33.8,215.469350117322
18,34,194.351187057881
