"Sweep (n)","dV/dt max x (ms)","dV/dt max y (V/s)"
7,35,265.624987383496
8,33.8,255.874621635676
9,33.2,6.21032685346248
10,34.8,271.362291798489
11,34.2,231.109608163504
