"Sweep (n)","dV/dt max x (ms)","dV/dt max y (V/s)"
17,35,167.602531101811
18,34.8,175.201407694008
19,34.6,165.771476501275
20,34.8,149.139397213137
21,34.6,183.197012782981
