"Sweep (n)","Ediast (mV)"
7,-50.6500220083155
8,-50.5978369522005
9,-51.9201635495496
10,-50.802609891693
11,-50.3985571765095
