"Sweep (n)","Ediast (mV)"
40,-50.5941748429994
41,-49.876096263825
42,-50.4116797344799
43,-50.8084082312614
44,-49.6200537955177
