"Sweep (n)","Ediast (mV)"
33,-50.1000952766232
34,-48.9437842963887
35,-49.8428321052488
36,-48.9916968917693
37,-50.2078223222877
