"Sweep (n)","Ediast (mV)"
50,-49.8339820080129
51,-50.6887793306934
52,-50.6722998392887
53,-49.457700287604
54,-49.7885108187664
