"Sweep (n)","Negative dV/dt max x (ms)","Negative dV/dt max y (V/s)"
473,6.6,-42.9999969964854
474,6.7,-42.9999969964846
475,6.6,-43.9999969266362
476,6.6,-43.4999969615608
477,6.7,-43.49999696156
