"Sweep (n)","dV/dt max x (ms)","dV/dt max y (V/s)"
64,19,344.499975936937
65,19,345.999975832163
66,19,342.999976041711
67,19,339.999976251259
68,19,349.999975552766
