"Sweep (n)","dV/dt max x (ms)","dV/dt max y (V/s)"
94,19,478.999966542214
95,19,442.999969056787
96,19.1,484.999966123153
97,19,450.999968497993
98,19,456.999968078898
