"Sweep (n)","Peak x (ms)","Peak y (mV)"
124,11.8,56.1462414893413
125,11.8,56.1218274262956
126,11.8,56.2194836784784
127,11.8,56.1889660996713
128,11.8,56.3446057515876
