"Sweep (n)","Peak x (ms)","Peak y (mV)"
18,11.6,60.8825697202065
19,11.6,60.9130872990136
20,11.6,60.9313978462979
21,11.6,60.8795179623258
22,11.6,60.9680189408664
