"Sweep (n)","Peak x (ms)","Peak y (mV)"
10,10.8,61.2091078134427
11,10.8,61.1541761715899
12,10.8,61.3555921917169
13,10.8,61.7156996216409
14,10.8,61.608888095816
