"Sweep (n)","Peak x (ms)","Peak y (mV)"
120,10.8,85.2905292501419
121,10.8,87.3413105459804
122,10.8,87.4176044929982
123,10.8,84.4635028644689
124,10.8,86.7462177592415
