"Sweep (n)","Peak x (ms)","Peak y (mV)"
80,11.6,57.8216565658522
81,11.6,57.9071057865122
82,11.6,57.9467786389614
83,11.6,57.8948987549893
84,11.6,57.9040540286315
