"Sweep (n)","Peak x (ms)","Peak y (mV)"
144,12,53.8055431948351
145,12,53.775025616028
146,11.8,53.7780773739087
147,11.8,53.7353527635787
148,11.8,53.796387921193
