"Sweep (n)","Peak x (ms)","Peak y (mV)"
16,10.8,71.7346207440187
17,10.8,71.731568986138
18,10.8,71.6766373442852
19,10.8,71.6400162497166
20,10.8,71.688844375808
