"Sweep (n)","Peak x (ms)","Peak y (mV)"
84,11.4,66.2475600744984
85,11.4,66.2200942535719
86,11.4,66.3299575372776
87,11.4,66.3635268739654
88,11.4,66.2963882005897
