"Sweep (n)","Peak x (ms)","Peak y (mV)"
86,11.6,61.947633220575
87,11.6,61.8743910314379
88,11.6,61.8377699368694
89,11.6,61.8072523580622
90,11.6,61.8621839999151
