"Sweep (n)","Peak x (ms)","Peak y (mV)"
119,11.2,69.6441665957309
120,11.2,69.6655289008959
121,11.2,69.6716324166573
122,11.2,69.7235123006294
123,11.2,69.7113052691066
