"Sweep (n)","Ediast (mV)"
1,-46.3928189819173
2,-45.3338590959336
3,-46.4446988610578
4,-45.7488981290569
5,-44.5983855151783
6,-44.1925017548444
7,-44.2230193308094
8,-43.0755584745273
9,-43.3837859917733
10,-42.1508759227893
11,-41.9738739821926
12,-41.3360566445251
13,-39.6209688752949
14,-40.5914277909803
