"Sweep (n)","Ediast (mV)"
1,-38.9282199008905
2,-41.7785614960169
3,-40.8691377322614
4,-42.1813934987542
5,-40.5914277909803
