"Sweep (n)","dV/dt max x (ms)","dV/dt max y (V/s)"
176,11.9,198.499986134937
177,11.9,205.999985611068
178,12,206.499985576143
179,12,207.999985471369
180,11.9,205.999985611068
