"Sweep (n)","Peak x (ms)","Peak y (mV)"
24,24.9,3.99999972060324
25,24.8,4.29999969964848
26,24.9,2.69999981140719
27,24.9,2.29999983934686
28,24.9,-2.99999979045243
