"Sweep (n)","Peak x (ms)","Peak y (mV)"
393,9,58.3499959242998
394,9,58.2999959277922
395,9,58.0499959452545
396,9,57.9499959522394
397,9,58.0999959417621
