"Sweep (n)","Peak x (ms)","Peak y (mV)"
462,8.4,62.4499956379181
463,8.4,62.0999956623653
464,8.4,62.6499956239483
465,8.4,62.5499956309332
466,8.4,62.5499956309332
