"Sweep (n)","Peak x (ms)","Peak y (mV)"
342,8.3,60.2499957915863
343,8.5,60.3499957846014
344,8.5,60.0999958020637
345,8.4,60.0999958020637
346,8.5,60.4499957776165
