"Sweep (n)","Peak x (ms)","Peak y (mV)"
388,9.8,17.4999987776392
389,9.7,17.849998753192
390,9.7,18.0499987392221
391,9.7,17.6999987636693
392,9.7,18.49999870779
