"Sweep (n)","Peak x (ms)","Peak y (mV)"
76,8.4,22.6499984179158
77,8.4,21.1999985191972
78,8.4,21.3999985052273
79,8.4,22.2499984458555
80,8.4,22.2499984458555
