"Sweep (n)","Peak x (ms)","Peak y (mV)"
333,9.8,38.9999972758816
334,9.6,39.1999972619118
335,9.7,39.1999972619118
336,9.5,39.0999972688967
337,9.8,39.1499972654042
