"Sweep (n)","Peak x (ms)","Peak y (mV)"
375,8.1,46.0499967834448
376,8.1,46.5499967485202
377,8.1,46.5499967485202
378,8.1,46.6499967415353
379,8.1,46.4999967520127
