"Sweep (n)","Peak x (ms)","Peak y (mV)"
359,7.5,45.0999968498015
360,7.6,45.2999968358317
361,7.6,44.399996898696
362,7.4,46.3499967624901
363,7.3,46.3499967624901
