"Sweep (n)","Peak x (ms)","Peak y (mV)"
40,19.9,56.2499960709831
41,20,56.2499960709831
42,20,56.2499960709831
43,20,56.5499960500283
44,19.9,56.4499960570132
