"Sweep (n)","Peak x (ms)","Peak y (mV)"
56,19.8,56.2999960674906
57,19.8,56.3499960639982
58,19.8,56.0499960849529
59,19.8,56.2499960709831
60,19.8,55.9499960919378
