"Sweep (n)","Peak x (ms)","Peak y (mV)"
70,20.4,58.6999958998526
71,20.5,58.8499958893752
72,20.6,58.9499958823903
73,20.5,58.8999958858827
74,20.5,59.1499958684204
