"Sweep (n)","Peak x (ms)","Peak y (mV)"
82,20.7,56.3999960605057
83,20.9,56.4499960570132
84,20.8,56.2999960674906
85,20.7,56.5499960500283
86,20.7,56.5999960465359
