"Sweep (n)","Peak x (ms)","Peak y (mV)"
57,19.9,56.1999960744755
58,19.9,56.2499960709831
59,19.9,56.2999960674906
60,19.9,56.0499960849529
61,19.9,56.1999960744755
