"Sweep (n)","Peak x (ms)","Peak y (mV)"
6,20.7,53.2499962805306
7,20.7,52.9499963014854
8,20.7,53.1499962875156
9,20.8,52.9999962979929
10,20.7,53.0499962945005
