"Sweep (n)","Peak x (ms)","Peak y (mV)"
44,20,56.4499960570132
45,20,56.9999960185962
46,20,56.8999960255811
47,20,56.7499960360585
48,20.2,57.8499959592244
