"Sweep (n)","Peak x (ms)","Peak y (mV)"
38,20.3,81.6499942968136
39,20.3,81.7999942863363
40,20.3,81.3499943177684
41,20.2,81.2999943212609
42,20.2,81.6499942968136
