"Sweep (n)","Peak x (ms)","Peak y (mV)"
16,19.8,44.1499969161583
17,19.9,45.2499968393242
18,19.9,45.3999968288468
19,19.9,44.6499968812337
20,19.8,44.2499969091734
