"Sweep (n)","Peak x (ms)","Peak y (mV)"
39,21.1,52.44999633641
40,21,52.4999963329175
41,21,52.6999963189477
42,21.1,52.6999963189477
43,21,52.5999963259326
