"Sweep (n)","dV/dt max x (ms)","dV/dt max y (V/s)"
65,11.9,302.499978870621
66,11.9,300.999978975395
67,12,299.999979045244
68,11.9,296.999979254792
69,11.9,290.999979673887
