"Sweep (n)","dV/dt max x (ms)","dV/dt max y (V/s)"
175,13.1,345.999975832182
176,13.1,345.999975832182
177,13.5,322.999977438713
178,13.2,343.999975971886
179,13,340.999976181421
