"Sweep (n)","dV/dt max x (ms)","dV/dt max y (V/s)"
29,12.1,266.999981350263
30,12.3,279.999980442228
31,12.2,289.499979778661
32,11.9,274.999980791474
33,12,261.999981699513
