"Sweep (n)","Ediast (mV)"
91,-71.0024950405329
92,-70.8724950496133
93,-71.009995040009
94,-71.1199950323256
95,-71.294995020102
