"Sweep (n)","Ediast (mV)"
34,-73.2649948824991
35,-73.2749948818006
36,-73.3424948770858
37,-73.4074948725456
38,-73.4324948707994
