"Sweep (n)","Ediast (mV)"
89,-72.4299949408232
90,-72.4324949406486
91,-72.4374949402993
92,-72.4499949394262
93,-72.4249949411724
