"Sweep (n)","Ediast (mV)"
30,-72.7874949158521
31,-72.8074949144551
32,-72.8124949141059
33,-72.8249949132328
34,-72.8099949142805
