"Sweep (n)","Ediast (mV)"
82,-76.1874946783649
83,-76.1974946776664
84,-76.1849946785395
85,-76.1648384299474
86,-76.1649946799365
