"Sweep (n)","Ediast (mV)"
39,-74.5224947946637
40,-74.5599947920444
41,-74.6324947869803
42,-74.6924947827894
43,-74.8099947745821
