"Sweep (n)","Ediast (mV)"
32,-84.0174941314457
33,-84.2899941124118
34,-84.2799941131103
35,-84.0824941269055
36,-84.0049941323188
