"Sweep (n)","Ediast (mV)"
70,-72.6449949258056
71,-72.7874949158521
72,-72.8774949095657
73,-72.952494904327
74,-72.9073386574811
