"Sweep (n)","Ediast (mV)"
64,-75.3999947333711
65,-75.5799947207982
66,-75.432494731101
67,-75.452494729704
68,-75.5524947227191
