"Sweep (n)","Ediast (mV)"
93,-78.9099944882004
94,-78.7724944978047
95,-78.6374945072343
96,-78.4424945208549
97,-78.2549945339516
