"Sweep (n)","Ediast (mV)"
53,-72.5749949306951
54,-72.534994933489
55,-72.5449949327905
56,-72.5199949345368
57,-72.5249949341875
