"Sweep (n)","Ediast (mV)"
48,-81.247494324928
49,-81.2799943226579
50,-81.3149943202131
51,-81.3324943189908
52,-81.3374943186415
