"Sweep (n)","Ediast (mV)"
83,-77.9199945573511
84,-77.9199945573511
85,-77.9924945522871
86,-78.0574945477469
87,-78.0224945501916
