"Sweep (n)","Ediast (mV)"
60,-82.1224942638099
61,-82.1874942592697
62,-82.2099942576981
63,-82.222494256825
64,-82.2099942576981
