"Sweep (n)","Ediast (mV)"
66,-74.1974948173647
67,-74.1424948212064
68,-74.1624948198095
69,-74.1424948212064
70,-74.0924948246989
