"Sweep (n)","Ediast (mV)"
66,-68.9624951830253
67,-68.9599951831999
68,-68.9424951844222
69,-68.9624951830253
70,-68.9774951819775
