"Sweep (n)","Ediast (mV)"
70,-82.7974942166617
71,-82.719994222075
72,-82.719994222075
73,-82.792494217011
74,-82.7824942177094
