"Sweep (n)","Ediast (mV)"
31,-75.5624947220206
32,-75.7424947094477
33,-75.849994701939
34,-75.8974946986211
35,-75.8999946984465
