"Sweep (n)","Ediast (mV)"
79,-71.4149950117201
80,-71.4299950106724
81,-71.4224950111962
82,-71.5099950050844
83,-71.6149949977503
