"Sweep (n)","Ediast (mV)"
48,-73.509838615397
49,-73.4774948676562
50,-73.3499948765619
51,-73.3249948783082
52,-73.2049948866901
