"Sweep (n)","dV/dt max x (ms)","dV/dt max y (V/s)"
99,10.1,136.999990430659
100,9.9,132.999990710058
101,10.4,134.499990605282
102,10,131.999990779907
103,10.5,127.499991094231
