"Sweep (n)","dV/dt max x (ms)","dV/dt max y (V/s)"
492,7.4,232.499983760062
493,7.6,231.999983794991
494,7.1,233.499983690213
495,7.4,226.499984179157
496,7.3,223.499984388709
