"Sweep (n)","Ediast (mV)"
18,-75.6178300593308
19,-75.6330888487344
20,-75.5914323536627
21,-75.57129075165
22,-75.5743425095307
