"Sweep (n)","Ediast (mV)"
80,-74.3498246598949
81,-74.3168656747833
82,-74.3190019052998
83,-74.3399064467826
84,-74.3708817892719
