"Sweep (n)","Ediast (mV)"
10,-76.034242422154
11,-75.9198015016273
12,-75.7316606282814
13,-75.6745927559121
14,-75.7618730313004
