"Sweep (n)","Ediast (mV)"
15,-75.6234758114101
16,-75.6062333793841
17,-75.6051652641259
18,-75.6091325493708
19,-75.5960099904837
