"Sweep (n)","Ediast (mV)"
66,-72.7275101705084
67,-72.7446000146404
68,-72.7853409823479
69,-72.7888505039107
70,-72.8025834143739
