"Sweep (n)","Ediast (mV)"
124,-73.0407731169635
125,-73.0084244834279
126,-73.0062882529114
127,-72.9859940630047
128,-72.995759688223
