"Sweep (n)","Ediast (mV)"
144,-76.2225358833939
145,-76.2379472606915
146,-76.2414567822543
147,-76.2252824654866
148,-76.1990373477124
