"Sweep (n)","Ediast (mV)"
86,-73.1576554437948
87,-73.1640641353443
88,-73.1495682854109
89,-73.1250016344711
90,-73.1246964586831
