"Sweep (n)","Ediast (mV)"
16,-67.3153701569595
17,-67.3410049231575
18,-67.3652663983092
19,-67.4542251405319
20,-67.4565139589425
