"Sweep (n)","Ediast (mV)"
119,-59.2108167531524
120,-59.2538465392704
121,-59.2745984928593
122,-59.2602552308199
123,-59.256440533469
