"Sweep (n)","APA (mV)"
117,100.929992950121
118,100.149993004604
119,99.5999930430207
120,99.6999930360358
121,99.6999930360358
