"Sweep (n)","APA (mV)"
169,128.474991026125
170,128.114991051271
171,127.134991119723
172,126.554991160236
173,126.834991140678
