"Sweep (n)","APA (mV)"
156,129.134990980025
157,129.069990984565
158,129.464990956975
159,129.444990958372
160,129.179990976882
