"Sweep (n)","APA (mV)"
147,133.324990687357
148,133.564990670593
149,133.734990658719
150,133.724990659417
151,133.67999066256
