"Sweep (n)","APA (mV)"
168,99.4299930548951
169,99.5749930447669
170,99.104993077596
171,98.7946805992711
172,98.3099931331262
