"Sweep (n)","APA (mV)"
117,139.024990289216
118,138.989990291661
119,138.84999030144
120,139.169990279088
121,138.829990302837
