"Sweep (n)","APA (mV)"
89,129.424990959769
90,129.504990954181
91,129.429990959419
92,129.479990955927
93,129.149990978977
