"Sweep (n)","APA (mV)"
65,140.524990184443
66,140.899990158249
67,140.914990157201
68,141.229990135199
69,141.919990087003
