"Sweep (n)","APA (mV)"
82,130.904990856392
83,130.964990852201
84,130.6299908756
85,130.834990861281
86,130.854990859884
