"Sweep (n)","APA (mV)"
163,103.319992783182
164,103.429992775498
165,103.739992753845
166,103.30999278388
167,102.97999280693
