"Sweep (n)","APA (mV)"
175,137.704990381417
176,137.52499039399
177,137.929990365701
178,137.934990365352
179,138.239990344048
