"Sweep (n)","APA (mV)"
27,138.264990342302
28,138.019990359415
29,138.169990348937
30,137.994990361161
31,137.979990362209
