"Sweep (n)","APA (mV)"
105,140.949990154757
106,140.96999015336
107,141.03499014882
108,140.929990156154
109,140.96999015336
