"Sweep (n)","APA (mV)"
176,122.809991421821
177,122.569991438585
178,122.13999146862
179,122.149991467921
180,122.614991435442
