"Sweep (n)","APA (mV)"
153,130.814990862678
154,131.084990843819
155,130.954990852899
156,131.134990840327
157,130.529990882585
