"Sweep (n)","APA (mV)"
141,125.949991202495
142,125.939991203193
143,126.214991183985
144,126.344991174904
145,126.329991175952
