"Sweep (n)","APA (mV)"
73,119.944991621939
74,119.789991632766
75,120.41499158911
76,120.079991612509
77,120.699991569203
