"Sweep (n)","APA (mV)"
23,128.634991014949
24,128.929990994344
25,128.009991058605
26,129.164990977929
27,128.729991008314
