"Sweep (n)","APA (mV)"
73,129.039990986661
74,128.849990999932
75,128.804991003075
76,129.064990984914
77,128.954990992598
