"Sweep (n)","APA (mV)"
10,109.542841476682
11,109.056696480241
12,109.166254580506
13,109.859613922573
14,108.348078349836
