"Sweep (n)","APA (mV)"
23,110.434259891373
24,110.452265261611
25,110.296625620566
26,110.948481058355
27,110.292353159832
