"Sweep (n)","APA (mV)"
11,112.201837932417
12,111.746210512652
13,110.101923481377
14,111.596064035409
15,110.297541147867
