"Sweep (n)","APA (mV)"
16,110.883783795803
17,111.444391679332
18,110.393366338628
19,110.274347789593
20,111.532892651691
