"Sweep (n)","APA (mV)"
22,108.554071992396
23,108.654474819658
24,108.268122298946
25,109.355463555894
26,107.927240967481
