"Sweep (n)","APA (mV)"
17,113.986810992167
18,114.175714791788
19,113.509210917196
20,113.815607387017
21,114.025263138778
