"Sweep (n)","APA (mV)"
26,124.530328557783
27,124.758294855549
28,125.240167391255
29,125.715326060092
30,126.027826045249
