"Sweep (n)","APA (mV)"
37,112.058710497809
38,110.827021103186
39,111.146845306746
40,111.587213938173
41,111.079401462293
