"Sweep (n)","APA (mV)"
26,108.810114460703
27,110.959162210191
28,108.42009983079
29,108.064875238288
30,107.829279546353
