"Sweep (n)","APA (mV)"
10,120.24505044101
11,120.813898070242
12,120.325616843434
13,121.08397862382
14,120.979913687356
