"Sweep (n)","APA (mV)"
11,122.441400434346
12,122.670587435178
13,121.158136335141
14,120.741266237754
15,120.734552370885
