"Sweep (n)","APA (mV)"
2,121.377557711438
3,118.801874240026
4,117.207636034499
5,122.647088901138
6,120.294183739458
