"Sweep (n)","APA (mV)"
18,105.607905140144
19,108.629450406784
20,110.560907834576
21,107.93395483435
22,107.897638918106
