"Sweep (n)","APA (mV)"
5,84.4497640552577
6,82.5695761562806
7,81.496883336137
8,79.5751915328812
9,84.6221883634742
