"Sweep (n)","APA (mV)"
5,117.766412863427
6,119.176019730068
7,118.479608630333
8,119.54162029864
9,116.414179040936
