"Sweep (n)","APA (mV)"
30,116.619562331962
31,120.215143215868
32,120.215448391635
33,122.025445864259
34,115.735773311439
