"Sweep (n)","APA (mV)"
8,123.637994615792
9,124.00115377823
10,124.4723451621
11,122.641900913104
12,123.222955573005
