"Sweep (n)","APA (mV)"
21,119.733575855929
22,115.162348045707
23,119.603570979291
24,117.247308884177
25,119.261163768992
