"Sweep (n)","APA (mV)"
19,110.774225695538
20,109.071039741279
21,112.155146040104
22,115.777277215718
23,115.090326564753
