"Sweep (n)","APA (mV)"
1,114.466852473272
2,117.948907971946
3,117.564081330068
4,114.306330019959
5,98.8290358332164
