"Sweep (n)","APA (mV)"
13,113.276361807162
14,110.714716421021
15,112.619928732872
16,112.239679727495
17,112.832331066533
