"Sweep (n)","APA (mV)"
54,123.868097143925
55,123.929132297276
56,123.368829589514
57,122.741083037299
58,123.269037113785
