"Sweep (n)","APA (mV)"
18,117.244257126509
19,116.535638996104
20,117.223810350137
21,117.853387956952
22,118.1356755412
