"Sweep (n)","APA (mV)"
49,123.784784159601
50,124.795526299093
51,125.005182050854
52,124.570611758995
53,125.418084863273
