"Sweep (n)","APA (mV)"
9,115.795587761723
10,114.515680595953
11,116.062616557634
12,115.533441778081
13,114.212641059566
