"Sweep (n)","APA (mV)"
2,115.267023333704
3,117.679132594135
4,113.562616676378
5,114.753412518255
6,115.38115907047
