"Sweep (n)","APA (mV)"
3,114.892267492129
4,114.17083197952
5,114.73418644495
6,113.080744140672
7,111.145624603679
