"Sweep (n)","Negative dV/dt max x (ms)","Negative dV/dt max y (V/s)"
51,20.3,-15.9999988824133
52,20.3,-16.9999988125642
53,20.2,-15.9999988824134
54,20.3,-16.4999988474888
55,20.2,-16.4999988474888
56,20.2,-16.9999988125642
57,20.3,-16.9999988125642
58,20.3,-16.9999988125641
59,20.3,-17.4999987776396
60,20.2,-16.9999988125642
