"Sweep (n)","Ediast (mV)"
168,-73.9299948360494
169,-73.9249948363986
170,-73.8049948447805
171,-73.7946823455009
172,-73.8099948444313
