"Sweep (n)","Ediast (mV)"
163,-76.5699946516475
164,-76.6299946474566
165,-76.6399946467581
166,-76.6099946488536
167,-76.4299946614264
