"Sweep (n)","Ediast (mV)"
169,-73.8249948433836
170,-73.714994851067
171,-73.3849948741172
172,-73.1549948901825
173,-73.2349948845946
