"Sweep (n)","Ediast (mV)"
117,-77.9299945566526
118,-77.5499945831953
119,-77.3999945936727
120,-77.699994572718
121,-77.5999945797029
