"Sweep (n)","Ediast (mV)"
82,-78.0549945479215
83,-78.064994547223
84,-78.0299945496677
85,-77.9849945528109
86,-78.0049945514139
