"Sweep (n)","Ediast (mV)"
29,-71.274995021499
30,-72.839994912185
31,-73.2049948866901
32,-71.1249950319764
33,-71.2999950197528
