"Sweep (n)","Ediast (mV)"
175,-79.4549944501326
176,-79.3749944557206
177,-79.5799944414015
178,-79.4349944515296
179,-79.3899944546728
