"Sweep (n)","Ediast (mV)"
147,-75.1749947490872
148,-75.3649947358158
149,-75.4349947309264
150,-75.4249947316249
151,-75.3299947382605
