"Sweep (n)","Ediast (mV)"
117,-75.6749947141626
118,-75.7399947096224
119,-75.7999947054314
120,-75.7699947075269
121,-75.7799947068284
