"Sweep (n)","Ediast (mV)"
27,-76.4649946589817
28,-76.4699946586325
29,-76.3199946691098
30,-76.4449946603787
31,-76.4299946614264
