"Sweep (n)","Ediast (mV)"
123,-69.8499951210341
124,-69.8199951231296
125,-69.8099951238281
126,-69.8599951203356
127,-69.8999951175416
