"Sweep (n)","Ediast (mV)"
141,-81.4499943107835
142,-81.4899943079895
143,-81.5649943027508
144,-81.6949942936704
145,-81.5799943017031
