"Sweep (n)","Ediast (mV)"
23,-75.4849947274339
24,-75.4799947277832
25,-75.25999474315
26,-75.564994721846
27,-75.5299947242907
