"Sweep (n)","Ediast (mV)"
153,-64.8149954727248
154,-64.7349954783127
155,-64.7549954769157
156,-64.7349954783127
157,-64.7299954786619
