"Sweep (n)","Ediast (mV)"
93,-82.5899942311554
94,-82.6249942287107
95,-82.6199942290599
96,-82.5649942329016
97,-82.659994226266
