"Sweep (n)","Ediast (mV)"
73,-70.4949950759814
74,-70.339995086808
75,-70.7149950606146
76,-70.4799950770291
77,-70.5499950721397
