"Sweep (n)","Ediast (mV)"
73,-80.6399943673613
74,-80.5999943701553
75,-80.6549943663136
76,-80.7149943621227
77,-80.7049943628211
