"Sweep (n)","Ediast (mV)"
176,-80.5099943764417
177,-80.4699943792357
178,-80.4399943813312
179,-80.199994398095
180,-80.5149943760925
