"Sweep (n)","Ediast (mV)"
151,-76.7949946359315
152,-78.2599945336024
153,-77.5299945845923
154,-76.9249946268511
155,-76.3299946684113
