"Sweep (n)","Ediast (mV)"
105,-73.449994869577
106,-73.3699948751649
107,-73.4849948671323
108,-73.4799948674815
109,-73.46999486818
