"Sweep (n)","Ediast (mV)"
114,-73.5952723833184
115,-73.2357753300811
116,-73.3602870429171
117,-73.5510218971389
118,-73.4698451431821
