"Sweep (n)","Ediast (mV)"
35,-61.0009736651092
36,-61.186825707063
37,-60.845639199831
38,-60.4132051383392
39,-61.0131806957794
