"Sweep (n)","Ediast (mV)"
87,-62.1404999781721
88,-60.2307100298198
89,-61.0842866494333
90,-60.3945894165672
91,-59.8818941284189
