"Sweep (n)","Ediast (mV)"
149,-74.5336878660898
150,-74.7457850239845
151,-75.0238001474982
152,-74.3881190253477
153,-74.7384608055823
