"Sweep (n)","Ediast (mV)"
129,-78.4301720560167
130,-78.6172448010375
131,-78.1228600588945
132,-77.9672204178495
133,-78.7658653994471
