"Sweep (n)","Ediast (mV)"
141,-53.2977269606813
142,-52.9479955319802
143,-51.9577001688604
144,-52.4346898922984
145,-50.35430669033
