"Sweep (n)","Ediast (mV)"
101,-52.3211645070655
102,-48.3212257322087
103,-50.6365942745783
104,-47.9296852234621
105,-48.9205909381154
