"Sweep (n)","Ediast (mV)"
88,-54.2422459587878
89,-53.047788007709
90,-52.3162816947975
91,-52.6220678130859
92,-52.4169896978266
