"Sweep (n)","Ediast (mV)"
73,-59.3530245246326
74,-59.2034883989227
75,-58.8705416373931
76,-58.1076022205057
77,-58.5226412632924
