"Sweep (n)","Ediast (mV)"
419,-77.0803796396597
420,-76.2420618083839
421,-77.1435510233779
422,-76.1392175749875
423,-76.5698205818787
