"Sweep (n)","Ediast (mV)"
128,-69.8120084028575
129,-70.9381069821832
130,-71.4233364513236
131,-70.9790005349284
132,-66.3107268308782
