"Sweep (n)","Ediast (mV)"
247,-72.3257411936179
248,-71.6137661297786
249,-71.4938320534439
250,-73.1912196681349
251,-71.5234341028192
