"Sweep (n)","Ediast (mV)"
14,-78.7383995804392
15,-78.0429040080047
16,-78.4475670747217
17,-76.6982995796825
18,-77.503353252382
