"Sweep (n)","Ediast (mV)"
125,-75.2603113667333
126,-74.1097987260672
127,-75.286861658441
128,-73.9230311568132
129,-75.3567469090278
