"Sweep (n)","Ediast (mV)"
152,-69.6322598762389
153,-69.7726407289461
154,-69.807735942123
155,-70.0772061441676
156,-69.5816006989576
