"Sweep (n)","Ediast (mV)"
42,-68.4518400104308
43,-68.4472623739295
44,-68.4344449917258
45,-68.1884733237213
46,-67.841488476921
