"Sweep (n)","Ediast (mV)"
287,-67.3477140863115
288,-66.3513152078566
289,-66.3516203836234
290,-67.0477263075914
291,-67.2640959262206
