"Sweep (n)","Ediast (mV)"
3,-69.160152965069
4,-60.7855195737802
5,-66.6278044525366
6,-56.7864963262237
7,-68.5284391278863
