"Sweep (n)","Ediast (mV)"
108,-61.0638398730607
109,-62.0092743984675
110,-61.6610688486001
111,-62.5387543537873
112,-62.2509736057374
