"Sweep (n)","Ediast (mV)"
236,-77.0568811056195
237,-76.5908777097848
238,-75.7266199383348
239,-76.1135828105801
240,-76.0418665053926
