"Sweep (n)","Ediast (mV)"
117,-76.4935266401899
118,-76.6070520254228
119,-76.0852014642718
120,-75.4745447549952
121,-75.2084314863849
