"Sweep (n)","Ediast (mV)"
89,-70.5816616866135
90,-65.3744475784741
91,-69.9874844687416
92,-65.4595916173987
93,-70.5090298541258
