"Sweep (n)","Ediast (mV)"
50,-62.8567475027459
51,-62.4911469341735
52,-61.9546479362184
53,-62.2720307336435
54,-62.4273651989218
