"Sweep (n)","Peak x (ms)","Peak y (mV)"
5,38.8,56.8328870125015
6,38.6,56.8054211915751
7,38.4,56.7565930654837
8,38.6,56.8084729494558
9,38.6,56.8145764652172
