"Sweep (n)","Peak x (ms)","Peak y (mV)"
3,37.2,60.8612074150415
4,37.2,60.8154310468308
5,37,60.7666029207394
6,36.8,60.8154310468308
7,36.4,60.7147230367673
