"Sweep (n)","Peak x (ms)","Peak y (mV)"
3,36.6,58.7158216249009
4,36.6,58.4899915417282
5,36.6,58.4838880259668
6,36.2,58.3160413425276
7,36.2,58.2244886061062
