"Sweep (n)","Peak x (ms)","Peak y (mV)"
51,35,70.6909195488152
52,34.8,70.7305924012644
53,34.8,70.8587662322543
54,34.8,70.9289566635107
55,34.8,70.9228531477493
