"Sweep (n)","Peak x (ms)","Peak y (mV)"
28,34.2,68.4600845380146
29,34.2,68.4417739907304
30,34.2,68.7377945051594
31,34.2,68.6187759478117
32,34.2,68.5821548532431
