"Sweep (n)","Peak x (ms)","Peak y (mV)"
22,35,67.5933852998924
23,35,67.5994888156538
24,35,67.6177993629381
25,35,67.6177993629381
26,35,67.6391616681031
