"Sweep (n)","Peak x (ms)","Peak y (mV)"
7,35.48,60.119626050721
8,35.7,60.119626050721
9,35.24,58.8989229837013
10,35.2,59.2040987504562
11,35.24,59.5092745172111
