"Sweep (n)","Peak x (ms)","Peak y (mV)"
18,0.16,52.7954076486027
19,0.08,51.269528814828
20,0.08,50.6591772813182
21,0.84,50.6591772813182
22,1.4,50.3540015145633
