"Sweep (n)","Peak x (ms)","Peak y (mV)"
53,36,41.5649423352989
54,36,41.4733895988775
55,36,41.4520272937125
56,36,41.3665780730526
57,36,41.3360604942454
