"Sweep (n)","Peak x (ms)","Peak y (mV)"
14,35.2,53.149415250482
15,35.2,53.1311047031977
16,35,53.1311047031977
17,35.2,53.1311047031977
18,35,53.1158459137942
