"Sweep (n)","Peak x (ms)","Peak y (mV)"
38,35.2,50.350953273869
39,35.2,50.350953273869
40,35.2,50.2746593268512
41,35.2,50.2502452638055
42,35.2,50.213624169237
