"Sweep (n)","Peak x (ms)","Peak y (mV)"
50,35.4,58.3129895846469
51,35.2,58.2397473955098
52,35.6,58.1451429012077
53,35.2,58.1604016906113
54,35.2,58.1115735645199
