"Sweep (n)","Peak x (ms)","Peak y (mV)"
3,36.2,55.0537121680464
4,36.2,55.0384533786428
5,36.2,54.98352173679
6,36.2,54.962159431625
7,36.2,54.9255383370565
