"Sweep (n)","Peak x (ms)","Peak y (mV)"
52,35,46.3531504501362
53,35,46.2860117767605
54,35,46.3317881449712
55,35.2,46.2310801349077
56,35.2,46.2585459558341
