"Sweep (n)","Peak x (ms)","Peak y (mV)"
28,34.8,54.5562756334903
29,34.8,54.5776379386553
30,34.8,54.5867932122974
31,34.8,54.5898449701781
32,34.8,54.5562756334903
