"Sweep (n)","Peak x (ms)","Peak y (mV)"
59,35.2,55.4229748716125
60,35.4,55.300904556384
61,35.4,55.3588879561176
62,35.4,55.3070080721455
63,35.4,55.2825940090998
