"Sweep (n)","Peak x (ms)","Peak y (mV)"
34,35.6,58.6944593197359
35,35.6,58.6456311936445
36,35.6,58.6181653727181
37,35.6,58.5113538468932
38,35.6,58.5174573626546
