"Sweep (n)","Peak x (ms)","Peak y (mV)"
20,35.6,60.4461683432646
21,35.8,60.4156507644575
22,35.8,60.3851331856504
23,35.8,60.400391975054
24,35.8,60.4309095538611
