"Sweep (n)","Peak x (ms)","Peak y (mV)"
50,35.4,54.6813977065995
51,35.4,54.6661389171959
52,35.4,54.6478283699117
53,35.4,54.7210705590487
54,35.4,54.6325695805081
