"Sweep (n)","Peak x (ms)","Peak y (mV)"
43,35.4,54.5898449701781
44,35.4,54.5074475073989
45,35.4,54.623414306866
46,35.4,54.516602781041
47,35.4,54.5623791492517
