"Sweep (n)","Peak x (ms)","Peak y (mV)"
61,36,51.2451183329177
62,36,51.2664806380826
63,36,51.1901866910648
64,35.8,51.199341964707
65,35.8,51.2390148171562
