"Sweep (n)","Peak x (ms)","Peak y (mV)"
77,35.4,54.4738743657548
78,35.2,54.4433567890793
79,35.2,54.5043919424303
80,35.2,54.6874974024833
81,35.4,54.7180149791588
