"Sweep (n)","Peak x (ms)","Peak y (mV)"
28,35,54.1503918353556
29,35,54.2419445717769
30,35.2,54.1229260144292
31,35.2,54.2785656663455
32,35.2,54.199219961447
