"Sweep (n)","Peak x (ms)","Peak y (mV)"
19,36,53.6315929956345
20,35.8,53.6468517850381
21,35.8,53.710938700533
22,36,53.530884985571
23,35.8,53.5583508064974
