"Sweep (n)","Peak x (ms)","Peak y (mV)"
11,34.4,58.1970187201649
12,34.4,58.2275362968404
13,34.4,58.2580538735159
14,34.4,58.2580538735159
15,34.4,58.5632296402709
