"Sweep (n)","Negative dV/dt max x (ms)","Negative dV/dt max y (V/s)"
142,12.1,-73.4999948660836
143,12.2,-72.499994935934
144,12.1,-71.4999950057819
145,12.1,-70.4999950756311
146,12.1,-69.9999951105558
