"Sweep (n)","dV/dt max x (ms)","dV/dt max y (V/s)"
7,94,82.3974570238308
8,93.5,78.1249962892618
9,94,66.5283171525745
10,94,92.1630815599885
11,93.5,100.097651495617
