"Sweep (n)","dV/dt max x (ms)","dV/dt max y (V/s)"
5,94.5,87.8906208254195
6,94.5,106.811518364225
7,93,95.2148392275378
8,93,104.370112230186
9,94.5,92.7734330934984
