"Sweep (n)","dV/dt max x (ms)","dV/dt max y (V/s)"
2,93.5,93.3837846270082
3,93.5,100.708003029127
4,94,103.759760696676
5,94,85.4492146913801
6,94,97.6562453615772
