"Sweep (n)","dV/dt max x (ms)","dV/dt max y (V/s)"
5,88,84.2285116243628
6,88,87.2802692919121
7,88,89.1113238924418
8,88,81.1767539568134
9,88,83.007808557343
