"Sweep (n)","Negative dV/dt max x (ms)","Negative dV/dt max y (V/s)"
79,21,-98.9999930849323
80,21,-98.9999930849323
81,20.9,-97.9999931547814
82,21,-97.4999931897061
83,21,-98.4999931198569
