"Sweep (n)","APA (mV)"
407,131.767490796147
408,131.999990779907
409,131.507490814308
410,131.817490792654
411,131.784990794925
