"Sweep (n)","APA (mV)"
233,150.109989514938
234,150.097489515811
235,149.842489533623
236,150.212489507779
237,150.28748950254
