"Sweep (n)","APA (mV)"
475,133.694990661513
476,133.502490674959
477,133.424990680372
478,133.587490669021
479,133.482490676356
