"Sweep (n)","APA (mV)"
9,145.562489832577
10,145.554989833101
11,145.354989847071
12,145.489989837641
13,145.267489853183
