"Sweep (n)","APA (mV)"
487,144.342489917793
488,143.744989959528
489,144.314989919714
490,144.299989920762
491,144.784989886885
