"Sweep (n)","APA (mV)"
463,138.629990316807
464,139.219990275596
465,139.242490274024
466,139.372490264944
467,139.099990283978
