"Sweep (n)","APA (mV)"
371,140.702490172044
372,141.339990127516
373,141.612490108482
374,141.174990139041
375,141.017490150042
