"Sweep (n)","APA (mV)"
419,123.217491393357
420,124.324991315999
421,125.209991254183
422,125.012491267978
423,123.934991343241
