"Sweep (n)","APA (mV)"
184,127.437491098594
185,127.959991062098
186,128.049991055811
187,127.834991070829
188,127.862491068908
