"Sweep (n)","APA (mV)"
390,121.172491536199
391,120.97749154982
392,121.099991541263
393,121.012491547375
394,120.872491557154
