"Sweep (n)","APA (mV)"
490,139.377490264595
491,139.919990226701
492,139.899990228098
493,139.727490240147
494,139.884990229146
