"Sweep (n)","APA (mV)"
78,143.027490009645
79,142.209990066747
80,142.939990015757
81,142.882490019773
82,143.099990004581
