"Sweep (n)","APA (mV)"
159,129.722490938988
160,129.852490929908
161,129.53249095226
162,129.614990946497
163,129.297490968674
