"Sweep (n)","APA (mV)"
135,131.957490782876
136,131.639990805053
137,131.829990791781
138,131.919990785495
139,131.897490787066
