"Sweep (n)","APA (mV)"
448,132.784990725075
449,132.78249072525
450,132.144990769779
451,132.132490770652
452,132.744990727869
