"Sweep (n)","APA (mV)"
202,120.687491570076
203,120.51749158195
204,120.602491576013
205,120.609991575489
206,120.567491578458
