"Sweep (n)","APA (mV)"
19,125.847491209654
20,125.912491205114
21,125.787491213845
22,125.667491222227
23,125.694991220306
