"Sweep (n)","Peak x (ms)","Peak y (mV)"
107,7.4,57.8765882077051
108,7,58.0230725859792
109,7,57.9101575443929
110,7.4,57.8796399655858
111,7.4,57.8216565658522
