"Sweep (n)","Peak x (ms)","Peak y (mV)"
63,6.8,31.8267829379465
64,6.8,31.5917975811317
65,6.8,31.6711432860302
66,6.8,31.790161843378
67,6.8,31.832886453708
