"Sweep (n)","Peak x (ms)","Peak y (mV)"
49,7,62.4176039342047
50,7,62.7349867537987
51,7,63.5101332554996
52,7,62.7471937853216
53,7,61.9354261890522
