"Sweep (n)","Peak x (ms)","Peak y (mV)"
158,7.4,53.8726818682108
159,7.2,53.8574230788072
160,7.2,53.8635265945686
161,7.2,53.8574230788072
162,7.4,53.8818371418529
