"Sweep (n)","Peak x (ms)","Peak y (mV)"
93,6.8,69.0368667774692
94,6.8,69.1528335769363
95,6.8,69.0460220511114
96,6.8,69.0826431456799
97,6.8,68.9697281040935
