"Sweep (n)","Peak x (ms)","Peak y (mV)"
201,7.4,60.4675306484296
202,7.4,60.4522718590261
203,7.4,60.4644788905489
204,7.4,60.4125990065768
205,7.4,60.4187025223382
