"Sweep (n)","Peak x (ms)","Peak y (mV)"
116,7.4,63.6871352125809
117,7.4,63.6901869704616
118,7.4,63.6535658758931
119,7.4,63.6352553286088
120,7.4,63.6261000549667
