"Sweep (n)","Ediast (mV)"
292,-76.0474946881437
293,-76.0674946867468
294,-76.062494687096
295,-76.0649946869214
296,-75.9374946958272
