"Sweep (n)","Ediast (mV)"
704,-74.9449947651525
705,-74.9324947660256
706,-74.8474947719628
707,-74.7299947801701
708,-74.6824947834879
