"Sweep (n)","Ediast (mV)"
437,-77.3249945989114
438,-77.3124945997845
439,-77.3074946001338
440,-76.6624946451865
441,-76.1924946780156
