"Sweep (n)","Ediast (mV)"
156,-70.3099950889035
157,-70.3549950857603
158,-70.3499950861095
159,-70.3299950875065
160,-70.3649950850618
