"Sweep (n)","Ediast (mV)"
890,-75.9474946951287
891,-75.9449946953033
892,-75.9949946918108
893,-75.9549946946048
894,-75.9174946972241
