"Sweep (n)","Ediast (mV)"
654,-71.4373387601594
655,-71.4224950111962
656,-71.4524950091008
657,-71.579995000195
658,-71.5824950000204
