"Sweep (n)","Ediast (mV)"
884,-75.1999947473409
885,-75.2549947434992
886,-75.2949947407053
887,-75.2899947410545
888,-75.3149947393083
