"Sweep (n)","Ediast (mV)"
712,-75.7624947080508
713,-75.8149947043837
714,-75.9899946921601
715,-76.0099946907631
716,-75.9549946946048
