"Sweep (n)","Ediast (mV)"
360,-62.9874956003742
361,-63.0599955953101
362,-63.1399955897222
363,-63.1149955914684
364,-63.2924955790702
