"Sweep (n)","Ediast (mV)"
756,-85.2049940484998
757,-85.1924940493729
758,-85.1899940495475
759,-85.2274940469282
760,-85.2274940469282
