"Sweep (n)","Ediast (mV)"
229,-80.9848380932743
230,-80.9674943444857
231,-80.942494346232
232,-80.9724943441365
233,-81.0149943411679
