"Sweep (n)","dV/dt max x (ms)","dV/dt max y (V/s)"
40,12.1,133.999990640207
41,12,134.99999057036
42,12,136.499990465586
43,12,136.499990465586
44,12.1,132.999990710056
