"Sweep (n)","dV/dt max x (ms)","dV/dt max y (V/s)"
70,12.1,331.499976844989
71,12.2,336.499976495749
72,12,317.999977787959
73,12.1,319.499977683179
74,12.1,329.499976984687
