"Sweep (n)","dV/dt max x (ms)","dV/dt max y (V/s)"
156,10.9,164.999988474884
157,11,153.999989243223
158,10.9,144.999989871868
159,11,148.499989627393
160,11.1,128.499991024382
