"Sweep (n)","Ediast (mV)"
77,-73.2049948866901
78,-73.2399948842453
79,-73.1749948887855
80,-73.1724948889602
81,-73.2199948856423
