"Sweep (n)","Ediast (mV)"
82,-78.0674945470484
83,-78.04499454862
84,-78.0124945508901
85,-77.9749945535094
86,-78.04499454862
