"Sweep (n)","Ediast (mV)"
40,-73.5099948653861
41,-73.5024948659099
42,-73.5224948645129
43,-73.5224948645129
44,-73.5249948643383
