"Sweep (n)","Ediast (mV)"
117,-77.7449945695747
118,-77.4649945891325
119,-77.5499945831953
120,-77.6449945765597
121,-77.4649945891325
