"Sweep (n)","Ediast (mV)"
156,-69.6749951332577
157,-69.6324951362263
158,-69.5799951398934
159,-69.5899951391949
160,-69.6449951353532
