"Sweep (n)","Ediast (mV)"
27,-76.4574946595056
28,-76.3849946645696
29,-76.3749946652681
30,-76.4449946603787
31,-76.407494662998
