"Sweep (n)","Ediast (mV)"
147,-75.2674947426261
148,-75.3849947344188
149,-75.4174947321487
150,-75.3849947344188
151,-75.2899947410545
