"Sweep (n)","Ediast (mV)"
86,-75.1949947476902
87,-75.1799947487379
88,-75.1574947503095
89,-75.1724947492618
90,-75.1774947489125
