"Sweep (n)","Ediast (mV)"
70,-77.322494599086
71,-77.4024945934981
72,-77.567494581973
73,-77.7149945716702
74,-77.7049945723687
