"Sweep (n)","Ediast (mV)"
123,-69.8399951217326
124,-69.7949951248758
125,-69.8399951217326
126,-69.8649951199864
127,-69.8799951189386
