"Sweep (n)","Ediast (mV)"
89,-77.2474946043247
90,-77.2924946011815
91,-77.2999946006576
92,-77.3149945996099
93,-77.3074946001338
