"Sweep (n)","Ediast (mV)"
83,-76.5923384000868
84,-76.6574946455357
85,-76.6774946441387
86,-76.672494644488
87,-76.5699946516475
