"Sweep (n)","Ediast (mV)"
65,-76.9598383744173
66,-76.9124946277242
67,-76.9249946268511
68,-76.9299946265018
69,-76.957494624581
