"Sweep (n)","Ediast (mV)"
153,-64.7824954749949
154,-64.7424954777888
155,-64.7474954774396
156,-64.7399954779634
157,-64.7574954767411
