"Sweep (n)","Ediast (mV)"
4,-80.6149943691076
5,-80.6174943689329
6,-80.5824943713777
7,-80.5424943741716
8,-80.504994376791
