"Sweep (n)","Ediast (mV)"
90,-79.3199944595623
91,-79.3574944569429
92,-79.344994457816
93,-79.3524944572922
94,-79.4099944532758
