"Sweep (n)","Ediast (mV)"
20,-75.5374947237668
21,-75.6924947129402
22,-75.6274947174804
23,-75.4974947265608
24,-75.3774947349427
