"Sweep (n)","Ediast (mV)"
79,-70.4899950763306
80,-70.4999950756321
81,-70.4974950758067
82,-70.5949950689965
83,-70.6299950665517
