"Sweep (n)","Ediast (mV)"
156,-77.1349946121828
157,-76.6374946469327
158,-76.7099946418686
159,-77.4099945929742
160,-77.342494597689
