"Sweep (n)","Peak x (ms)","Peak y (mV)"
613,5.8,47.9999966472389
614,5.8,48.2499966297766
615,5.8,48.3499966227917
616,5.9,48.0499966437464
617,5.8,47.9499966507314
