"Sweep (n)","Peak x (ms)","Peak y (mV)"
401,11.5,63.6499955540991
402,10.6,63.4999955645765
403,10.8,63.7499955471142
404,12.1,63.5999955575915
405,10.9,63.3999955715614
