"Sweep (n)","Peak x (ms)","Peak y (mV)"
659,6.8,59.5499958404807
660,6.8,59.7499958265109
661,6.8,59.8999958160335
662,6.8,59.3499958544506
663,6.8,59.9499958125411
