"Sweep (n)","Peak x (ms)","Peak y (mV)"
170,5.5,39.8999972130173
171,5.5,39.8999972130173
172,5.5,39.9999972060324
173,5.5,39.5499972374645
174,5.5,39.7999972200022
