"Sweep (n)","Peak x (ms)","Peak y (mV)"
156,5.2,46.0999967799523
157,5.2,45.9999967869373
158,5.2,46.3499967624901
159,5.2,46.2999967659825
160,5.2,46.1999967729674
