"Sweep (n)","Peak x (ms)","Peak y (mV)"
404,9.4,66.1499953794761
405,9.1,66.0999953829686
406,9.5,65.9499953934459
407,9.4,66.4499953585213
408,8.4,66.4499953585213
