"Sweep (n)","Peak x (ms)","Peak y (mV)"
225,6.8,62.349995644903
226,6.8,62.3999956414106
227,6.8,62.0999956623653
228,6.8,62.2999956483955
229,6.7,62.0999956623653
