"Sweep (n)","Peak x (ms)","Peak y (mV)"
375,8.2,46.899996724073
376,8.2,46.8499967275655
377,8.2,46.8499967275655
378,8,46.7499967345504
379,8,46.4999967520127
