"Sweep (n)","Peak x (ms)","Peak y (mV)"
524,6.6,44.2499969091734
525,6.6,44.6499968812337
526,6.7,44.6499968812337
527,6.6,44.399996898696
528,6.7,44.5499968882186
