"Sweep (n)","Peak x (ms)","Peak y (mV)"
470,6.3,55.7499961059077
471,6.4,56.1999960744755
472,6.4,55.8999960954303
473,6.3,55.7499961059077
474,6.4,56.0999960814605
