"Sweep (n)","Peak x (ms)","Peak y (mV)"
84,20.6,81.4499943107835
85,20.5,82.1999942583966
86,20.5,81.8999942793514
87,20.5,82.049994268874
88,20.5,81.1999943282458
