"Sweep (n)","Peak x (ms)","Peak y (mV)"
42,20.1,54.2499962106815
43,20.1,54.299996207189
44,20.1,54.8999961652795
45,20.1,54.4499961967116
46,20.1,55.2999961373398
