"Sweep (n)","Peak x (ms)","Peak y (mV)"
52,20.2,55.0499961548021
53,20.2,55.4499961268624
54,20.2,55.49999612337
55,20.3,55.4499961268624
56,20.2,55.2999961373398
