"Sweep (n)","Peak x (ms)","Peak y (mV)"
57,23,60.3499957846014
58,23,60.5499957706316
59,23.1,60.5499957706316
60,22.7,60.2999957880939
61,22.5,60.4499957776165
