"Sweep (n)","Peak x (ms)","Peak y (mV)"
96,19.9,56.8999960255811
97,19.9,56.6999960395509
98,19.9,56.8499960290736
99,19.9,56.6999960395509
100,19.9,56.8499960290736
