"Sweep (n)","Peak x (ms)","Peak y (mV)"
81,20.2,57.449995987164
82,20.3,57.5999959766867
83,20.2,57.3999959906565
84,20.3,57.6999959697017
85,20.3,57.5999959766867
