"Sweep (n)","Peak x (ms)","Peak y (mV)"
62,22.2,53.3999962700533
63,22.2,53.2999962770382
64,22.6,53.3999962700533
65,23,53.5499962595759
66,22,53.4499962665608
