"Sweep (n)","Peak x (ms)","Peak y (mV)"
78,21.4,52.3999963399025
79,21.9,52.2999963468874
80,21.9,52.3999963399025
81,21.9,52.44999633641
82,22,52.3999963399025
