"Sweep (n)","Peak x (ms)","Peak y (mV)"
44,20.2,49.1499965669123
45,20.2,49.0999965704048
46,20.2,49.1499965669123
47,20.1,48.9999965773897
48,20,49.0499965738972
