"Sweep (n)","Ediast (mV)"
49,-72.3649949453634
50,-72.3249949481574
51,-72.3299949478081
52,-72.3499949464111
53,-72.3149949488558
