"Sweep (n)","Ediast (mV)"
87,-76.174994679238
88,-76.1099946837782
89,-76.154994680635
90,-76.0449946883184
91,-76.1499946809842
