"Sweep (n)","Ediast (mV)"
50,-81.3099943205624
51,-81.3199943198639
52,-81.3449943181177
53,-81.3399943184669
54,-81.2699943233563
