"Sweep (n)","Ediast (mV)"
79,-71.3799950141648
80,-71.4549950089261
81,-71.3899950134663
82,-71.4449950096246
83,-71.6299949967025
