"Sweep (n)","Ediast (mV)"
87,-74.4499947997278
88,-74.4499947997278
89,-74.4649947986801
90,-74.4399948004263
91,-74.3749948049665
