"Sweep (n)","Ediast (mV)"
68,-72.6299949268533
69,-72.4149949418709
70,-72.6349949265041
71,-72.5799949303458
72,-72.5699949310443
