"Sweep (n)","Ediast (mV)"
38,-77.9949945521124
39,-78.1799945391903
40,-78.0999945447783
41,-78.1099945440798
42,-78.0699945468737
