"Sweep (n)","Ediast (mV)"
93,-74.4549947993786
94,-74.5949947895997
95,-74.3943698036132
96,-74.404994802871
97,-74.3999948032203
