"Sweep (n)","Ediast (mV)"
70,-72.5049949355845
71,-72.7849949160267
72,-72.7549949181222
73,-73.0049949006599
74,-72.8896824087144
