"Sweep (n)","Ediast (mV)"
83,-77.9199945573511
84,-77.9199945573511
85,-77.9199945573511
86,-78.084994545826
87,-78.0099945510647
