"Sweep (n)","Ediast (mV)"
5,-71.6949949921623
6,-71.6899949925116
7,-71.6749949935593
8,-71.7599949876222
9,-71.6849949928608
