"Sweep (n)","Ediast (mV)"
93,-82.5699942325524
94,-82.394994244776
95,-82.8749942112484
96,-82.944994206359
97,-82.8999942095022
