"Sweep (n)","Ediast (mV)"
79,-73.9399948353509
80,-73.8799948395419
81,-73.9199948367479
82,-73.9349948357002
83,-74.0549948273182
