"Sweep (n)","Ediast (mV)"
62,-74.7049947819163
63,-74.709994781567
64,-74.7299947801701
65,-74.8599947710897
66,-74.8599947710897
