"Sweep (n)","Ediast (mV)"
67,-74.1349948217303
68,-74.1549948203333
69,-74.1799948185871
70,-74.1149948231273
71,-74.0499948276675
