"Sweep (n)","Ediast (mV)"
90,-81.5649943027508
91,-81.4249943125297
92,-81.5249943055448
93,-81.499994307291
94,-81.5849943013538
