"Sweep (n)","Ediast (mV)"
92,-73.5199948646876
93,-73.489994866783
94,-73.4949948664338
95,-73.5199948646876
96,-73.5949948594489
