"Sweep (n)","Ediast (mV)"
48,-68.8049951940265
49,-68.6999952013607
50,-68.7849951954235
51,-68.6399952055516
52,-68.834995191931
