"Sweep (n)","Ediast (mV)"
66,-68.9449951842476
67,-68.9899951811044
68,-68.9349951849461
69,-68.9549951835491
70,-68.9849951814536
