"Sweep (n)","Ediast (mV)"
32,-75.6649947148611
33,-75.8149947043837
34,-75.889994699145
35,-75.909994697748
36,-75.8649947008912
