"Sweep (n)","Ediast (mV)"
74,-80.6149943691076
75,-80.7499943596779
76,-80.6949943635196
77,-80.7549943593287
78,-80.8249943544392
