"Sweep (n)","Ediast (mV)"
75,-71.0949950340719
76,-71.1849950277854
77,-71.0649950361673
78,-71.3599950155618
79,-71.0699950358181
