"Sweep (n)","APA (mV)"
15,132.278140163678
16,132.153628442145
17,132.165835473668
18,132.221987818673
19,132.194521997747
