"Sweep (n)","APA (mV)"
65,134.179995674938
66,134.552310136385
67,134.750064047055
68,133.292544483227
69,133.034976118095
