"Sweep (n)","APA (mV)"
19,136.56250305241
20,136.538088989364
21,136.456607053949
22,136.526492309417
23,136.48498840224
