"Sweep (n)","APA (mV)"
124,129.181216266331
125,129.136355425485
126,129.253237752316
127,129.184268024212
128,129.327700644606
