"Sweep (n)","APA (mV)"
80,132.170718286277
81,132.22564992813
82,132.271426296341
83,132.211001490302
84,132.256167506937
