"Sweep (n)","APA (mV)"
134,156.139529857178
135,158.952029920042
136,157.315066992828
137,157.388309181965
138,156.660464927415
