"Sweep (n)","APA (mV)"
10,137.259829728153
11,137.150271620235
12,137.202456679995
13,137.382815570745
14,137.384036273897
