"Sweep (n)","APA (mV)"
51,130.833743158737
52,130.823672357731
53,130.775759759004
54,130.78430468107
55,130.81116015042
