"Sweep (n)","APA (mV)"
84,132.089846702438
85,132.077944846703
86,132.237551783865
87,132.342837430749
88,132.177737329403
