"Sweep (n)","APA (mV)"
16,139.027102716873
17,139.077761897693
18,139.006655939072
19,139.060977229349
20,139.180911314061
