"Sweep (n)","APA (mV)"
86,135.103457609641
87,135.034182705749
88,135.009768642703
89,134.934695398838
90,134.980776942837
