"Sweep (n)","APA (mV)"
138,130.920403937864
139,130.706780901136
140,131.622308201401
141,131.164544551268
142,130.096429367626
