"Sweep (n)","APA (mV)"
84,44.4335916395176
85,44.1589334494382
86,44.6777322529216
87,44.7998025596236
88,44.4030740628422
