"Sweep (n)","APA (mV)"
57,135.009759212381
58,135.070794365732
59,135.559075592539
60,134.826653752328
61,134.796136175652
