"Sweep (n)","APA (mV)"
86,133.763735900009
87,133.810122619796
88,133.783267150445
89,133.742068419056
90,133.763125548433
