"Sweep (n)","APA (mV)"
50,133.550418024147
51,133.449099662507
52,133.509219292757
53,133.44543755305
54,133.470461967672
