"Sweep (n)","APA (mV)"
91,134.354251049927
92,134.349978588894
93,134.329531811093
94,134.307253978564
95,134.318240306934
