"Sweep (n)","APA (mV)"
147,135.878604111342
148,135.8694488377
149,135.81726377794
150,135.822146590549
151,135.890505967077
