"Sweep (n)","APA (mV)"
148,132.829287636935
149,132.843325723186
150,132.823489296961
151,132.854006875768
152,132.835391152696
