"Sweep (n)","APA (mV)"
140,134.080813543815
141,133.967898502228
142,134.101565497404
143,134.055178777617
144,134.001773014704
