"Sweep (n)","APA (mV)"
25,134.263003489293
26,134.161685127654
27,134.072878973325
28,134.231265207334
29,134.056704656557
