"Sweep (n)","APA (mV)"
22,137.156985487573
23,137.17010804646
24,137.172854628552
25,137.151492323387
26,137.149050917083
