"Sweep (n)","APA (mV)"
162,137.348941058269
163,137.347415179329
164,137.366641253977
165,137.38678285599
166,137.370608539222
