"Sweep (n)","APA (mV)"
73,132.005007833354
74,132.003176778626
75,131.968081562998
76,132.033999533221
77,131.936953632614
