"Sweep (n)","APA (mV)"
110,135.265200777319
111,135.354312107436
112,135.281069918299
113,135.333254978059
114,135.316165133927
