"Sweep (n)","APA (mV)"
54,132.055056662598
55,131.980288594521
56,131.981204121885
57,132.024844259579
58,131.979678242944
