"Sweep (n)","APA (mV)"
170,131.90277394435
171,131.815188493174
172,131.87439259606
173,131.904604999079
174,131.912844745357
