"Sweep (n)","APA (mV)"
167,131.914370624297
168,131.745303237706
169,131.47247608317
170,131.707156264197
171,131.783450211215
