"Sweep (n)","APA (mV)"
19,126.00707409311
20,126.315301617533
21,125.817865117722
22,126.251214706514
23,125.55846571598
