"Sweep (n)","APA (mV)"
15,135.459292578532
16,135.275271578325
17,135.282900973027
18,135.325015231781
19,135.177004974567
