"Sweep (n)","APA (mV)"
80,121.234125101063
81,121.258539162403
82,121.130365340366
83,121.191400493717
84,121.124261825031
