"Sweep (n)","APA (mV)"
47,148.617546651983
48,148.413078888257
49,148.611443136648
50,148.315422642895
51,147.070305514535
