"Sweep (n)","APA (mV)"
496,136.214990485493
497,136.214990485493
498,135.859990510289
499,135.924990505749
500,135.539990532641
