"Sweep (n)","APA (mV)"
18,124.949991272344
19,124.239991321937
20,123.444991377467
21,123.9999913387
22,124.599991296791
