"Sweep (n)","APA (mV)"
411,133.159990698882
412,133.119990701676
413,133.74499065802
414,133.559990670942
415,133.34499068596
