"Sweep (n)","APA (mV)"
658,143.854989951845
659,143.904989948352
660,143.999989941717
661,143.784989956734
662,143.939989945908
