"Sweep (n)","APA (mV)"
470,132.179990767334
471,132.664990733457
472,132.329990756857
473,132.129990770827
474,132.534990742538
