"Sweep (n)","APA (mV)"
471,130.969990851852
472,130.82499086198
473,130.739990867917
474,130.854990859884
475,130.604990877347
