"Sweep (n)","APA (mV)"
623,146.909989738456
624,147.104989724835
625,147.009989731471
626,147.184989719247
627,146.884989740202
