"Sweep (n)","APA (mV)"
401,136.574990460347
402,136.409990471872
403,136.629990456505
404,136.514990464538
405,136.334990477111
