"Sweep (n)","APA (mV)"
225,146.779989747536
226,146.869989741249
227,146.589989760807
228,146.779989747536
229,146.504989766744
