"Sweep (n)","APA (mV)"
156,117.474991794466
157,117.319991805293
158,117.804991771416
159,117.899991764781
160,117.69999177875
