"Sweep (n)","APA (mV)"
659,130.639990874902
660,130.854990859884
661,130.989990850455
662,130.379990893063
663,131.02499084801
