"Sweep (n)","APA (mV)"
375,121.084991542311
376,121.059991544057
377,121.044991545105
378,120.909991554534
379,120.659991571997
