"Sweep (n)","APA (mV)"
524,114.299992016238
525,114.734991985853
526,114.879991975725
527,114.434992006808
528,114.664991990743
