"Sweep (n)","APA (mV)"
148,132.14999076943
149,131.569990809942
150,132.049990776414
151,131.744990797718
152,132.034990777462
