"Sweep (n)","APA (mV)"
390,131.994990780256
391,132.044990776764
392,132.034990777462
393,131.944990783749
394,131.904990786543
