"Sweep (n)","APA (mV)"
613,121.269991529389
614,121.519991511926
615,121.60999150564
616,121.334991524849
617,121.21499153323
