"Sweep (n)","APA (mV)"
717,138.099990353827
718,138.529990323792
719,138.499990325887
720,138.734990309473
721,138.434990330427
