"Sweep (n)","Peak x (ms)","Peak y (mV)"
106,11.6,52.7999963119628
107,11.6,52.9999962979929
108,11.6,52.9499963014854
109,11.6,52.7999963119628
110,11.6,52.9499963014854
