"Sweep (n)","Peak x (ms)","Peak y (mV)"
103,11.4,55.3999961303549
104,11.5,55.2499961408323
105,11.4,55.4499961268624
106,11.5,55.2499961408323
107,11.4,55.0999961513096
