"Sweep (n)","Peak x (ms)","Peak y (mV)"
91,11.8,54.0499962246513
92,11.8,54.1999962141739
93,11.8,54.2499962106815
94,11.8,54.0499962246513
95,11.8,54.0999962211588
