"Sweep (n)","Peak x (ms)","Peak y (mV)"
36,11.9,60.2999957880939
37,11.9,60.0499958055562
38,11.8,59.9499958125411
39,11.8,59.6999958300034
40,11.9,59.8999958160335
