"Sweep (n)","Peak x (ms)","Peak y (mV)"
11,11.8,67.1999953061345
12,11.7,67.9499952537476
13,11.8,68.9499951838984
14,11.8,69.3499951559587
15,11.8,69.4499951489738
