"Sweep (n)","Peak x (ms)","Peak y (mV)"
59,11.5,64.5499954912348
60,11.5,64.3999955017122
61,11.5,64.9499954632951
62,11.5,65.3499954353555
63,11.5,65.1499954493253
