"Sweep (n)","Peak x (ms)","Peak y (mV)"
87,11.7,55.3999961303549
88,11.7,55.3499961338473
89,11.8,55.5499961198775
90,11.8,56.3499960639982
91,11.8,56.4999960535208
