"Sweep (n)","Peak x (ms)","Peak y (mV)"
28,11.9,59.8999958160335
29,11.9,59.849995819526
30,11.9,59.6499958334958
31,11.9,59.7999958230185
32,11.9,59.4999958439732
