"Sweep (n)","Peak x (ms)","Peak y (mV)"
141,13.4,51.0499964341989
142,13.4,51.1999964237215
143,13.5,50.9999964376913
144,13.4,50.599996465631
145,13.6,51.1499964272139
