"Sweep (n)","Peak x (ms)","Peak y (mV)"
26,11.8,59.5499958404807
27,11.8,59.4999958439732
28,11.8,59.4999958439732
29,11.8,59.1499958684204
30,11.8,58.9499958823903
