"Sweep (n)","Peak x (ms)","Peak y (mV)"
84,20.2,54.949996161787
85,20.2,54.9999961582946
86,20.2,54.4999961932192
87,20.2,54.9999961582946
88,20.1,53.8499962386211
