"Sweep (n)","Peak x (ms)","Peak y (mV)"
64,23.8,25.2999982328155
65,23.7,25.0999982467853
66,24.5,25.2999982328155
67,23.6,25.1999982398004
68,23.9,25.4999982188457
