"Sweep (n)","Peak x (ms)","Peak y (mV)"
34,19.5,53.649996252591
35,19.5,53.8499962386211
36,19.6,53.3999962700533
37,19.5,53.7999962421136
38,19.5,53.6999962490985
