"Sweep (n)","Peak x (ms)","Peak y (mV)"
55,20,51.9499963713346
56,20.1,51.9499963713346
57,20,51.8999963748271
58,20.1,51.7499963853044
59,20,51.9499963713346
