"Sweep (n)","Peak x (ms)","Peak y (mV)"
93,19.8,56.8499960290736
94,19.8,56.4499960570132
95,19.8,56.9999960185962
96,19.8,56.8999960255811
97,19.8,57.0999960116113
