"Sweep (n)","Peak x (ms)","Peak y (mV)"
54,20.1,52.0999963608572
55,20,51.8999963748271
56,20,52.0499963643497
57,20.1,52.1499963573648
58,20,52.0999963608572
