"Sweep (n)","Peak x (ms)","Peak y (mV)"
4,21.9,23.2999983725139
5,21.8,22.6999984144234
6,22,20.8999985401519
7,22,22.2499984458555
8,22,21.2499985157047
