"Sweep (n)","Peak x (ms)","Peak y (mV)"
58,19.4,58.6999958998526
59,19.5,58.3999959208073
60,19.5,58.8499958893752
61,19.4,58.4999959138224
62,19.3,58.1499959382696
