"Sweep (n)","Peak x (ms)","Peak y (mV)"
74,20,47.0499967135956
75,20,47.1999967031182
76,20,47.2499966996258
77,20,47.2499966996258
78,19.9,46.9999967170881
