"Sweep (n)","Peak x (ms)","Peak y (mV)"
63,19.7,53.5999962560834
64,19.7,53.5999962560834
65,19.7,53.6999962490985
66,19.7,53.4999962630683
67,19.7,53.5499962595759
