"Sweep (n)","Peak x (ms)","Peak y (mV)"
20,18.9,52.9999962979929
21,18.9,52.9499963014854
22,18.9,53.0499962945005
23,18.9,53.0499962945005
24,18.9,52.8999963049779
