"Sweep (n)","Peak x (ms)","Peak y (mV)"
71,20.3,62.349995644903
72,20.3,62.5499956309332
73,20.3,62.7499956169633
74,20.3,62.6999956204558
75,20.3,62.8499956099784
