"Sweep (n)","Peak x (ms)","Peak y (mV)"
78,20.2,47.6499966716861
79,20.3,47.6499966716861
80,20.3,47.6499966716861
81,20.3,47.5999966751786
82,20.2,47.8499966577163
