"Sweep (n)","Peak x (ms)","Peak y (mV)"
51,19.8,58.9999958788978
52,19.8,58.7499958963601
53,19.8,59.2499958614355
54,19.8,58.9999958788978
55,19.8,58.9499958823903
