"Sweep (n)","APA (mV)"
26,135.672610454394
27,135.644229106104
28,135.786135847557
29,135.651553325017
30,135.543215920252
