"Sweep (n)","APA (mV)"
22,136.632693483666
23,136.620791627931
24,136.702883914923
25,136.722415165359
26,136.596377564886
