"Sweep (n)","APA (mV)"
3,131.408694343463
4,131.172183107708
5,131.122134278464
6,130.688784659403
7,130.602114735591
