"Sweep (n)","APA (mV)"
5,136.120913687071
6,136.04828184951
7,135.966799914095
8,136.000979602359
9,135.967105089883
