"Sweep (n)","APA (mV)"
23,131.898806659106
24,131.821292008935
25,131.845400896193
26,131.777346695453
27,131.761782730262
