"Sweep (n)","APA (mV)"
13,133.964236392772
14,133.971255435897
15,133.844607483848
16,133.840640198603
17,133.756716856883
