"Sweep (n)","APA (mV)"
28,139.817202832189
29,139.796756054388
30,139.989016800873
31,139.903567580213
32,139.870303419314
