"Sweep (n)","APA (mV)"
51,133.122866745059
52,133.128970260821
53,133.211062547812
54,133.258669970751
55,133.235781786646
