"Sweep (n)","APA (mV)"
14,137.991030916371
15,137.978213533272
16,137.971499665935
17,137.862857085381
18,137.915652496718
