"Sweep (n)","APA (mV)"
7,133.361810071904
8,133.392327648579
9,131.927483968156
10,132.202142158235
11,132.232659734911
