"Sweep (n)","APA (mV)"
46,132.659905808368
47,133.148187035175
48,133.514397955281
49,133.972161605414
50,134.429925255546
