"Sweep (n)","APA (mV)"
18,1.73950187050309
19,1.77001944717858
20,1.03759760696676
21,1.12915033699323
22,0.854492146913799
