"Sweep (n)","APA (mV)"
55,137.812808256138
56,137.817385892959
57,137.784732083635
58,137.783511380483
59,137.82501528766
