"Sweep (n)","APA (mV)"
53,138.68255925214
54,138.701480151001
55,138.772586109621
56,138.754580738125
57,138.795474293727
