"Sweep (n)","APA (mV)"
3,136.658633425652
4,136.623538210024
5,136.546023559854
6,136.464541624439
7,136.435549924572
