"Sweep (n)","APA (mV)"
14,139.065249690382
15,139.047244318886
16,138.996279962278
17,138.968814141351
18,138.794558766363
