"Sweep (n)","APA (mV)"
20,135.626528910395
21,135.675662212275
22,135.649111918713
23,135.706790142658
24,135.741885358286
