"Sweep (n)","APA (mV)"
34,137.12738343613
35,137.093508923654
36,137.091067517349
37,137.033694469192
38,137.088626111045
