"Sweep (n)","APA (mV)"
59,139.27124334733
60,139.174197446723
61,139.301760926137
62,139.234622252761
63,139.215091002325
