"Sweep (n)","APA (mV)"
28,138.820498708349
29,138.831485036719
30,138.847964529275
31,138.81561589574
32,138.800051930548
