"Sweep (n)","APA (mV)"
36,140.590518279162
37,140.513003628992
38,140.287478721607
39,140.684817597676
40,140.468142788145
