"Sweep (n)","APA (mV)"
61,135.990908801352
62,136.037905872715
63,135.968630968823
64,136.047671497934
65,136.080935658833
