"Sweep (n)","APA (mV)"
43,133.493655327566
44,133.424380423674
45,133.530276422134
46,133.444522025686
47,133.513186578002
