"Sweep (n)","APA (mV)"
28,132.751467810977
29,134.184268135971
30,134.90906063264
31,135.530398537153
32,134.898989831634
