"Sweep (n)","APA (mV)"
77,127.72521365994
78,127.792352328626
79,127.929681423666
80,128.121942156722
81,128.097528095381
