"Sweep (n)","APA (mV)"
19,136.736758427398
20,136.784671026126
21,136.884463508825
22,136.702578739134
23,136.721194462207
