"Sweep (n)","APA (mV)"
26,135.57128262321
27,136.053460334682
28,136.074822638355
29,135.290520917795
30,136.483758165807
