"Sweep (n)","dV/dt max x (ms)","dV/dt max y (V/s)"
169,12.5,327.999977089473
170,12.6,342.499976076654
171,12.5,318.999977718115
172,12.5,330.999976879925
173,12.4,325.499977264084
174,12.5,331.999976810076
175,12.5,330.49997691485
176,12.6,316.999977857808
177,12.5,330.999976879925
178,12.5,340.499976216358
