"Sweep (n)","dV/dt max x (ms)","dV/dt max y (V/s)"
79,11.9,315.999977927657
80,11.9,315.499977962582
81,11.9,317.999977787959
82,11.9,318.499977753034
83,11.9,315.499977962582
84,11.9,314.499978032431
85,11.9,321.999977508562
86,11.8,297.499979219867
87,11.9,309.499978381677
88,11.9,313.49997810228
