"Sweep (n)","dV/dt max x (ms)","dV/dt max y (V/s)"
337,7.4,343.499976006801
338,7.4,339.999976251274
339,7.4,347.499975727405
340,7.4,326.999977159313
341,7.4,348.499975657556
