"Sweep (n)","dV/dt max x (ms)","dV/dt max y (V/s)"
435,7.6,343.999975971883
436,7.7,332.499976775143
437,7.6,332.499976775149
438,7.7,337.999976390972
439,7.6,322.49997747364
