"Sweep (n)","dV/dt max x (ms)","dV/dt max y (V/s)"
345,9,222.499984458556
346,8.9,227.499984109306
347,9,226.499984179159
348,8.9,229.999983934683
349,9,225.499984249009
