"Sweep (n)","dV/dt max x (ms)","dV/dt max y (V/s)"
463,8.8,294.99997939449
464,8.8,293.999979464339
465,8.9,283.499980197751
466,9,291.999979604038
467,8.7,289.499979778661
