"Sweep (n)","dV/dt max x (ms)","dV/dt max y (V/s)"
91,20,291.499979638967
92,19.9,308.499978451521
93,19.8,314.999977997512
94,20,315.999977927663
95,20,315.499977962587
