"Sweep (n)","dV/dt max x (ms)","dV/dt max y (V/s)"
53,19.1,379.999973457316
54,19,350.499975517842
55,19,342.499976076635
56,19.1,334.999976600528
57,19.1,337.999976390981
