"Sweep (n)","Ediast (mV)"
36,-78.4399945210295
37,-78.3999945238235
38,-78.3874945246966
39,-78.429994521728
40,-78.4674945191087
