"Sweep (n)","Ediast (mV)"
94,-74.7748385270378
95,-74.8073385247677
96,-74.8324947730105
97,-74.7674947775507
98,-74.8099947745821
