"Sweep (n)","Ediast (mV)"
103,-77.6674945749881
104,-77.7024945725433
105,-77.6974945728926
106,-77.6874945735911
107,-77.6699945748134
