"Sweep (n)","Ediast (mV)"
141,-78.329994528713
142,-78.3574945267921
143,-78.3924945243474
144,-78.3949945241728
145,-78.4499945203311
