"Sweep (n)","Ediast (mV)"
26,-74.6099947885519
27,-74.6224947876788
28,-74.6774947838371
29,-74.7499947787731
30,-74.7624947779
