"Sweep (n)","Ediast (mV)"
114,-71.1249950319764
115,-71.1249950319764
116,-71.1349950312779
117,-71.1949950270869
118,-71.3049950194035
