"Sweep (n)","Ediast (mV)"
78,-72.0249949691121
79,-72.0449949677151
80,-71.9999949708583
81,-71.9699949729538
82,-71.9674949731284
