"Sweep (n)","Ediast (mV)"
53,-75.3374947377367
54,-75.3549947365143
55,-75.3824947345935
56,-75.319994738959
57,-75.3299947382605
