"Sweep (n)","Ediast (mV)"
65,-77.4274945917519
66,-77.4524945900056
67,-77.4699945887833
68,-77.5174945854654
69,-77.4824945879102
