"Sweep (n)","Ediast (mV)"
91,-74.6799947836625
92,-74.7024947820909
93,-74.6999947822655
94,-74.7124947813924
95,-74.7449947791223
