"Sweep (n)","Ediast (mV)"
157,-83.1899941892459
158,-83.1699941906429
159,-83.137494192913
160,-83.2099941878489
161,-83.2999941815625
