"Sweep (n)","Ediast (mV)"
87,-76.6949946429164
88,-76.6774946441387
89,-76.692494643091
90,-76.7099946418687
91,-76.7174946413448
