"Sweep (n)","Ediast (mV)"
106,-72.3349949474589
107,-72.342494946935
108,-72.3399949471096
109,-72.3899949436172
110,-72.4599949387277
