"Sweep (n)","Ediast (mV)"
11,-72.607494928425
12,-72.5098386852462
13,-72.4074949423948
14,-72.3474949465857
15,-72.3374949472842
