"Sweep (n)","Ediast (mV)"
28,-77.6724945746388
29,-77.647494576385
30,-77.6549945758612
31,-77.6574945756865
32,-77.6049945793536
