"Sweep (n)","Ediast (mV)"
175,-81.7899942870348
176,-81.7174942920988
177,-81.6699942954167
178,-81.6749942950674
179,-81.6824942945435
