"Sweep (n)","Ediast (mV)"
96,-74.6949947826148
97,-74.6974947824402
98,-74.6799947836625
99,-74.689994782964
100,-74.7049947819163
