"Sweep (n)","Ediast (mV)"
77,-78.1649945402381
78,-78.1924945383172
79,-78.2199945363964
80,-78.2124945369202
81,-78.1949945381426
