"Sweep (n)","Ediast (mV)"
87,-76.3149946694591
88,-76.2799946719038
89,-76.3924946640458
90,-76.5224946549654
91,-76.6074946490282
