"Sweep (n)","Ediast (mV)"
91,-69.7274951295906
92,-69.6749951332577
93,-69.597495138671
94,-69.6224951369248
95,-69.6424951355278
