"Sweep (n)","APA (mV)"
13,129.424990959769
14,129.36999096361
15,129.404990961166
16,129.524990952784
17,129.329990966404
