"Sweep (n)","APA (mV)"
163,151.469989419943
164,151.944989386765
165,150.804989466393
166,151.709989403179
167,151.894989390257
