"Sweep (n)","APA (mV)"
144,126.269991180143
145,125.849991209479
146,126.419991169665
147,126.089991192716
148,125.989991199701
