"Sweep (n)","APA (mV)"
152,138.744990308774
153,139.184990278041
154,139.724990240322
155,139.414990261975
156,140.339990197365
