"Sweep (n)","APA (mV)"
159,133.54499067199
160,133.519990673736
161,133.504990674784
162,132.834990721583
163,133.089990703771
