"Sweep (n)","APA (mV)"
61,148.5299896253
62,148.559989623204
63,148.469989629491
64,148.514989626348
65,148.344989638222
