"Sweep (n)","APA (mV)"
40,123.719991358258
41,122.944991412391
42,123.074991403311
43,123.6649913621
44,123.734991357211
