"Sweep (n)","APA (mV)"
135,128.364991033809
136,128.139991049525
137,128.034991056859
138,127.889991066987
139,128.069991054414
