"Sweep (n)","APA (mV)"
110,135.969990502606
111,135.294990549754
112,136.019990499113
113,135.974990502256
114,135.879990508892
