"Sweep (n)","APA (mV)"
152,135.869990509591
153,136.379990473967
154,136.149990490033
155,136.72999044952
156,136.684990452663
