"Sweep (n)","APA (mV)"
58,135.40499054207
59,135.279990550802
60,135.239990553596
61,135.429990540324
62,135.749990517972
