"Sweep (n)","APA (mV)"
103,150.859989462551
104,151.404989424483
105,151.229989436707
106,151.059989448581
107,150.624989478966
