"Sweep (n)","APA (mV)"
169,122.979991409947
170,122.864991417979
171,122.749991426012
172,122.659991432298
173,122.799991422519
