"Sweep (n)","APA (mV)"
174,127.504991093879
175,127.104991121819
176,127.494991094578
177,127.439991098419
178,127.279991109595
