"Sweep (n)","APA (mV)"
3,133.919990645797
4,133.404990681769
5,133.87999064859
6,133.934990644749
7,133.779990655575
