"Sweep (n)","APA (mV)"
152,145.699989822973
153,146.034989799574
154,145.954989805161
155,146.019989800621
156,146.089989795732
