"Sweep (n)","APA (mV)"
113,132.034990777462
114,131.974990781653
115,131.899990786892
116,131.744990797718
117,131.609990807148
