"Sweep (n)","APA (mV)"
173,127.954991062447
174,127.799991073274
175,127.83999107048
176,127.779991074671
177,128.054991055462
