"Sweep (n)","Ediast (mV)"
4,-77.1997087567979
5,-77.1977251141755
6,-77.2200029467047
7,-77.1801775063614
8,-77.1792619789972
