"Sweep (n)","Ediast (mV)"
73,-77.5195329826966
74,-77.5335710689479
75,-77.5354021236763
76,-77.5036638417169
77,-77.5039690175049
