"Sweep (n)","Ediast (mV)"
96,-72.2837845746529
97,-72.2993485398445
98,-72.3019425340431
99,-72.4894730558129
100,-72.4722306237868
