"Sweep (n)","Ediast (mV)"
20,-75.8488481309007
21,-75.815583970001
22,-75.7844560396177
23,-75.7543962244927
24,-75.7547014002808
