"Sweep (n)","Ediast (mV)"
73,-76.0076921285918
74,-76.0047929586051
75,-75.9970109760093
76,-75.9779374892549
77,-76.004182607029
