"Sweep (n)","Ediast (mV)"
13,-68.4085098298306
14,-68.3685318015933
15,-68.3981338530362
16,-68.4069839508902
17,-68.3657852195006
