"Sweep (n)","Ediast (mV)"
15,-61.1897291509001
16,-61.1798109377878
17,-61.1781324709534
18,-61.1582960447288
19,-61.1390699700803
