"Sweep (n)","Ediast (mV)"
25,-73.8166825581345
26,-73.814393739724
27,-73.8209550191675
28,-73.8119523334194
29,-73.775941590427
