"Sweep (n)","Ediast (mV)"
539,-76.2599946733008
540,-76.2249946757455
541,-76.2199946760948
542,-76.1699946795872
543,-76.2499946739993
