"Sweep (n)","Ediast (mV)"
344,-70.7999950546774
345,-70.7899950553759
346,-70.7699950567728
347,-70.7599950574713
348,-70.7899950553759
