"Sweep (n)","Ediast (mV)"
783,-75.0649947567706
784,-75.0799947557228
785,-74.9899947620093
786,-74.974994763057
787,-75.0199947599138
