"Sweep (n)","Ediast (mV)"
509,-76.4049946631727
510,-76.5249946547908
511,-76.3699946656174
512,-76.4449946603787
513,-76.3149946694591
