"Sweep (n)","Ediast (mV)"
544,-77.0999946146275
545,-77.1449946114843
546,-77.1649946100873
547,-77.1349946121828
548,-77.1349946121828
