"Sweep (n)","Ediast (mV)"
99,-77.3299945985622
100,-77.2999946006576
101,-77.3549945968159
102,-77.2849946017054
103,-77.3249945989114
