"Sweep (n)","Ediast (mV)"
704,-74.974994763057
705,-74.9199947668987
706,-74.9399947655017
707,-74.7749947770268
708,-74.6999947822655
