"Sweep (n)","Ediast (mV)"
654,-71.4049950124186
655,-71.4549950089261
656,-71.3549950159111
657,-71.559995001592
658,-71.5949949991473
