"Sweep (n)","Ediast (mV)"
860,-83.4249941728313
861,-83.3649941770223
862,-83.3399941787685
863,-83.2949941819117
864,-83.3549941777208
