"Sweep (n)","Ediast (mV)"
651,-75.7149947113686
652,-75.6999947124163
653,-75.644994716258
654,-75.889994699145
655,-75.7199947110194
