"Sweep (n)","APA (mV)"
177,128.759991006218
178,128.714991009362
179,128.93749099382
180,128.727491008488
181,129.009990988756
