"Sweep (n)","APA (mV)"
78,136.307490479032
79,136.579990459998
80,136.277490481127
81,136.332490477285
82,136.679990453013
