"Sweep (n)","APA (mV)"
464,141.814990094337
465,142.232490065175
466,141.554990112498
467,141.934990085955
468,142.392490053999
