"Sweep (n)","APA (mV)"
473,139.419990261626
474,139.642490246085
475,140.184990208191
476,140.054990217272
477,139.367490265293
