"Sweep (n)","APA (mV)"
173,145.107489864359
174,144.762489888457
175,144.902489878678
176,145.019989870471
177,144.732489890552
