"Sweep (n)","APA (mV)"
263,147.824989674544
264,146.792489746663
265,146.727489751203
266,147.66998968537
267,148.254989644508
