"Sweep (n)","APA (mV)"
58,140.469990188284
59,140.382490194396
60,140.23999020435
61,140.429990191078
62,140.424990191428
