"Sweep (n)","APA (mV)"
206,136.327490477635
207,136.069990495621
208,135.922490505923
209,135.749990517972
210,135.939990504701
