"Sweep (n)","APA (mV)"
206,139.529990253943
207,138.854990301091
208,138.834990302488
209,137.754990377925
210,138.78499030598
