"Sweep (n)","APA (mV)"
387,137.282490410929
388,136.732490449346
389,137.034990428216
390,136.947490434328
391,137.122490422104
