"Sweep (n)","APA (mV)"
370,144.829989883742
371,144.492489907316
372,144.954989875011
373,144.617489898585
374,144.862489881472
