"Sweep (n)","APA (mV)"
323,126.657491153076
324,126.734991147663
325,126.722491148536
326,126.74749114679
327,126.659991152902
