"Sweep (n)","APA (mV)"
76,142.259990063254
77,141.102490144105
78,140.587490180077
79,140.519990184792
80,140.592490179728
