"Sweep (n)","APA (mV)"
416,150.232489506382
417,150.297489501841
418,150.314989500619
419,150.247489505334
420,149.934989527162
