"Sweep (n)","APA (mV)"
61,151.454989420991
62,152.094989376287
63,151.804989396544
64,152.274989363715
65,152.177489370525
