"Sweep (n)","APA (mV)"
241,137.992490361336
242,137.209990415993
243,137.734990379322
244,137.742490378798
245,137.45499039888
