"Sweep (n)","dV/dt max x (ms)","dV/dt max y (V/s)"
206,7,176.999987636693
207,7,173.99998784624
208,7,174.499987811315
209,7,167.49998830026
210,7,173.499987881165
