"Sweep (n)","dV/dt max x (ms)","dV/dt max y (V/s)"
206,8,475.499966786708
207,8,463.499967624898
208,8,471.99996703118
209,8,479.999966472386
210,8,492.999965564347
