"Sweep (n)","dV/dt max x (ms)","dV/dt max y (V/s)"
347,8,379.999973457306
348,8,373.499973911326
349,8,364.999974505044
350,8,375.499973771627
351,8,378.999973527155
