"Sweep (n)","APA (mV)"
51,129.724990938814
52,129.747490937242
53,129.639990944751
54,129.659990943354
55,129.724990938814
