"Sweep (n)","APA (mV)"
74,125.364991243356
75,125.239991252087
76,124.92499127409
77,125.139991259072
78,124.929991273741
