"Sweep (n)","APA (mV)"
34,128.782491004647
35,128.932490994169
36,128.457491027348
37,128.787491004297
38,128.697491010584
