"Sweep (n)","APA (mV)"
58,127.234991112738
59,127.022491127581
60,127.454991097372
61,126.767491145393
62,125.267491250167
