"Sweep (n)","APA (mV)"
93,139.21749027577
94,138.689990312616
95,139.069990286073
96,139.447490259705
97,139.342490267039
