"Sweep (n)","APA (mV)"
54,129.79749093375
55,129.599990947545
56,129.752490936893
57,129.812490932702
58,129.767490935845
