"Sweep (n)","APA (mV)"
4,98.1724931427304
5,97.3624931993083
6,95.5699933245129
7,96.9949932249778
8,95.9674932967479
