"Sweep (n)","APA (mV)"
84,128.479991025776
85,128.362491033983
86,127.897491066463
87,128.329991036253
88,126.967491131423
