"Sweep (n)","APA (mV)"
66,135.829990512385
67,136.357490475539
68,136.359990475364
69,136.447490469253
70,136.267490481826
