"Sweep (n)","APA (mV)"
64,102.764992821948
65,102.519992839061
66,102.834992817059
67,102.749992822996
68,102.984992806581
