"Sweep (n)","APA (mV)"
26,131.184990836834
27,131.247490832468
28,131.049990846264
29,131.229990833691
30,131.012490848883
