"Sweep (n)","APA (mV)"
55,127.422491099642
56,127.409991100515
57,127.354991104356
58,127.21249111431
59,127.422491099642
