"Sweep (n)","APA (mV)"
78,126.179991186429
79,126.209991184334
80,126.259991180841
81,126.24999118154
82,126.544991160934
