"Sweep (n)","APA (mV)"
74,128.56999101949
75,128.687491011282
76,128.724991008663
77,128.759991006218
78,128.53749102176
