"Sweep (n)","APA (mV)"
71,127.927491064368
72,128.144991049176
73,128.292491038873
74,128.212491044461
75,128.289991039047
