"Sweep (n)","APA (mV)"
51,140.404990192825
52,140.332490197889
53,140.989990151963
54,140.897490158424
55,140.83999016244
