"Sweep (n)","APA (mV)"
65,117.274991808436
66,117.294991807039
67,117.642491782767
68,117.474991794466
69,117.542491789752
