"Sweep (n)","APA (mV)"
20,121.71249149848
21,121.732491497084
22,121.992491478923
23,121.927491483463
24,121.737491496734
