"Sweep (n)","APA (mV)"
11,142.234990065
12,142.237490064826
13,142.137490071811
14,142.089990075129
15,142.152490070763
