"Sweep (n)","APA (mV)"
77,130.182490906858
78,130.334990896206
79,129.972490921526
80,130.367490893936
81,129.992490920129
