"Sweep (n)","Ediast (mV)"
61,-89.5549937446558
62,-89.5449937453543
63,-89.5549937446558
64,-89.6249937397664
65,-89.6274937395917
