"Sweep (n)","Ediast (mV)"
177,-75.25999474315
178,-75.2649947428007
179,-75.2874947412291
180,-75.2774947419276
181,-75.25999474315
