"Sweep (n)","Ediast (mV)"
58,-78.7699944979793
59,-78.7324945005987
60,-78.7399945000748
61,-78.7799944972808
62,-78.7249945011225
