"Sweep (n)","Ediast (mV)"
464,-78.8649944913437
465,-78.8824944901213
466,-78.9049944885497
467,-78.9349944864542
468,-78.9424944859303
