"Sweep (n)","Ediast (mV)"
473,-77.5699945817983
474,-77.5924945802267
475,-77.4849945877355
476,-77.5049945863385
477,-77.4674945889579
