"Sweep (n)","Ediast (mV)"
347,-76.3724946654427
348,-76.3649946659666
349,-76.3774946650935
350,-76.3699946656174
351,-76.3799946649189
