"Sweep (n)","Ediast (mV)"
173,-83.3574941775462
174,-83.3124941806894
175,-83.3524941778954
176,-83.369994176673
177,-83.3824941757999
