"Sweep (n)","Ediast (mV)"
323,-78.4574945198072
324,-78.4849945178863
325,-78.4724945187594
326,-78.4974945170132
327,-78.5099945161401
