"Sweep (n)","Ediast (mV)"
396,-84.5549940939017
397,-84.5974940909332
398,-84.5749940925048
399,-84.5399940949495
400,-84.529994095648
