"Sweep (n)","Ediast (mV)"
206,-70.6799950630593
207,-70.6549950648055
208,-70.6349950662025
209,-70.6549950648055
210,-70.5849950696949
