"Sweep (n)","Ediast (mV)"
398,-81.9749942741127
399,-81.8824942805737
400,-81.9249942776051
401,-81.9674942746365
402,-82.0099942716679
