"Sweep (n)","Ediast (mV)"
78,-80.5574943731239
79,-80.4799943785372
80,-80.5274943752194
81,-80.4824943783626
82,-80.4299943820297
