"Sweep (n)","Ediast (mV)"
484,-79.8424944230661
485,-79.8724944209706
486,-79.9274944171289
487,-79.9499944155573
488,-79.914994418002
