"Sweep (n)","Ediast (mV)"
206,-77.627494577782
207,-77.6199945783059
208,-77.6224945781313
209,-77.5999945797029
210,-77.5899945804014
