"Sweep (n)","Ediast (mV)"
263,-79.874994420796
264,-79.5924944405284
265,-79.7274944310987
266,-80.0199944106678
267,-79.954994415208
