"Sweep (n)","Ediast (mV)"
416,-76.4824946577593
417,-76.4974946567116
418,-76.5149946554892
419,-76.5474946532191
420,-76.4849946575847
