"Sweep (n)","Ediast (mV)"
387,-78.582494511076
388,-78.582494511076
389,-78.5849945109014
390,-78.5974945100283
391,-78.6224945082821
