"Sweep (n)","Peak x (ms)","Peak y (mV)"
55,11.9,56.6999960395509
56,11.9,56.6499960430434
57,11.9,56.7499960360585
58,11.9,56.6999960395509
59,11.9,56.7499960360585
