"Sweep (n)","Peak x (ms)","Peak y (mV)"
31,12.2,58.649995903345
32,12.1,58.8499958893752
33,12.2,58.4999959138224
34,12.1,58.6999958998526
35,12.2,58.649995903345
