"Sweep (n)","Peak x (ms)","Peak y (mV)"
25,12,48.0499966437464
26,11.9,47.7499966647012
27,11.9,46.4499967555051
28,11.9,46.5499967485202
29,11.9,46.6499967415353
