"Sweep (n)","Peak x (ms)","Peak y (mV)"
168,12,62.999995599501
169,12,63.0499955960086
170,12,62.6499956239483
171,12,62.4499956379181
172,12,61.8999956763352
