"Sweep (n)","Peak x (ms)","Peak y (mV)"
130,11.9,55.49999612337
131,11.9,55.6499961128926
132,11.9,55.3999961303549
133,11.9,55.3499961338473
134,11.9,55.5999961163851
