"Sweep (n)","Peak x (ms)","Peak y (mV)"
143,12.8,77.8499945622406
144,12.8,77.8999945587481
145,12.8,77.149994611135
146,12.9,77.3499945971652
147,12.8,77.6499945762104
