"Sweep (n)","Peak x (ms)","Peak y (mV)"
3,16.1,60.8999957461843
4,14.9,60.8999957461843
5,15.1,61.049995735707
6,14.9,60.6499957636466
7,15,60.8499957496768
