"Sweep (n)","Peak x (ms)","Peak y (mV)"
103,12.4,53.5499962595759
104,12.4,53.5999962560834
105,12.4,53.2499962805306
106,12.5,53.5499962595759
107,12.3,53.4999962630683
