"Sweep (n)","Peak x (ms)","Peak y (mV)"
5,11.8,52.4999963329175
6,11.8,52.3999963399025
7,11.9,52.3499963433949
8,11.8,52.3999963399025
9,11.8,52.3499963433949
