"Sweep (n)","dV/dt max x (ms)","dV/dt max y (V/s)"
15,11.2,180.206290268788
16,10.8,196.228018023418
17,11,159.530632071138
18,10.6,168.792716592153
19,11.4,177.59703746303
