"Sweep (n)","dV/dt max x (ms)","dV/dt max y (V/s)"
40,13,150.863640295298
41,13.2,147.750847474401
42,12.4,152.359001552397
43,12.6,151.351921522109
44,14.2,132.308953676599
