"Sweep (n)","dV/dt max x (ms)","dV/dt max y (V/s)"
65,13,188.018789897711
66,12.4,219.589222968508
67,13.4,229.59898811807
68,12.8,234.60387069285
69,12.6,241.104114524735
