"Sweep (n)","dV/dt max x (ms)","dV/dt max y (V/s)"
84,11,183.746329163142
85,10.6,160.507194524757
86,10.8,182.296744271056
87,10.8,184.860220711797
88,10.8,171.356193032892
