"Sweep (n)","dV/dt max x (ms)","dV/dt max y (V/s)"
65,16,226.028431647037
66,16.2,226.119984377065
67,16.2,206.970205013193
68,22.6,197.586050185476
69,20.2,193.237295509218
