"Sweep (n)","dV/dt max x (ms)","dV/dt max y (V/s)"
73,13.4,176.84935683448
74,13,210.693349367602
75,12.8,200.592031488014
76,12.8,211.135854229396
77,13.4,196.899404710279
