"Sweep (n)","dV/dt max x (ms)","dV/dt max y (V/s)"
286,11.2,135.177605884097
287,11.2,130.950921514542
288,11,138.381951435022
289,10.8,129.684442082506
290,10.8,138.687127201777
