"Sweep (n)","dV/dt max x (ms)","dV/dt max y (V/s)"
65,14,125.946038939758
66,13.8,128.433221438813
67,12.8,132.873528845095
68,13.6,120.101923006402
69,13.6,116.165155615263
