"Sweep (n)","dV/dt max x (ms)","dV/dt max y (V/s)"
21,12,132.766717326732
22,12,146.682732290757
23,11.8,149.276726308174
24,12.2,144.348137675081
25,12.2,146.65221471408
