"Sweep (n)","dV/dt max x (ms)","dV/dt max y (V/s)"
12,12,171.722403952999
13,11.8,177.978507171475
14,11.6,149.795525111656
15,11.8,160.873405444861
16,11.8,174.118033722025
