"Sweep (n)","dV/dt max x (ms)","dV/dt max y (V/s)"
150,14.1,355.99997513369
151,13.9,369.499974190719
152,14,367.999974295499
153,14.1,358.999974924142
154,14.1,346.499975797257
