"Sweep (n)","dV/dt max x (ms)","dV/dt max y (V/s)"
112,13.2,350.999975482942
113,13.3,358.49997495906
114,13,335.499976565592
115,13.1,344.499975936955
116,12.9,355.99997513369
