"Sweep (n)","dV/dt max x (ms)","dV/dt max y (V/s)"
139,12.1,366.999974365342
140,12,324.999977299014
141,12.1,336.999976460818
142,12.1,364.999974505041
143,12.1,363.99997457489
