"Sweep (n)","dV/dt max x (ms)","dV/dt max y (V/s)"
44,19.8,280.999980372384
45,19.7,279.999980442223
46,19.7,272.499980966092
47,19.8,279.499980477157
48,20,300.499979010325
