"Sweep (n)","dV/dt max x (ms)","dV/dt max y (V/s)"
39,20,372.99997394626
40,20,374.999973806562
41,20,337.499976425906
42,19.9,370.49997412087
43,19.8,348.499975657565
