"Sweep (n)","Peak x (ms)","Peak y (mV)"
26,33,-63.7817352517801
27,13,-63.7817352517801
28,31,-63.7817352517801
29,10.5,-63.7817352517801
30,11.5,-63.7817352517801
