"Sweep (n)","Peak x (ms)","Peak y (mV)"
40,11.2,49.5999965354802
41,11.3,48.8999965843746
42,11.2,48.9999965773897
43,11.2,49.5999965354802
44,11.2,49.4999965424651
