"Sweep (n)","Peak x (ms)","Peak y (mV)"
104,11.9,59.4499958474657
105,11.9,59.7999958230185
106,11.9,58.9499958823903
107,12,59.4999958439732
108,12,59.9499958125411
