"Sweep (n)","Peak x (ms)","Peak y (mV)"
110,12.8,61.9999956693502
111,12.9,61.1999957252296
112,12.9,61.8999956763352
113,12.9,61.8999956763352
114,12.8,61.7999956833201
