"Sweep (n)","Peak x (ms)","Peak y (mV)"
174,12.7,53.5999962560834
175,12.8,53.1499962875156
176,12.8,53.5499962595759
177,12.7,53.5499962595759
178,12.7,53.3999962700533
