"Sweep (n)","Peak x (ms)","Peak y (mV)"
144,13.4,53.6999962490985
145,13.6,53.2999962770382
146,13.4,53.749996245606
147,13.6,53.4499962665608
148,13.4,53.2999962770382
