"Sweep (n)","Peak x (ms)","Peak y (mV)"
10,11.4,54.3999962002041
11,11.4,53.9499962316362
12,11.4,54.3499962036965
13,11.4,54.2499962106815
14,11.4,54.2499962106815
