"Sweep (n)","Peak x (ms)","Peak y (mV)"
3,11.7,49.5499965389726
4,11.7,49.1499965669123
5,11.7,49.4999965424651
6,11.7,49.5999965354802
7,11.7,49.39999654945
