"Sweep (n)","Peak x (ms)","Peak y (mV)"
61,11.8,70.399995082617
62,11.8,70.3499950861095
63,11.8,70.2999950896019
64,11.8,70.399995082617
65,11.8,70.2499950930944
