"Sweep (n)","Peak x (ms)","Peak y (mV)"
135,12.6,56.0999960814605
136,12.5,55.8999960954303
137,12.6,55.7499961059077
138,12.7,55.5499961198775
139,12.6,55.7499961059077
