"Sweep (n)","Peak x (ms)","Peak y (mV)"
113,13.5,57.2999959976414
114,13.4,57.8499959592244
115,13.4,57.7999959627168
116,13.6,57.6499959731942
117,13.5,57.7499959662093
