"Sweep (n)","Peak x (ms)","Peak y (mV)"
172,12,62.6499956239483
173,12,62.7999956134709
174,12,62.2999956483955
175,12,62.349995644903
176,12,61.4499957077673
