"Sweep (n)","Peak x (ms)","Peak y (mV)"
113,12.1,58.0499959452545
114,12.1,57.9499959522394
115,12.2,57.8499959592244
116,12.1,57.6999959697017
117,12,57.5999959766867
