"Sweep (n)","Peak x (ms)","Peak y (mV)"
103,12.6,79.1999944679442
104,12.6,79.6999944330196
105,12.6,79.4499944504819
106,12.6,79.2499944644517
107,12.7,78.7999944958839
