"Sweep (n)","Peak x (ms)","Peak y (mV)"
763,7.6,51.799996381812
764,7.6,51.7499963853044
765,7.7,52.0499963643497
766,7.6,52.0999963608572
767,7.5,52.1499963573648
