"Sweep (n)","Peak x (ms)","Peak y (mV)"
885,6.8,56.5999960465359
886,6.9,56.1999960744755
887,6.8,56.2499960709831
888,6.8,56.4999960535208
889,6.8,56.5999960465359
