"Sweep (n)","Peak x (ms)","Peak y (mV)"
417,6.6,59.6499958334958
418,6.6,59.9999958090486
419,6.6,59.7499958265109
420,6.6,59.849995819526
421,6.6,60.1499957985712
