"Sweep (n)","Peak x (ms)","Peak y (mV)"
848,6.1,55.9999960884454
849,6.2,56.0499960849529
850,6.1,56.2499960709831
851,6.1,56.2499960709831
852,6.1,56.2999960674906
