"Sweep (n)","Peak x (ms)","Peak y (mV)"
660,8.2,69.6999951315115
661,8.2,69.6999951315115
662,8.4,69.6999951315115
663,8.3,69.0499951769134
664,8.5,69.1499951699285
