"Sweep (n)","Peak x (ms)","Peak y (mV)"
475,11.1,45.4999968218619
476,11.5,45.2499968393242
477,11.2,45.0999968498015
478,12.8,44.8499968672638
479,11,45.1499968463091
