"Sweep (n)","Peak x (ms)","Peak y (mV)"
638,5.7,25.349998229323
639,5.7,25.249998236308
640,5.7,25.6499982083683
641,5.7,25.7999981978909
642,5.7,25.5999982118607
