"Sweep (n)","dV/dt max x (ms)","dV/dt max y (V/s)"
47,6,289.291388302105
48,6,291.870123711307
49,6,284.530646008194
50,6,275.588995417708
51,6,270.401007020497
