"Sweep (n)","Ediast (mV)"
162,-63.9361541897581
163,-63.4695404423898
164,-64.3994110036921
165,-63.9672821179671
166,-63.7564056631395
