"Sweep (n)","Ediast (mV)"
5,-54.0554783895338
6,-54.547116549776
7,-54.3579075743879
8,-54.1009495787803
9,-53.6871312390606
