"Sweep (n)","Ediast (mV)"
47,-61.9686860214891
48,-62.72094428654
49,-61.479489267381
50,-61.5002412195203
51,-61.1633271730229
