"Sweep (n)","Negative dV/dt max x (ms)","Negative dV/dt max y (V/s)"
84,77.5999999999985,-10.9863281251599
85,86.2999999999993,-10.9863281251599
86,66.6500000000015,-10.9863281251599
87,217.400000000001,-10.9863281251599
88,244.399999999998,-10.9863281251599
