"Sweep (n)","Peak x (ms)","Peak y (mV)"
46,19.6,53.4499962665608
47,19.6,53.2499962805306
48,19.6,53.3999962700533
49,19.5,53.3999962700533
50,19.4,52.6499963224402
