"Sweep (n)","Peak x (ms)","Peak y (mV)"
35,20.4,54.8999961652795
36,20.4,54.5999961862342
37,20.3,54.8999961652795
38,20.4,54.8999961652795
39,20.4,54.7999961722644
