"Sweep (n)","Peak x (ms)","Peak y (mV)"
81,21.3,57.5499959801791
82,21.2,57.8499959592244
83,21.4,58.1999959347771
84,21.3,58.0999959417621
85,21.5,58.1499959382696
