"Sweep (n)","Peak x (ms)","Peak y (mV)"
86,21,32.3999977368862
87,21.5,32.3499977403787
88,21.3,32.8499977054541
89,21.2,32.1999977508561
90,21.2,30.0499979010318
