"Sweep (n)","Peak x (ms)","Peak y (mV)"
51,20.1,59.3499958544506
52,20.1,59.3999958509581
53,20.1,59.299995857943
54,20.1,59.3499958544506
55,20.1,59.4499958474657
