"Sweep (n)","Peak x (ms)","Peak y (mV)"
26,22.9,19.9499986065087
27,23,19.6499986274634
28,23.3,19.149998662388
29,23,19.7499986204785
30,23,19.8499986134936
