"Sweep (n)","Peak x (ms)","Peak y (mV)"
3,20.1,59.0499958754053
4,20.1,58.7499958963601
5,20.1,59.0999958719129
6,20,58.9499958823903
7,20,59.0999958719129
