"Sweep (n)","Peak x (ms)","Peak y (mV)"
83,19,51.4499964062592
84,19.1,51.3999964097517
85,19,51.4499964062592
86,19.1,51.3999964097517
87,19,51.4999964027667
