"Sweep (n)","Peak x (ms)","Peak y (mV)"
70,20.2,48.8999965843746
71,20.1,48.5999966053294
72,20.2,48.5999966053294
73,20.2,48.2999966262841
74,20.2,48.099996640254
