"Sweep (n)","APA (mV)"
401,119.159991676771
402,119.124991679215
403,118.95999169074
404,118.904991694582
405,118.949991691439
