"Sweep (n)","APA (mV)"
482,138.962490293582
483,138.969990293058
484,138.864990300392
485,138.824990303186
486,138.657490314886
