"Sweep (n)","APA (mV)"
474,119.804991631718
475,119.534991650577
476,119.752491635385
477,119.984991619145
478,120.122491609541
