"Sweep (n)","APA (mV)"
317,126.822491141551
318,127.057491125137
319,126.97999113055
320,126.824991141377
321,127.21249111431
