"Sweep (n)","APA (mV)"
253,138.834990302488
254,138.767490307203
255,138.477490327459
256,138.339990337063
257,138.622490317331
