"Sweep (n)","APA (mV)"
276,106.834992537662
277,107.074992520898
278,106.762492542726
279,106.28999257573
280,107.059992521946
