"Sweep (n)","APA (mV)"
70,129.352490964833
71,129.647490944227
72,129.359990964309
73,129.254990971643
74,129.604990947196
