"Sweep (n)","APA (mV)"
51,135.769990516575
52,135.879990508892
53,135.762490517099
54,135.724990519719
55,135.414990541372
