"Sweep (n)","APA (mV)"
412,135.479990536832
413,135.619990527053
414,135.649990524957
415,135.449990538927
416,135.637490525831
