"Sweep (n)","APA (mV)"
168,128.579991018791
169,128.592491017918
170,128.964990991899
171,128.642491014426
172,128.73749100779
