"Sweep (n)","APA (mV)"
298,122.364991452904
299,122.332491455174
300,122.277491459016
301,122.46999144557
302,122.552491439807
