"Sweep (n)","APA (mV)"
105,115.229991951278
106,115.017491966121
107,115.182491954596
108,114.994991967692
109,115.084991961406
