"Sweep (n)","APA (mV)"
409,119.437491657387
410,119.314991665944
411,119.08999168166
412,119.239991671183
413,119.149991677469
