"Sweep (n)","dV/dt max x (ms)","dV/dt max y (V/s)"
49,20,343.999975971886
50,20,361.499974749526
51,20,349.499975587716
52,20,378.999973527165
53,20.1,349.499975587691
