"Sweep (n)","dV/dt max x (ms)","dV/dt max y (V/s)"
75,20,316.499977892738
76,20,322.999977438719
77,19.9,306.999978556294
78,20.2,324.499977333945
79,20.1,297.499979219851
