"Sweep (n)","dV/dt max x (ms)","dV/dt max y (V/s)"
54,19.1,315.999977927663
55,19.2,289.499979778655
56,19.2,317.999977787953
57,19.2,315.999977927652
58,19.3,294.999979394495
