"Sweep (n)","dV/dt max x (ms)","dV/dt max y (V/s)"
48,20.2,333.499976705302
49,20.2,328.499977054548
50,20.2,303.999978765853
51,20.3,310.999978276909
52,20.2,321.499977543492
