"Sweep (n)","dV/dt max x (ms)","dV/dt max y (V/s)"
32,19,307.499978521359
33,19,304.999978695982
34,19.1,314.999977997512
35,19,305.999978626133
36,19.1,315.499977962587
