"Sweep (n)","dV/dt max x (ms)","dV/dt max y (V/s)"
226,7.7,350.999975482932
227,7.7,346.499975797254
228,7.6,332.499976775148
229,7.7,327.999977089464
230,7.7,357.499975028913
231,7.7,356.499975098762
232,7.7,351.499975448008
233,7.7,352.999975343234
234,7.6,328.999977019621
235,7.6,346.49997579726
