"Sweep (n)","Ediast (mV)"
61,-82.9699942046127
62,-82.9599942053112
63,-82.944994206359
64,-82.9149942084544
65,-82.9099942088037
