"Sweep (n)","Ediast (mV)"
3,-84.3699941068239
4,-84.2549941148565
5,-84.3799941061254
6,-84.3349941092686
7,-84.3799941061254
