"Sweep (n)","Ediast (mV)"
173,-69.404995152117
174,-69.4499951489738
175,-69.3399951566572
176,-69.3299951573557
177,-69.4549951486245
