"Sweep (n)","Ediast (mV)"
135,-72.2649949523483
136,-72.2399949540945
137,-72.2849949509513
138,-72.3399949471096
139,-72.3199949485066
