"Sweep (n)","Ediast (mV)"
61,-78.1299945426828
62,-78.2099945370949
63,-78.1699945398888
64,-78.1149945437305
65,-78.0949945451275
