"Sweep (n)","Ediast (mV)"
10,-73.5849948601474
11,-73.6299948570041
12,-73.5349948636398
13,-73.6249948573534
14,-73.6199948577027
