"Sweep (n)","Ediast (mV)"
13,-76.0749946862229
14,-76.0699946865721
15,-76.0549946876199
16,-76.0749946862229
17,-76.0299946893661
