"Sweep (n)","Ediast (mV)"
144,-72.5699949310443
145,-72.5499949324413
146,-72.6699949240594
147,-72.6399949261549
148,-72.6899949226624
