"Sweep (n)","Ediast (mV)"
159,-75.644994716258
160,-75.6199947180043
161,-75.604994719052
162,-75.584994720449
163,-75.5399947235922
