"Sweep (n)","Ediast (mV)"
110,-73.9699948332554
111,-74.0949948245243
112,-74.1199948227781
113,-74.0749948259213
114,-74.079994825572
