"Sweep (n)","Ediast (mV)"
172,-75.0849947553736
173,-75.1699947494364
174,-74.99499476166
175,-75.1149947532781
176,-75.2499947438485
