"Sweep (n)","Ediast (mV)"
169,-72.6799949233609
170,-72.5649949313935
171,-72.4999949359337
172,-72.6099949282503
173,-72.7499949184714
