"Sweep (n)","Ediast (mV)"
40,-74.1199948227781
41,-74.0449948280167
42,-74.0749948259213
43,-74.0649948266198
44,-74.2349948147454
