"Sweep (n)","Ediast (mV)"
152,-83.1449941923891
153,-82.7849942175348
154,-83.1749941902936
155,-83.2149941874997
156,-83.0399941997233
