"Sweep (n)","Ediast (mV)"
58,-81.2549943244041
59,-81.3299943191654
60,-81.3899943149744
61,-81.479994308688
62,-81.3999943142759
