"Sweep (n)","Ediast (mV)"
104,-69.6349951360517
105,-69.7749951262728
106,-69.5949951388456
107,-69.6699951336069
108,-69.8899951182401
