"Sweep (n)","Ediast (mV)"
163,-82.9699942046127
164,-82.9949942028665
165,-82.8549942126454
166,-82.9599942053112
167,-83.044994199374
