"Sweep (n)","Ediast (mV)"
174,-73.9049948377956
175,-73.9549948343032
176,-73.9449948350017
177,-73.8899948388434
178,-73.8799948395419
