"Sweep (n)","Ediast (mV)"
113,-70.3749950843633
114,-70.3899950833155
115,-70.3349950871572
116,-70.3699950847125
117,-70.3149950885542
