"Sweep (n)","Ediast (mV)"
103,-71.6599949946071
104,-71.7049949914638
105,-71.7799949862252
106,-71.8099949841297
107,-71.824994983082
