"Sweep (n)","APA (mV)"
33,138.434990330427
34,137.764990377226
35,138.259990342651
36,138.55249032222
37,138.707490311393
