"Sweep (n)","APA (mV)"
53,153.522489276578
54,153.562489273784
55,154.272489224191
56,153.907489249686
57,154.147489232922
