"Sweep (n)","APA (mV)"
63,136.172490488461
64,135.657490524434
65,136.592490459125
66,136.62749045668
67,136.717490450393
