"Sweep (n)","APA (mV)"
72,125.792491213496
73,125.764991215417
74,125.994991199351
75,126.167491187302
76,126.089991192716
