"Sweep (n)","APA (mV)"
36,147.272489713135
37,147.517489696022
38,147.56233344289
39,147.169989720295
40,147.124989723438
