"Sweep (n)","APA (mV)"
42,131.422490820245
43,131.157490838755
44,130.827490861805
45,130.934990854296
46,130.887490857614
