"Sweep (n)","APA (mV)"
84,139.392490263547
85,139.367490265293
86,138.7474903086
87,138.727490309997
88,139.132490281708
