"Sweep (n)","APA (mV)"
83,136.189990487239
84,135.144990560231
85,135.497490535609
86,135.69749052164
87,136.764990447076
