"Sweep (n)","APA (mV)"
4,138.322490338285
5,138.362490335491
6,138.362490335491
7,138.174990348588
8,138.059990356621
