"Sweep (n)","APA (mV)"
82,137.672490383687
83,138.064990356272
84,138.182490348064
85,138.587490319775
86,138.474990327633
