"Sweep (n)","APA (mV)"
27,136.844990441488
28,135.964990502955
29,136.274990481302
30,136.499990465586
31,137.98499036186
