"Sweep (n)","APA (mV)"
67,128.80249100325
68,128.614991016346
69,128.779991004821
70,128.464991026824
71,128.884990997487
