"Sweep (n)","APA (mV)"
70,141.714990101322
71,142.177490069017
72,141.889990089098
73,142.049990077923
74,142.279990061857
