"Sweep (n)","APA (mV)"
10,143.642489966688
11,143.749989959179
12,143.827489953766
13,143.709989961973
14,143.972489943638
