"Sweep (n)","APA (mV)"
88,134.109990632525
89,134.104990632874
90,134.199990626239
91,134.184990627286
92,134.254990622397
