"Sweep (n)","APA (mV)"
39,156.75498905079
40,157.18748902058
41,157.294989013072
42,161.212488739438
43,163.744988562544
