"Sweep (n)","APA (mV)"
37,140.17499020889
38,139.739990239274
39,139.599990249053
40,140.062490216748
41,139.799990235083
