"Sweep (n)","APA (mV)"
32,129.20249097531
33,129.262490971119
34,129.539990951736
35,129.459990957324
36,129.439990958721
