"Sweep (n)","APA (mV)"
94,135.66999052356
95,135.892490508019
96,136.002490500336
97,136.054990496668
98,135.754990517623
