"Sweep (n)","APA (mV)"
63,125.257491250865
64,125.079991263263
65,125.159991257675
66,124.962491271471
67,124.694991290155
