"Sweep (n)","APA (mV)"
87,140.854990161392
88,140.577490180776
89,140.892490158773
90,141.022490149693
91,141.362490125944
