"Sweep (n)","APA (mV)"
83,139.827490233162
84,140.664990174664
85,142.019990080018
86,142.36499005592
87,141.617490108132
