"Sweep (n)","APA (mV)"
51,127.947491062971
52,128.03999105651
53,127.672491082179
54,128.052491055637
55,127.989991060002
