"Sweep (n)","APA (mV)"
41,131.014990848708
42,131.069990844867
43,131.077490844343
44,131.119990841374
45,130.524990882935
