"Sweep (n)","APA (mV)"
64,121.909991484685
65,121.859991488178
66,121.90749148486
67,121.859991488178
68,122.00499147805
