"Sweep (n)","APA (mV)"
56,137.094834174036
57,137.079990425073
58,136.822490443059
59,136.899990437646
60,137.267490411976
