"Sweep (n)","dV/dt max x (ms)","dV/dt max y (V/s)"
319,7,404.999971711076
320,7,420.999970593489
321,7,380.999973387457
322,7,404.499971746001
323,7,411.999971222132
