"Sweep (n)","dV/dt max x (ms)","dV/dt max y (V/s)"
490,7,318.999977718107
491,7,321.499977543484
492,7,320.999977578408
493,7,320.499977613333
494,7,325.499977264087
