"Sweep (n)","Ediast (mV)"
9,-66.4184494018555
10,-65.6066818237305
11,-65.9057540893555
12,-65.2648849487305
13,-65.6249923706055
