"Sweep (n)","Ediast (mV)"
108,-65.0390548706055
109,-64.8986740112305
110,-64.8559494018555
111,-64.5263595581055
112,-65.1977462768555
