"Sweep (n)","Ediast (mV)"
22,-64.1662521362305
23,-64.2333908081055
24,-63.5681114196777
25,-63.8671836853027
26,-64.3310470581055
