"Sweep (n)","Ediast (mV)"
45,-49.0173301696777
46,-48.9868125915527
47,-49.2675743103027
48,-49.2614707946777
49,-49.1149864196777
