"Sweep (n)","Ediast (mV)"
23,-52.8137168884277
24,-53.1005821228027
25,-53.8879356384277
26,-54.2724571228027
27,-53.8574180603027
