"Sweep (n)","Ediast (mV)"
84,-74.2248458862305
85,-74.3041915893555
86,-74.1149826049805
87,-74.9450607299805
88,-74.4323654174805
