"Sweep (n)","Ediast (mV)"
18,-70.7458419799805
19,-70.8190841674805
20,-70.3491134643555
21,-70.8679122924805
22,-71.0143966674805
