"Sweep (n)","Ediast (mV)"
112,-57.7453575134277
113,-56.6040000915527
114,-57.3486289978027
115,-56.7504844665527
116,-56.7382774353027
