"Sweep (n)","Ediast (mV)"
17,-61.4868125915527
18,-61.2121543884277
19,-61.4746055603027
20,-61.2609825134277
21,-61.0412559509277
