"Sweep (n)","Ediast (mV)"
12,-55.1574668884277
13,-54.9987754821777
14,-55.3894004821777
15,-55.4382286071777
16,-54.5104942321777
