"Sweep (n)","Ediast (mV)"
55,-64.39208984375
56,-64.27001953125
57,-63.507080078125
58,-64.39208984375
59,-63.8427734375
