"Sweep (n)","dV/dt max x (ms)","dV/dt max y (V/s)"
253,7.6,300.499979010322
254,7.6,300.499979010322
255,7.6,302.999978835699
256,7.6,300.999978975398
257,7.6,299.499979080171
