"Sweep (n)","dV/dt max x (ms)","dV/dt max y (V/s)"
444,9.9,281.999980302529
445,9.9,288.999979813585
446,10,292.499979569113
447,10.2,287.999979883434
448,10.2,289.999979743736
