"Sweep (n)","Ediast (mV)"
1,-51.2002539157747
2,-49.4720435486415
3,-49.2333960990392
4,-49.6423316264908
5,-49.4055152314889
