"Sweep (n)","Ediast (mV)"
14,-46.6381813785553
15,-45.6652810341405
16,-45.7266213632583
17,-44.9551370249018
18,-46.2124611839321
