"Sweep (n)","Ediast (mV)"
2,-48.2943702647342
3,-52.6666234750321
4,-39.749753971363
5,-51.3165258829083
6,-51.9799779998335
