"Sweep (n)","Ediast (mV)"
7,-55.5996677693137
8,-51.3900732426962
9,-42.1411112796546
10,-54.6850559963492
11,-50.7406592110418
