"Sweep (n)","Ediast (mV)"
24,-47.7465797634092
25,-46.7907692619327
26,-47.579953794761
27,-47.9907203768131
28,-46.8045021714367
