"Sweep (n)","Ediast (mV)"
17,-49.9014258524657
18,-50.0955176401218
19,-48.5696388063472
20,-50.0549292631434
21,-49.2028785223637
