"Sweep (n)","Ediast (mV)"
10,-44.641111160911
11,-41.1209086913929
12,-39.3048077034343
13,-39.159544038459
14,-36.2457258174829
