"Sweep (n)","Ediast (mV)"
93,-76.1624946801111
94,-76.2124946766186
95,-76.214994676444
96,-76.2499946739993
97,-76.2599946733008
