"Sweep (n)","Ediast (mV)"
66,-76.9799946230094
67,-77.0074946210885
68,-77.0099946209139
69,-76.9474946252795
70,-77.01749462039
