"Sweep (n)","Ediast (mV)"
4,-74.8724947702165
5,-74.6624947848849
6,-74.669994784361
7,-74.7449947791223
8,-74.7174947810432
