"Sweep (n)","Ediast (mV)"
58,-68.5349952128858
59,-68.622495206774
60,-68.6049952079963
61,-68.2674952315704
62,-67.117495311897
