"Sweep (n)","Ediast (mV)"
84,-73.5299948639891
85,-73.3624948756888
86,-73.3974948732441
87,-73.3299948779589
88,-73.1174948928019
