"Sweep (n)","Ediast (mV)"
51,-70.3749950843633
52,-70.3474950862841
53,-70.339995086808
54,-70.3099950889035
55,-70.2749950913482
