"Sweep (n)","Ediast (mV)"
74,-70.0649951060165
75,-70.0399951077627
76,-70.0249951088105
77,-70.0399951077627
78,-70.0299951084612
