"Sweep (n)","Ediast (mV)"
64,-77.4649945891325
65,-77.4199945922757
66,-77.5349945842431
67,-77.5499945831953
68,-77.4849945877355
