"Sweep (n)","Ediast (mV)"
34,-75.1324947520557
35,-75.0824947555482
36,-75.0574947572944
37,-74.9874947621839
38,-74.9974947614854
