"Sweep (n)","Ediast (mV)"
55,-75.472494728307
56,-75.4599947291801
57,-75.4549947295294
58,-75.4624947290055
59,-75.472494728307
