"Sweep (n)","Ediast (mV)"
54,-77.6974945728926
55,-77.699994572718
56,-77.7024945725433
57,-77.6624945753373
58,-77.6674945749881
