"Sweep (n)","Ediast (mV)"
26,-72.2974949500782
27,-72.2774949514752
28,-72.2999949499036
29,-72.3124949490305
30,-72.3674949451888
