"Sweep (n)","Ediast (mV)"
63,-75.3899947340696
64,-75.5474947230683
65,-75.5474947230683
66,-75.3599947361651
67,-75.2124947464678
