"Sweep (n)","Ediast (mV)"
77,-79.782494427257
78,-79.7849944270824
79,-79.822494424463
80,-79.8174944248123
81,-79.7924944265585
