"Sweep (n)","Ediast (mV)"
11,-73.184994888087
12,-73.1874948879124
13,-73.23749488442
14,-73.2399948842453
15,-73.2524948833722
