"Sweep (n)","Ediast (mV)"
74,-81.519994305894
75,-81.4874943081641
76,-81.4749943090373
77,-81.5099943065925
78,-81.5374943046717
