"Sweep (n)","Ediast (mV)"
71,-65.5774954194648
72,-65.5949954182424
73,-65.5424954219095
74,-65.512495424005
75,-65.439995429069
