"Sweep (n)","Ediast (mV)"
65,-77.1749946093888
66,-77.2449946044993
67,-77.342494597689
68,-77.3749945954189
69,-77.3924945941966
