"Sweep (n)","Peak x (ms)","Peak y (mV)"
732,5.2,-39.3999972479419
733,5.2,-39.499997240957
734,5.2,-39.6499972304796
735,5.2,-39.5499972374645
736,5.2,-39.3499972514344
737,5.2,-39.0999972688967
738,5.2,-39.0999972688967
739,5.2,-38.5999973038213
740,5.2,-38.1499973352534
741,5.2,-37.5999973736705
