"Sweep (n)","dV/dt max x (ms)","dV/dt max y (V/s)"
46,20,190.872196649139
47,20.2,235.229497445286
48,20,186.492924090317
49,20.2,222.198491294645
50,20.2,233.810430030755
