"Sweep (n)","dV/dt max x (ms)","dV/dt max y (V/s)"
52,19,259.994512647264
53,19,264.419561574296
54,19,257.873540920169
55,19,267.379766718587
56,19,268.93616323775
