"Sweep (n)","dV/dt max x (ms)","dV/dt max y (V/s)"
73,21,219.467167991416
74,21,218.41431152257
75,20.8,204.13208464083
76,20.4,251.098638424993
77,20.6,258.71277433737
