"Sweep (n)","dV/dt max x (ms)","dV/dt max y (V/s)"
27,19,288.8641421988
28,19,290.695196927227
29,19,287.094122627987
30,19,287.75025057234
31,19,287.597662678305
