"Sweep (n)","dV/dt max x (ms)","dV/dt max y (V/s)"
90,19,207.611088624841
91,19,204.711918638165
92,19,215.072636643182
93,19,208.557133567862
94,19,209.777836720147
