"Sweep (n)","dV/dt max x (ms)","dV/dt max y (V/s)"
91,19,238.89160690214
92,19,218.536381837791
93,19,228.179936740841
94,19,210.021977350604
95,19,208.770756619512
