"Sweep (n)","dV/dt max x (ms)","dV/dt max y (V/s)"
19,19,369.567879354231
20,19,360.382088133287
21,19,363.708504223263
22,19,358.306892774403
23,19,363.433846013999
