"Sweep (n)","dV/dt max x (ms)","dV/dt max y (V/s)"
68,19,167.449954914671
69,19,167.358402178249
70,19,166.320804498807
71,19,166.442874814036
72,19,166.473392392843
