"Sweep (n)","dV/dt max x (ms)","dV/dt max y (V/s)"
84,19,222.976689554227
85,19,234.313970081072
86,19,251.022344477971
87,19,266.830450300059
88,19,265.319830149107
