"Sweep (n)","dV/dt max x (ms)","dV/dt max y (V/s)"
47,19,330.215461482449
48,19,330.09339116722
49,19,325.80567134482
50,19,336.456306348505
51,19,330.078132377816
