"Sweep (n)","Ediast (mV)"
219,-74.4799947976323
220,-74.4299948011248
221,-74.5099947955369
222,-74.424994801474
223,-74.3999948032203
