"Sweep (n)","Ediast (mV)"
242,-73.2949948804036
243,-73.3749948748157
244,-73.389994873768
245,-73.4849948671323
246,-73.3149948790066
