"Sweep (n)","Ediast (mV)"
248,-72.3149949488558
249,-72.1399949610795
250,-72.1799949582855
251,-72.4399949401247
252,-72.2749949516498
