"Sweep (n)","Ediast (mV)"
96,-62.9749956012473
97,-62.8599956092799
98,-62.8299956113754
99,-62.6399956246468
100,-62.9149956054382
