"Sweep (n)","Ediast (mV)"
5,-73.6299948570041
6,-73.6049948587504
7,-73.5049948657353
8,-73.4549948692278
9,-73.3999948730695
