"Sweep (n)","Ediast (mV)"
339,-73.3449948769112
340,-73.1299948919287
341,-73.4849948671323
342,-73.2449948838961
343,-73.3249948783082
