"Sweep (n)","Ediast (mV)"
310,-73.3649948755142
311,-73.3749948748157
312,-73.3399948772604
313,-73.409994872371
314,-73.3299948779589
