"Sweep (n)","Ediast (mV)"
412,-73.9799948325569
413,-73.9849948322077
414,-73.9799948325569
415,-74.0099948304615
416,-74.0099948304615
