"Sweep (n)","Ediast (mV)"
482,-68.0349952478104
483,-68.0099952495566
484,-68.0199952488581
485,-68.0999952432702
486,-68.1549952394285
