"Sweep (n)","Ediast (mV)"
253,-73.73499484967
254,-73.7499948486223
255,-73.694994852464
256,-73.6799948535117
257,-73.5649948615443
