"Sweep (n)","Ediast (mV)"
286,-69.0249951786597
287,-69.0949951737702
288,-69.059995176215
289,-69.1549951695793
290,-69.0049951800567
