"Sweep (n)","Ediast (mV)"
103,-65.8999953969384
104,-66.2649953714434
105,-66.0249953882072
106,-66.0549953861118
107,-65.9799953913505
