"Sweep (n)","Ediast (mV)"
444,-73.1749948887855
445,-73.1499948905318
446,-73.2499948835468
447,-73.2849948811021
448,-73.2849948811021
