"Sweep (n)","Ediast (mV)"
156,-71.3749950145141
157,-71.3199950183558
158,-71.4549950089261
159,-71.599994998798
160,-71.4999950057829
