"Sweep (n)","Ediast (mV)"
659,-71.0899950344211
660,-71.1049950333734
661,-71.0899950344211
662,-71.0299950386121
663,-71.0749950354688
