"Sweep (n)","Ediast (mV)"
524,-70.0499951070642
525,-70.0849951046195
526,-70.2299950944914
527,-70.034995108112
528,-70.1149951025241
