"Sweep (n)","Ediast (mV)"
613,-73.2699948821499
614,-73.2699948821499
615,-73.2599948828484
616,-73.2849948811021
617,-73.2649948824991
