"Sweep (n)","Ediast (mV)"
717,-76.6499946460596
718,-76.6799946439641
719,-76.6999946425671
720,-76.6849946436149
721,-76.6849946436149
