"Sweep (n)","Ediast (mV)"
18,-72.9999949010091
19,-72.9399949052001
20,-72.8949949083433
21,-72.8999949079941
22,-72.799994914979
