"Sweep (n)","Ediast (mV)"
658,-85.7549940100827
659,-85.504994027545
660,-85.749994010432
661,-85.6849940149722
662,-85.789994007638
