"Sweep (n)","Ediast (mV)"
623,-88.209993838603
624,-88.2049938389522
625,-88.209993838603
626,-88.1849938403492
627,-88.1349938438417
