"Sweep (n)","Ediast (mV)"
170,-78.0699945468737
171,-78.2199945363964
172,-78.0749945465245
173,-78.04499454862
174,-78.0099945510647
