"Sweep (n)","Ediast (mV)"
496,-85.6149940198616
497,-85.6149940198616
498,-85.6099940202109
499,-85.6249940191631
500,-85.6399940181154
