"Sweep (n)","Ediast (mV)"
148,-73.1499948905318
149,-73.1699948891348
150,-73.1499948905318
151,-73.144994890881
152,-73.1349948915795
