"Sweep (n)","Ediast (mV)"
41,-81.0599943380247
42,-80.9299943471051
43,-80.9999943422156
44,-81.0199943408186
45,-80.9149943481528
