"Sweep (n)","Ediast (mV)"
401,-72.9249949062478
402,-72.9099949072956
403,-72.879994909391
404,-72.9149949069463
405,-72.9349949055493
