"Sweep (n)","Ediast (mV)"
225,-84.4299941026329
226,-84.4699940998389
227,-84.4899940984419
228,-84.4799940991404
229,-84.4049941043791
