"Sweep (n)","Ediast (mV)"
375,-74.1849948182379
376,-74.2099948164916
377,-74.1949948175394
378,-74.1599948199841
379,-74.1599948199841
