"Sweep (n)","Ediast (mV)"
404,-71.5949949991473
405,-71.6049949984488
406,-71.6299949967025
407,-71.6549949949563
408,-71.5299950036875
