"Sweep (n)","Ediast (mV)"
390,-72.1949949572378
391,-72.2949949502528
392,-72.1849949579362
393,-72.2449949537453
394,-72.2549949530468
