"Sweep (n)","Ediast (mV)"
471,-75.2699947424515
472,-75.2749947421023
473,-75.239994744547
474,-75.2549947434992
475,-75.2549947434992
