"Sweep (n)","dV/dt max x (ms)","dV/dt max y (V/s)"
70,20,374.999973806562
71,19.9,407.499971536449
72,20.1,394.499972444475
73,20,395.499972374654
74,20.1,396.999972269852
