"Sweep (n)","dV/dt max x (ms)","dV/dt max y (V/s)"
32,20,373.499973911336
33,20,377.499973631939
34,20,382.499973282693
35,20.1,364.999974505028
36,20.2,351.999975413093
