"Sweep (n)","dV/dt max x (ms)","dV/dt max y (V/s)"
4,19.3,443.999968986969
5,19.3,442.999969056818
6,19.3,414.49997104752
7,19.3,394.499972444503
8,19.4,385.499973073132
