"Sweep (n)","APA (mV)"
438,126.04999119551
439,126.089991192716
440,125.484991234974
441,125.989991199701
442,125.859991208781
