"Sweep (n)","APA (mV)"
608,139.499990256038
609,140.004990220764
610,140.179990208541
611,140.104990213779
612,139.804990234734
