"Sweep (n)","APA (mV)"
19,144.904989878503
20,144.464989909237
21,143.899989948702
22,143.904989948352
23,144.414989912729
