"Sweep (n)","APA (mV)"
213,137.449990399229
214,137.579990390148
215,137.414990401674
216,137.319990408309
217,137.434990400277
