"Sweep (n)","APA (mV)"
448,135.219990554993
449,135.174990558136
450,135.589990529148
451,135.554990531593
452,135.66999052356
