"Sweep (n)","APA (mV)"
193,138.309990339159
194,138.514990324839
195,138.414990331824
196,138.444990329729
197,138.204990346493
