"Sweep (n)","APA (mV)"
391,125.25999125069
392,125.509991233228
393,125.424991239165
394,125.114991260819
395,125.444991237768
