"Sweep (n)","APA (mV)"
787,124.704991289457
788,124.224991322984
789,124.624991295045
790,124.479991305173
791,124.709991289108
