"Sweep (n)","APA (mV)"
585,141.729990100274
586,141.784990096433
587,141.659990105164
588,141.799990095385
589,141.944990085257
