"Sweep (n)","APA (mV)"
766,125.154991258025
767,124.914991274788
768,124.839991280027
769,124.784991283869
770,125.25999125069
