"Sweep (n)","APA (mV)"
841,127.879991067686
842,127.804991072924
843,127.83999107048
844,127.869991068384
845,127.704991079909
