"Sweep (n)","APA (mV)"
721,139.399990263023
722,140.219990205747
723,140.244990204
724,140.634990176759
725,140.784990166282
