"Sweep (n)","APA (mV)"
420,141.354990126468
421,141.36999012542
422,141.23499013485
423,141.159990140088
424,141.059990147073
