"Sweep (n)","APA (mV)"
647,140.519990184792
648,140.099990214129
649,140.139990211335
650,140.389990193872
651,140.489990186887
