"Sweep (n)","APA (mV)"
185,142.619990038109
186,142.459990049284
187,142.534990044046
188,142.104990074081
189,142.154990070588
