"Sweep (n)","APA (mV)"
824,143.694989963021
825,143.164990000041
826,143.28998999131
827,143.074990006327
828,142.924990016805
