"Sweep (n)","APA (mV)"
462,125.039991266057
463,125.214991253834
464,125.064991264311
465,125.179991256278
466,125.284991248944
