"Sweep (n)","APA (mV)"
380,134.059990636018
381,134.954990573503
382,134.729990589219
383,134.67499059306
384,133.919990645797
