"Sweep (n)","APA (mV)"
93,135.754990517623
94,136.19499048689
95,135.544365532335
96,135.704990521116
97,135.449990538927
