"Sweep (n)","APA (mV)"
79,127.139991119374
80,126.829991141027
81,127.119991120771
82,126.934991133693
83,127.154991118326
