"Sweep (n)","APA (mV)"
32,128.764991005869
33,129.414990960467
34,129.739990937766
35,129.859990929384
36,129.914990925542
