"Sweep (n)","APA (mV)"
49,126.864991138583
50,127.224991113437
51,126.879991137535
52,127.499991094228
53,127.064991124613
