"Sweep (n)","APA (mV)"
66,126.294991178397
67,126.789991143821
68,126.684991151155
69,126.454991167221
70,126.284991179095
