"Sweep (n)","APA (mV)"
93,146.619989758712
94,147.244989715056
95,141.424990121578
96,141.494990116689
97,141.399990123325
