"Sweep (n)","APA (mV)"
60,142.779990026933
61,143.354989986769
62,143.55998997245
63,143.609989968958
64,143.404989983277
