"Sweep (n)","APA (mV)"
50,141.459990119134
51,141.419990121928
52,142.344990057317
53,142.989990012264
54,144.319989919365
