"Sweep (n)","APA (mV)"
83,151.219989437406
84,151.069989447883
85,151.519989416451
86,152.134989373494
87,151.759989399687
