"Sweep (n)","APA (mV)"
74,152.414989353936
75,152.699989334029
76,153.044989309931
77,152.954989316217
78,153.024989311328
