"Sweep (n)","APA (mV)"
75,123.144991398422
76,123.684991360703
77,123.564991369085
78,123.659991362449
79,123.569991368736
