"Sweep (n)","APA (mV)"
70,131.404990821467
71,131.284990829849
72,131.804990793528
73,131.804990793528
74,132.389678252688
