"Sweep (n)","APA (mV)"
87,133.049990706565
88,133.599990668148
89,133.664990663608
90,133.689990661862
91,133.174990697834
