"Sweep (n)","APA (mV)"
90,135.514990534387
91,134.874990579091
92,135.574990530196
93,135.499990535435
94,135.034990567915
