"Sweep (n)","APA (mV)"
79,148.979989593868
80,148.854989602599
81,147.439989701435
82,147.394989704579
83,148.029989660224
