"Sweep (n)","APA (mV)"
54,123.384991381658
55,119.369991662102
56,122.459991446268
57,122.374991452205
58,122.109991470715
