"Sweep (n)","APA (mV)"
38,127.944991063145
39,128.629991015299
40,128.549991020887
41,128.559991020188
42,128.76999100552
