"Sweep (n)","APA (mV)"
67,130.784990864774
68,130.804990863377
69,130.729990868615
70,130.864990859186
71,130.999990849756
