"Sweep (n)","APA (mV)"
27,138.257490342826
28,137.934990365352
29,138.224990345096
30,137.994990361161
31,137.95749036378
