"Sweep (n)","APA (mV)"
65,140.509833935501
66,140.912490157376
67,140.874990159995
68,141.229990135199
69,141.907490087876
