"Sweep (n)","APA (mV)"
77,126.05499119516
78,126.839991140329
79,126.824991141377
80,126.172491186953
81,126.819991141726
