"Sweep (n)","APA (mV)"
147,133.417490680896
148,133.584990669196
149,133.717490659941
150,133.684990662211
151,133.639990665354
