"Sweep (n)","APA (mV)"
86,138.344990336714
87,138.229990344747
88,138.257490342826
89,138.172490348763
90,138.577490320474
