"Sweep (n)","APA (mV)"
156,129.124990980723
157,129.032490987184
158,129.429990959419
159,129.489990955228
160,129.194990975834
