"Sweep (n)","APA (mV)"
75,12.7449991097721
76,12.5599991226942
77,12.5849991209479
78,12.5149991258374
79,12.379999135267
