"Sweep (n)","APA (mV)"
70,133.422490680546
71,134.102490633049
72,134.067490635494
73,134.514990604236
74,134.154990629382
