"Sweep (n)","APA (mV)"
83,105.042336412877
84,105.657492619909
85,105.127492656929
86,105.472492632831
87,105.319992643483
