"Sweep (n)","APA (mV)"
117,100.744992963043
118,100.064993010541
119,99.7499930325433
120,99.6449930398775
121,99.5649930454654
