"Sweep (n)","APA (mV)"
123,123.239991391786
124,123.194991394929
125,123.439991377816
126,123.564991369085
127,123.779991354067
