"Sweep (n)","APA (mV)"
40,97.9099931610658
41,98.4024931266651
42,98.872493093836
43,98.5224931182832
44,98.2249931390633
