"Sweep (n)","APA (mV)"
90,119.61999164464
91,119.907491624558
92,120.244991600984
93,119.802491631892
94,120.409991589459
