"Sweep (n)","APA (mV)"
93,127.899991066289
94,127.469991096324
95,127.789991073972
96,127.504991093879
97,127.834991070829
