"Sweep (n)","APA (mV)"
79,119.939991622288
80,119.849991628575
81,119.947491621764
82,119.944991621939
83,120.029991616002
