"Sweep (n)","APA (mV)"
141,125.969991201098
142,125.967491201272
143,126.28249117927
144,126.28249117927
145,126.304991177698
