"Sweep (n)","APA (mV)"
20,128.93749099382
21,129.092490982993
22,129.477490956102
23,128.647491014076
24,128.827491001504
