"Sweep (n)","APA (mV)"
4,130.514990883633
5,130.667490872981
6,130.232490903365
7,130.192490906159
8,129.854990929733
