"Sweep (n)","APA (mV)"
153,130.782490864948
154,131.092490843295
155,130.947490853423
156,131.139990839977
157,130.557490880664
