"Sweep (n)","APA (mV)"
84,154.464989210745
85,155.1599891622
86,154.899989180361
87,155.049989169883
88,154.284989223318
