"Sweep (n)","APA (mV)"
81,125.609991226243
82,125.794991213321
83,125.504991233577
84,125.874991207733
85,125.844991209829
