"Sweep (n)","APA (mV)"
82,130.36499089411
83,130.409990890967
84,130.239990902842
85,130.484990885728
86,130.564990880141
