"Sweep (n)","APA (mV)"
96,131.284990829849
97,131.109990842073
98,131.259990831595
99,131.069990844867
100,131.239990832992
