"Sweep (n)","APA (mV)"
70,132.839990721234
71,132.94999071355
72,133.194990696437
73,133.084990704121
74,133.364990684563
