"Sweep (n)","APA (mV)"
56,129.939990923796
57,129.924990924844
58,129.639990944751
59,129.864990929035
60,129.574990949291
