"Sweep (n)","APA (mV)"
52,130.454990887824
53,130.82499086198
54,130.914990855693
55,130.884990857789
56,130.729990868615
