"Sweep (n)","APA (mV)"
57,130.809990863027
58,130.979990851153
59,130.949990853249
60,130.654990873854
61,130.769990865821
