"Sweep (n)","APA (mV)"
24,138.824990303186
25,140.294990200508
26,141.044990148121
27,141.324990128563
28,141.739990099576
