"Sweep (n)","APA (mV)"
46,127.349991104706
47,127.17999111658
48,127.344991105055
49,127.419991099816
50,127.329991106103
