"Sweep (n)","APA (mV)"
78,126.824991141377
79,126.804991142773
80,127.014991128105
81,127.079991123565
82,126.984991130201
