"Sweep (n)","APA (mV)"
6,125.234991252437
7,125.3199912465
8,124.824991281075
9,124.914991274788
10,124.769991284917
