"Sweep (n)","APA (mV)"
62,125.244991251738
63,125.199991254881
64,125.344991244753
65,125.45499123707
66,125.149991258374
