"Sweep (n)","Peak x (ms)","Peak y (mV)"
9,149.95,28.5644512176514
10,122,28.0761699676514
11,130,28.6254863739014
12,154.95,27.5878887176514
13,129.05,27.5268535614014
