"Sweep (n)","Peak x (ms)","Peak y (mV)"
22,102.9,16.7236309051514
23,126,17.0288066864014
24,175.599999999999,17.2729473114014
25,118.2,16.9677715301514
26,148.95,17.3339824676514
