"Sweep (n)","Peak x (ms)","Peak y (mV)"
2,35.6,46.9787575342538
3,44.2,48.0590797485662
4,47.6,33.7371810147574
5,36.4,47.8393531965026
6,36.6,47.1038795986233
