"Sweep (n)","Peak x (ms)","Peak y (mV)"
1,40.4,60.4431123634812
2,40.2,60.1287813237236
3,40.6,60.2477998727581
4,40,59.9548311366733
5,40.4,59.9304170753329
