"Sweep (n)","Peak x (ms)","Peak y (mV)"
7,35.4,60.1104707777183
8,34.2,59.6801729465939
9,10.2,58.1207247784762
10,35.2,60.1928682347422
11,34.6,59.8907442256548
