"Sweep (n)","Peak x (ms)","Peak y (mV)"
10,40,58.8745089223609
11,39.6,58.7982149806721
12,40,59.658810642921
13,40,59.374997179839
14,40.4,58.6883517046404
