"Sweep (n)","Ediast (mV)"
87,-64.3341033896066
88,-63.5449188567783
89,-64.004818737278
90,-63.7222259772629
91,-64.3109100313332
