"Sweep (n)","Ediast (mV)"
9,-60.9805268887366
10,-59.6548433579532
11,-60.9521455424284
12,-60.9500093120611
13,-60.5740327674191
