"Sweep (n)","Ediast (mV)"
42,-60.2404756543559
43,-59.6112032233073
44,-60.2459688181575
45,-60.7455415483353
46,-59.2965670077829
