"Sweep (n)","Ediast (mV)"
69,-55.4183933638613
70,-55.7110569241793
71,-55.0790379112298
72,-55.4812595718128
73,-54.9472019799917
