"Sweep (n)","Ediast (mV)"
84,-52.4658178205074
85,-53.2501195410675
86,-52.9254125252403
87,-53.3612035201663
88,-54.1009495787803
