"Sweep (n)","APA (mV)"
9,115.97930357331
10,114.638361254189
11,116.149286475392
12,116.043390484328
13,115.621637574673
