"Sweep (n)","APA (mV)"
87,117.425531531962
88,116.529535480769
89,116.949762511591
90,116.835016423291
91,117.152094044949
