"Sweep (n)","APA (mV)"
42,120.335687643737
43,119.4042912036
44,120.292352684857
45,120.865167599056
46,119.407037785501
