"Sweep (n)","APA (mV)"
69,103.614802207467
70,103.571772424355
71,103.37005124253
72,103.982844182174
73,104.196467218902
