"Sweep (n)","APA (mV)"
84,97.1191360120886
85,97.705073484258
86,96.8829299686202
87,97.4957229082642
88,98.7603712856966
