"Sweep (n)","Peak x (ms)","Peak y (mV)"
8,12,56.8999960255811
9,12,56.8999960255811
10,12,56.9499960220886
11,12,56.5999960465359
12,12,56.9499960220886
