"Sweep (n)","Peak x (ms)","Peak y (mV)"
170,11.9,56.8999960255811
171,11.9,56.799996032566
172,11.9,56.3999960605057
173,11.9,56.5499960500283
174,11.8,56.4999960535208
