"Sweep (n)","Peak x (ms)","Peak y (mV)"
51,12.4,79.0999944749291
52,12.5,78.8499944923914
53,12.5,78.7499944993763
54,12.4,79.0499944784216
55,12.4,78.999994481914
