"Sweep (n)","Peak x (ms)","Peak y (mV)"
115,11.9,57.6499959731942
116,11.9,57.6999959697017
117,11.9,57.7499959662093
118,11.9,57.6499959731942
119,11.9,57.449995987164
