"Sweep (n)","Peak x (ms)","Peak y (mV)"
151,13.1,45.3499968323392
152,12.9,45.3499968323392
153,13,45.4999968218619
154,13.1,45.4499968253543
155,13,45.6499968113845
