"Sweep (n)","Peak x (ms)","Peak y (mV)"
150,14.4,61.2499957217371
151,14.1,61.7999956833201
152,14.2,61.7999956833201
153,14.3,61.7499956868125
154,14.3,61.5999956972899
