"Sweep (n)","Peak x (ms)","Peak y (mV)"
60,12.8,46.8499967275655
61,12.8,46.7999967310579
62,12.8,46.8499967275655
63,12.8,46.7499967345504
64,12.7,46.6999967380428
