"Sweep (n)","Peak x (ms)","Peak y (mV)"
139,12.3,53.1499962875156
140,12.3,52.8999963049779
141,12.3,52.9999962979929
142,12.3,53.1499962875156
143,12.3,53.1999962840231
