"Sweep (n)","Peak x (ms)","Peak y (mV)"
112,13.4,51.6999963887969
113,13.5,51.5499963992743
114,13.2,51.5499963992743
115,13.3,51.6499963922894
116,13.1,51.3999964097517
