"Sweep (n)","APA (mV)"
506,121.794991492718
507,121.767491494639
508,122.077491472986
509,122.327491455523
510,121.849991488876
