"Sweep (n)","APA (mV)"
388,101.922492880796
389,101.572492905243
390,101.527492908386
391,101.439992914498
392,101.554992906466
