"Sweep (n)","APA (mV)"
660,138.024990359066
661,138.057490356795
662,138.094990354176
663,137.452490399054
664,137.572490390672
