"Sweep (n)","APA (mV)"
763,126.409991170364
764,126.382491172285
765,126.632491154822
766,126.689991150806
767,126.772491145044
