"Sweep (n)","APA (mV)"
734,35.9199974910171
735,35.9049974920648
736,35.932497490144
737,35.9449974892709
738,35.6599975091779
