"Sweep (n)","APA (mV)"
649,118.772491703837
650,118.959835440751
651,118.674991710647
652,118.794991702265
653,118.8574916979
