"Sweep (n)","APA (mV)"
885,130.584990878744
886,130.187490906509
887,130.267490900921
888,130.569990879791
889,130.669990872806
