"Sweep (n)","APA (mV)"
417,133.91249064632
418,134.347490615936
419,134.137490630604
420,134.259990622048
421,134.522490603712
