"Sweep (n)","APA (mV)"
20,113.977492038764
21,113.967492039462
22,113.512492071244
23,113.714992057099
24,113.877492045749
