"Sweep (n)","APA (mV)"
475,118.35999173265
476,118.097491750985
477,117.914991763733
478,117.66249178137
479,117.917491763558
