"Sweep (n)","APA (mV)"
413,63.0074955989772
414,63.4049955712121
415,63.1749955872774
416,62.4674956366957
417,62.9449956033427
