"Sweep (n)","APA (mV)"
48,113.262018546124
49,113.736261687661
50,112.49877395347
51,113.033747072591
52,112.714838396332
