"Sweep (n)","APA (mV)"
7,98.2330275607441
8,98.2113600813045
9,100.528559678275
10,98.8403273365864
11,98.0609084282943
