"Sweep (n)","APA (mV)"
40,107.616266861158
41,106.638788880242
42,107.171320593229
43,107.824396734085
44,106.407160473275
