"Sweep (n)","APA (mV)"
3,99.4055128566165
4,99.0307570150414
5,98.2366896699451
6,98.4378005002366
7,98.2675124223874
