"Sweep (n)","APA (mV)"
41,112.224420939157
42,110.103754535977
43,108.804316121135
44,109.043879098037
45,109.925226712426
