"Sweep (n)","dV/dt max x (ms)","dV/dt max y (V/s)"
81,10,146.423332889015
82,10,125.961297728097
83,9,154.357902824642
84,9,147.674553532709
85,8.8,130.050653002613
