"Sweep (n)","dV/dt max x (ms)","dV/dt max y (V/s)"
123,7.8,239.440906595916
124,7.8,257.843005331238
125,7.8,256.698596205907
126,8,215.362538598953
127,7.8,252.960193063159
