"Sweep (n)","dV/dt max x (ms)","dV/dt max y (V/s)"
55,10,242.126453343361
56,9.4,254.211413706857
57,9.4,225.830067398648
58,9.6,215.454091328979
59,9.6,236.175525891638
