"Sweep (n)","dV/dt max x (ms)","dV/dt max y (V/s)"
148,10.8,179.412833275222
149,10.6,180.740347860609
150,10,173.385611881813
151,10.6,172.74474277163
152,11.2,149.703972381632
