"Sweep (n)","dV/dt max x (ms)","dV/dt max y (V/s)"
23,9,116.59240168872
24,8.6,127.212518371793
25,8.6,125.503534077965
26,8.8,107.040400189292
27,9,122.650140658805
