"Sweep (n)","dV/dt max x (ms)","dV/dt max y (V/s)"
120,9,199.752798129438
121,9,192.321768208955
122,9.2,260.818469057101
123,9.6,236.846912578499
124,9.4,203.033437622055
