"Sweep (n)","dV/dt max x (ms)","dV/dt max y (V/s)"
115,9.4,123.413080075694
116,9,120.727533328249
117,9.2,119.003290246085
118,9.6,116.012567731886
119,10.8,113.616937962859
