"Sweep (n)","dV/dt max x (ms)","dV/dt max y (V/s)"
85,8,159.057609632669
86,7.8,187.759390495969
87,7.8,194.107046444471
88,7.8,183.166495206307
89,8,190.383902090062
