"Sweep (n)","dV/dt max x (ms)","dV/dt max y (V/s)"
41,8.2,137.100213214652
42,8,153.030388239259
43,7.6,140.472405437294
44,7.6,154.815666474776
45,8.4,153.457634312715
