"Sweep (n)","dV/dt max x (ms)","dV/dt max y (V/s)"
136,8.4,110.763544543701
137,8,113.00658642935
138,8,125.06102921617
139,8,124.78637102609
140,8.2,108.81041963647
