"Sweep (n)","dV/dt max x (ms)","dV/dt max y (V/s)"
69,8.6,97.7325393032663
70,8.4,100.631709087437
71,9,107.101435342642
72,8.8,102.142329132875
73,9.2,106.948847459265
