"Sweep (n)","dV/dt max x (ms)","dV/dt max y (V/s)"
177,12.2,151.199333638729
178,11.8,130.828851207839
179,11,161.880485475151
180,11.8,147.445671707644
181,12,147.598259591022
