"Sweep (n)","dV/dt max x (ms)","dV/dt max y (V/s)"
66,8,176.31529924266
67,8,169.403068125661
68,8,163.940421900748
69,7.8,176.620475009414
70,7.8,173.858634320282
