"Sweep (n)","APA (mV)"
66,131.347490825484
67,130.79249086425
68,130.812490862853
69,130.692490871235
70,130.842490860757
