"Sweep (n)","APA (mV)"
39,129.022490987883
40,128.959990992248
41,128.982490990677
42,129.192490976009
43,129.009990988756
