"Sweep (n)","APA (mV)"
70,131.544990811688
71,131.287490829674
72,131.927490784971
73,131.752490797195
74,132.407334501454
