"Sweep (n)","APA (mV)"
89,127.779991074671
90,127.682491081481
91,127.587491088117
92,127.349991104706
93,127.674991082005
