"Sweep (n)","APA (mV)"
93,130.35999089446
94,130.172490907556
95,129.687490941433
96,129.242490972516
97,128.754991006568
