"Sweep (n)","APA (mV)"
74,152.482489349221
75,152.67248933595
76,153.089989306788
77,152.992489313598
78,153.012489312201
