"Sweep (n)","APA (mV)"
53,125.724991218211
54,124.984991269899
55,124.894991276185
56,125.219991253484
57,125.12499126012
