"Sweep (n)","APA (mV)"
48,141.047490147946
49,141.529990114244
50,141.464990118784
51,141.432490121054
52,142.337490057841
