"Sweep (n)","APA (mV)"
32,134.517490604062
33,134.789990585028
34,134.829990582234
35,134.482490606506
36,134.354990615412
