"Sweep (n)","APA (mV)"
66,126.312491177174
67,126.759991145917
68,126.692491150632
69,126.462491166697
70,126.277491179619
