"Sweep (n)","APA (mV)"
90,135.442490539451
91,134.917490576122
92,135.562490531069
93,135.539990532641
94,135.032490568089
