"Sweep (n)","APA (mV)"
48,142.009833830727
49,142.777490027107
50,143.999989941717
51,145.124989863136
52,147.20498971785
