"Sweep (n)","APA (mV)"
30,125.737491217337
31,125.55749122991
32,125.762491215591
33,125.774991214718
34,125.709991219258
