"Sweep (n)","APA (mV)"
61,128.564991019839
62,128.219991043937
63,128.729991008314
64,128.542491021411
65,128.304991038
