"Sweep (n)","APA (mV)"
82,129.837490930956
83,129.447490958197
84,129.684990941608
85,129.614834696508
86,129.56499094999
