"Sweep (n)","APA (mV)"
83,151.219989437406
84,151.069989447883
85,151.592489411387
86,152.107489375414
87,151.772489398814
