"Sweep (n)","APA (mV)"
64,121.449991516816
65,122.279991458841
66,122.332491455174
67,121.952491481717
68,122.302491457269
