"Sweep (n)","Peak x (ms)","Peak y (mV)"
401,8,50.2499964900782
402,8,50.1999964935707
403,8,50.049996504048
404,8,50.049996504048
405,8,50.0999965005556
