"Sweep (n)","Peak x (ms)","Peak y (mV)"
70,7.6,56.2499960709831
71,7.6,56.5499960500283
72,7.6,56.2499960709831
73,7.6,56.149996077968
74,7.6,56.5499960500283
