"Sweep (n)","Peak x (ms)","Peak y (mV)"
168,7.9,57.8999959557319
169,7.9,57.8999959557319
170,7.9,58.2499959312847
171,7.9,57.9499959522394
172,7.9,58.0499959452545
