"Sweep (n)","Peak x (ms)","Peak y (mV)"
276,7.7,46.7499967345504
277,7.7,46.899996724073
278,7.7,46.899996724073
279,7.7,46.2999967659825
280,7.8,46.7999967310579
