"Sweep (n)","Peak x (ms)","Peak y (mV)"
317,8.5,54.5499961897267
318,8.5,54.7999961722644
319,8.4,54.7999961722644
320,8.3,54.6499961827418
321,8.5,55.0499961548021
