"Sweep (n)","Peak x (ms)","Peak y (mV)"
474,8.2,46.4999967520127
475,8.2,46.1999967729674
476,8.2,46.3999967589976
477,8.1,46.6999967380428
478,8.1,46.9499967205805
