"Sweep (n)","Peak x (ms)","Peak y (mV)"
51,9.1,69.4499951489738
52,9.1,69.5499951419888
53,9.1,69.4499951489738
54,9.1,69.4499951489738
55,9.1,69.1999951664361
