"Sweep (n)","Peak x (ms)","Peak y (mV)"
105,7.9,49.1999965634199
106,7.9,48.9999965773897
107,7.9,49.2999965564349
108,7.8,49.1499965669123
109,7.8,49.1999965634199
