"Sweep (n)","Peak x (ms)","Peak y (mV)"
306,7.7,43.2499969790225
307,7.7,43.2499969790225
308,7.7,43.1499969860075
309,7.7,43.199996982515
310,7.7,43.0999969894999
