"Sweep (n)","Peak x (ms)","Peak y (mV)"
298,9.6,49.1999965634199
299,9.9,49.1499965669123
300,9.7,49.0499965738972
301,9.6,49.2499965599274
302,9.6,49.3499965529425
