"Sweep (n)","Peak x (ms)","Peak y (mV)"
40,19,57.0220920181585
41,18.8,56.7626926164168
42,19,56.7596408587492
43,19,57.0159885028234
44,18.8,56.7871066777572
