"Sweep (n)","Peak x (ms)","Peak y (mV)"
7,20.2,47.5830055524285
8,20,47.613523129104
9,20.4,48.6083961287251
10,20.2,48.0377174448934
11,20,47.6623512517848
