"Sweep (n)","Peak x (ms)","Peak y (mV)"
48,29,57.1594211131982
49,29,57.3608371192564
50,27.2,56.8145724967651
51,28,56.8908664384538
52,27,57.0465060794989
