"Sweep (n)","Peak x (ms)","Peak y (mV)"
50,29.2,51.6540502809393
51,31.2,51.4373754865433
52,31.8,51.3122534221737
53,29.8,51.0131811707539
54,30.2,50.8514380143738
