"Sweep (n)","Peak x (ms)","Peak y (mV)"
3,20.2,47.9461647148669
4,20.2,47.6898170707927
5,20,47.4670387610616
6,20.4,47.5280739144126
7,20,47.8179908928298
