"Sweep (n)","Peak x (ms)","Peak y (mV)"
33,25.2,51.480100093889
34,23.8,51.39159912153
35,25.2,51.08031983944
36,24.4,51.6723608269446
37,25.2,51.0925268701102
