"Sweep (n)","Peak x (ms)","Peak y (mV)"
41,19,59.9822969556813
42,18.8,59.8358125876389
43,18.6,59.7839327072906
44,18.6,59.7717256766204
45,18.6,59.875485437317
