"Sweep (n)","dV/dt max x (ms)","dV/dt max y (V/s)"
78,12,285.499980058057
79,12,291.999979604038
80,12,290.999979673887
81,12,289.999979743736
82,12,289.499979778661
