"Sweep (n)","APA (mV)"
163,150.879989461154
164,151.007489452248
165,150.219989507255
166,150.444989491539
167,150.877489461329
