"Sweep (n)","APA (mV)"
174,127.769991075369
175,127.84499107013
176,127.832491071003
177,128.00749105878
178,127.97499106105
