"Sweep (n)","APA (mV)"
135,128.339991035555
136,128.159991048128
137,128.057491055287
138,127.887491067162
139,128.079991053716
