"Sweep (n)","APA (mV)"
110,136.034990498065
111,135.299990549405
112,135.994990500859
113,135.96749050278
114,135.879990508892
