"Sweep (n)","APA (mV)"
91,131.897490787066
92,131.959990782701
93,132.05249077624
94,132.014990778859
95,131.974990781653
