"Sweep (n)","APA (mV)"
148,128.344991035206
149,128.572491019315
150,128.889990997138
151,128.864990998884
152,128.699991010409
