"Sweep (n)","APA (mV)"
4,151.1799894402
5,150.579989482109
6,150.712489472854
7,150.759989469536
8,150.692489474251
