"Sweep (n)","APA (mV)"
118,127.252491111516
119,127.039991126359
120,126.782491144345
121,127.117491120946
122,126.909991135439
