"Sweep (n)","APA (mV)"
58,135.449990538927
59,135.30249054923
60,135.292490549928
61,135.384990543467
62,135.76749051675
