"Sweep (n)","APA (mV)"
61,143.167489999866
62,143.107490004057
63,143.277489992183
64,143.602489969482
65,143.677489964243
