"Sweep (n)","APA (mV)"
68,132.842490721059
69,132.694990731362
70,132.852490720361
71,132.999990710058
72,133.152490699406
