"Sweep (n)","APA (mV)"
81,130.142490909652
82,130.16499090808
83,130.474990886427
84,130.534990882236
85,130.317490897428
