"Sweep (n)","APA (mV)"
164,126.094991192366
165,126.05499119516
166,126.284991179095
167,126.337491175428
168,126.104991191668
