"Sweep (n)","APA (mV)"
13,129.427490959594
14,129.359990964309
15,129.412490960642
16,129.49999095453
17,129.312490967627
