"Sweep (n)","APA (mV)"
111,123.909991344987
112,124.067491333986
113,123.72999135756
114,123.959991341494
115,124.49749130395
