"Sweep (n)","APA (mV)"
108,145.84748981267
109,145.752489819306
110,145.754989819131
111,145.852489812321
112,145.54998983345
