"Sweep (n)","APA (mV)"
172,137.779990376179
173,137.882490369019
174,137.352490406039
175,137.517490394514
176,136.704990451266
