"Sweep (n)","Peak x (ms)","Peak y (mV)"
474,9,57.2999959976414
475,8.9,56.9999960185962
476,8.9,56.799996032566
477,8.9,56.7499960360585
478,8.9,56.8999960255811
