"Sweep (n)","Peak x (ms)","Peak y (mV)"
463,9.1,67.89999525724
464,9.1,68.449995218823
465,9.2,68.449995218823
466,9.3,68.5999952083456
467,9.1,68.3499952258079
