"Sweep (n)","Peak x (ms)","Peak y (mV)"
481,7.5,48.8999965843746
482,7.5,48.9499965808822
483,7.5,48.749996594852
484,7.5,48.6999965983445
485,7.5,48.749996594852
