"Sweep (n)","Peak x (ms)","Peak y (mV)"
281,9.4,54.1999962141739
282,9.6,54.3499962036965
283,9.6,53.8499962386211
284,9.6,53.9499962316362
285,9.5,54.1499962176664
