"Sweep (n)","Peak x (ms)","Peak y (mV)"
253,7.8,55.6499961128926
254,7.8,55.5999961163851
255,7.8,55.6499961128926
256,7.8,55.5499961198775
257,7.8,55.49999612337
