"Sweep (n)","Peak x (ms)","Peak y (mV)"
337,7.7,57.6999959697017
338,7.6,58.0999959417621
339,7.7,57.6499959731942
340,7.7,58.1999959347771
341,7.6,57.999995948747
