"Sweep (n)","Peak x (ms)","Peak y (mV)"
135,9.5,59.9499958125411
136,9.5,59.5999958369883
137,9.7,59.7999958230185
138,9.5,59.9499958125411
139,9.5,59.9499958125411
