"Sweep (n)","Peak x (ms)","Peak y (mV)"
266,8.5,59.5999958369883
267,8.5,59.4499958474657
268,8.5,59.199995864928
269,8.5,59.7499958265109
270,8.5,59.0999958719129
