"Sweep (n)","Peak x (ms)","Peak y (mV)"
383,8.5,52.9499963014854
384,8.5,52.9499963014854
385,8.5,52.7499963154552
386,8.4,52.6999963189477
387,8.6,52.3999963399025
