"Sweep (n)","Peak x (ms)","Peak y (mV)"
490,8,54.3999962002041
491,8,54.949996161787
492,8,54.949996161787
493,7.9,54.7999961722644
494,8,54.949996161787
