"Sweep (n)","Peak x (ms)","Peak y (mV)"
453,8.2,67.5999952781948
454,8.2,67.2999952991495
455,8.3,67.7999952642249
456,8.3,67.2999952991495
457,8.3,67.3499952956571
