"Sweep (n)","Peak x (ms)","Peak y (mV)"
201,8.3,56.3499960639982
202,8.2,55.4499961268624
203,8.3,56.1999960744755
204,8.2,55.3999961303549
205,8.2,56.3499960639982
