"Sweep (n)","Peak x (ms)","Peak y (mV)"
267,9.4,57.5499959801791
268,9.2,57.449995987164
269,9.6,58.0499959452545
270,9.5,58.1499959382696
271,9.3,58.1499959382696
