"Sweep (n)","Peak x (ms)","Peak y (mV)"
175,11,47.0499967135956
176,10.9,47.2499966996258
177,11,46.9499967205805
178,11,46.9999967170881
179,10.9,47.8999966542238
