"Sweep (n)","Peak x (ms)","Peak y (mV)"
156,11.8,67.2999952991495
157,11.8,67.6999952712099
158,11.8,67.7499952677174
159,11.8,67.1999953061345
160,11.7,67.1999953061345
