"Sweep (n)","Peak x (ms)","Peak y (mV)"
140,11.8,53.8499962386211
141,11.8,54.0999962211588
142,11.8,53.7999962421136
143,11.8,54.1999962141739
144,11.8,54.1999962141739
