"Sweep (n)","Peak x (ms)","Peak y (mV)"
164,13.4,50.599996465631
165,13.4,51.249996420229
166,13.4,51.2999964167366
167,13.4,50.8499964481687
168,13.5,51.249996420229
