"Sweep (n)","Peak x (ms)","Peak y (mV)"
58,11.8,63.4499955680689
59,11.8,63.3499955750538
60,11.8,63.3999955715614
61,11.8,63.2499955820387
62,11.8,63.1499955890237
