"Sweep (n)","Peak x (ms)","Peak y (mV)"
104,11.5,64.4499954982197
105,11.5,64.3999955017122
106,11.5,64.8999954667876
107,11.5,64.7999954737725
108,11.5,64.3999955017122
