"Sweep (n)","Peak x (ms)","Peak y (mV)"
26,11.9,59.8999958160335
27,11.9,59.8999958160335
28,11.9,59.8999958160335
29,11.9,59.849995819526
30,11.9,59.6499958334958
