"Sweep (n)","Peak x (ms)","Peak y (mV)"
176,12.4,62.0499956658578
177,12.5,63.4499955680689
178,12.5,63.4999955645765
179,12.5,63.6999955506066
180,12.5,62.7499956169633
