"Sweep (n)","Peak x (ms)","Peak y (mV)"
93,10.6,74.1499948206826
94,10.6,73.7999948451298
95,10.6,73.4999948660845
96,10.6,73.0499948975167
97,10.6,73.2999948800544
