"Sweep (n)","Peak x (ms)","Peak y (mV)"
151,11.8,53.0499962945005
152,11.7,53.3499962735457
153,11.8,52.9499963014854
154,11.8,53.2499962805306
155,11.7,53.0499962945005
