"Sweep (n)","Peak x (ms)","Peak y (mV)"
103,11.7,63.5999955575915
104,11.8,63.0499955960086
105,11.7,62.6999956204558
106,11.8,62.8499956099784
107,11.7,63.1999955855312
