"Sweep (n)","Peak x (ms)","Peak y (mV)"
120,12.8,60.7999957531693
121,12.7,61.3499957147522
122,12.8,61.0999957322145
123,12.7,61.3499957147522
124,12.8,61.049995735707
