"Sweep (n)","Peak x (ms)","Peak y (mV)"
62,11.4,54.3499962036965
63,11.5,54.4499961967116
64,11.4,54.299996207189
65,11.5,54.3999962002041
66,11.4,54.299996207189
