"Sweep (n)","Peak x (ms)","Peak y (mV)"
152,12,61.2999957182447
153,12,61.3499957147522
154,12,60.9999957391994
155,12,61.3499957147522
156,12,61.3499957147522
