"Sweep (n)","Peak x (ms)","Peak y (mV)"
87,11.8,60.6499957636466
88,11.8,60.2499957915863
89,11.8,60.7999957531693
90,11.8,60.8999957461843
91,11.8,60.5499957706316
