"Sweep (n)","Peak x (ms)","Peak y (mV)"
79,12.4,77.9499945552557
80,12.4,78.0999945447783
81,12.4,77.9999945517632
82,12.4,77.9999945517632
83,12.4,77.8499945622406
