"Sweep (n)","Peak x (ms)","Peak y (mV)"
86,11.8,70.5499950721397
87,11.8,70.399995082617
88,11.8,70.1499951000793
89,11.8,70.4499950791246
90,11.8,70.2499950930944
