"Sweep (n)","Peak x (ms)","Peak y (mV)"
94,12,62.6499956239483
95,12,62.4499956379181
96,12,63.1999955855312
97,12,62.899995606486
98,12,62.4999956344256
