"Sweep (n)","Peak x (ms)","Peak y (mV)"
83,11.9,74.7499947787731
84,11.8,74.649994785758
85,11.8,74.5499947927429
86,11.9,74.3999948032203
87,11.9,74.6999947822655
