"Sweep (n)","Peak x (ms)","Peak y (mV)"
219,9.7,75.849994701939
220,9.6,75.8999946984465
221,9.7,75.7999947054314
222,9.7,76.0499946879691
223,9.6,76.1499946809842
