"Sweep (n)","Peak x (ms)","Peak y (mV)"
412,8.1,61.4999957042748
413,8.1,61.6499956937975
414,8.1,61.6499956937975
415,8.1,61.4499957077673
416,8.1,61.6499956937975
