"Sweep (n)","Peak x (ms)","Peak y (mV)"
5,8,46.249996769475
6,8.1,45.8499967974146
7,8,45.6499968113845
8,8.1,45.4999968218619
9,8.1,45.1999968428166
