"Sweep (n)","Peak x (ms)","Peak y (mV)"
339,7.7,56.4499960570132
340,7.6,56.2499960709831
341,7.7,56.2999960674906
342,7.6,56.5499960500283
343,7.6,56.7499960360585
