"Sweep (n)","Peak x (ms)","Peak y (mV)"
248,8.4,54.7499961757569
249,8.3,54.8499961687719
250,8.4,54.6499961827418
251,8.5,54.7499961757569
252,8.4,54.5999961862342
