"Sweep (n)","Peak x (ms)","Peak y (mV)"
394,7,-40.2499971885701
395,7,-40.0999971990475
396,7,-40.4499971746003
397,7,-40.1999971920626
398,7,-39.7499972234947
