"Sweep (n)","Peak x (ms)","Peak y (mV)"
367,8.1,58.1999959347771
368,8.1,58.3999959208073
369,8,58.2499959312847
370,8.1,58.1999959347771
371,8.1,58.6999958998526
