"Sweep (n)","Peak x (ms)","Peak y (mV)"
96,7.5,53.7999962421136
97,7.5,53.7999962421136
98,7.5,53.9499962316362
99,7.5,53.6999962490985
100,7.5,53.749996245606
