"Sweep (n)","Peak x (ms)","Peak y (mV)"
242,8.8,49.7499965250028
243,8.8,49.6999965284953
244,8.9,49.6999965284953
245,8.8,49.949996511033
246,8.8,49.6999965284953
