"Sweep (n)","Peak x (ms)","Peak y (mV)"
103,7.8,49.1499965669123
104,7.9,49.3499965529425
105,7.9,49.1999965634199
106,7.9,48.9999965773897
107,7.9,49.2999965564349
