"Sweep (n)","Peak x (ms)","Peak y (mV)"
69,7.7,44.2999969056809
70,7.7,44.4499968952035
71,7.7,44.4999968917111
72,7.7,44.3499969021884
73,7.8,44.2499969091734
