"Sweep (n)","Peak x (ms)","Peak y (mV)"
286,7.9,50.1499964970631
287,7.9,50.2999964865857
288,7.8,50.2499964900782
289,7.9,50.6999964586461
290,7.8,50.4499964761084
