"Sweep (n)","APA (mV)"
509,133.904990646844
510,134.224990624493
511,134.119990631827
512,134.544990602141
513,134.314990618206
