"Sweep (n)","APA (mV)"
704,122.724991427758
705,122.46999144557
706,122.289991458143
707,122.374991452205
708,121.849991488876
