"Sweep (n)","APA (mV)"
273,120.204991603778
274,119.124991679215
275,116.509991861871
276,114.954991970486
277,112.414992147903
