"Sweep (n)","APA (mV)"
539,123.759991355464
540,123.924991343939
541,123.919991344288
542,124.019991337303
543,123.949991342193
