"Sweep (n)","APA (mV)"
783,81.9649942748112
784,81.5799943017031
785,81.7899942870348
786,81.5749943020523
787,80.9699943443111
