"Sweep (n)","APA (mV)"
544,132.299990758952
545,132.594990738347
546,132.81499072298
547,132.434990749523
548,132.384990753015
