"Sweep (n)","APA (mV)"
99,103.629992761528
100,102.699992826488
101,103.054992801692
102,102.634992831028
103,101.874992884114
