"Sweep (n)","APA (mV)"
860,130.974990851502
861,130.814990862678
862,131.039990846962
863,130.49499088503
864,131.104990842422
