"Sweep (n)","APA (mV)"
492,127.704991079909
493,127.039991126359
494,127.074991123914
495,127.494991094578
496,126.949991132645
