"Sweep (n)","APA (mV)"
739,121.624991504592
740,121.549991509831
741,121.869991487479
742,121.624991504592
743,121.594991506688
