"Sweep (n)","dV/dt max x (ms)","dV/dt max y (V/s)"
585,6.1,266.999981350265
586,6,269.499981175644
587,6.1,265.999981420114
588,6,266.499981385192
589,6.1,266.999981350265
