"Sweep (n)","dV/dt max x (ms)","dV/dt max y (V/s)"
647,6.9,310.999978276906
648,7,304.49997873092
649,7,304.49997873092
650,7,311.499978241976
651,7,312.499978172127
