"Sweep (n)","dV/dt max x (ms)","dV/dt max y (V/s)"
721,6.1,394.499972444493
722,6.1,460.499967834446
723,6.1,450.499968532938
724,6.1,443.499969021882
725,6,442.499969091735
