"Sweep (n)","dV/dt max x (ms)","dV/dt max y (V/s)"
717,7,316.49997789273
718,7.1,326.499977194238
719,7.2,305.499978661071
720,7,321.499977543484
721,7,327.499977124389
