"Sweep (n)","dV/dt max x (ms)","dV/dt max y (V/s)"
375,8,296.499979289714
376,8,278.999980512075
377,8,306.999978556297
378,7.7,298.999979115091
379,7.7,303.999978765845
