"Sweep (n)","APA (mV)"
46,83.3557071685791
47,83.6730899810791
48,84.3139591217041
49,84.2529239654541
50,84.1247501373291
