"Sweep (n)","APA (mV)"
315,82.7514591217041
316,83.3007755279541
317,83.1176689147949
318,84.0454044342041
319,82.0495548248291
