"Sweep (n)","APA (mV)"
62,100.976554870605
63,99.3591232299805
64,99.8168869018555
65,99.6948165893555
66,99.4201583862305
