"Sweep (n)","APA (mV)"
42,107.019033432007
43,107.153310775757
44,106.695547103882
45,106.591787338257
46,106.817617416382
