"Sweep (n)","APA (mV)"
105,89.6423254013062
106,88.7695226669312
107,90.0817785263062
108,89.7643957138062
109,89.0746984481812
