"Sweep (n)","APA (mV)"
58,90.4968166351318
59,90.4357814788818
60,90.9362697601318
61,90.8447170257568
62,90.8141994476318
