"Sweep (n)","APA (mV)"
174,103.326406478882
175,103.308095932007
176,101.519765853882
177,101.690664291382
178,101.947011947632
