"Sweep (n)","APA (mV)"
236,78.0395460128784
237,77.6184034347534
238,77.7099561691284
239,77.3925733566284
240,76.1352491378784
