"Sweep (n)","APA (mV)"
74,78.9855909347534
75,79.6935977935791
76,80.5969181060791
77,78.6987247467041
78,79.4372501373291
