"Sweep (n)","APA (mV)"
119,96.4355373382568
120,95.4345607757568
121,95.6481838226318
122,95.4711818695068
123,96.2951564788818
