"Sweep (n)","APA (mV)"
150,72.296142578125
151,72.265625
152,72.75390625
153,72.418212890625
154,72.32666015625
