"Sweep (n)","Peak x (s)","Peak y (mV)"
1,3411.6,18.0053698193206
2,6541.75,19.0734849780939
3,841.650000000001,35.583493575132
4,2957.7,43.518063326019
5,837.25,46.2646451628646
