"Sweep (n)","Peak x (s)","Peak y (mV)"
1,1183.4,37.7807590446084
2,1131.7,38.5131808677672
3,1056.8,39.7033663304003
4,839.5,39.88647178619
5,699.450000000001,39.5507784505755
6,691.5,38.2690402600476
7,620.4,38.6962863235569
8,727.15,38.9099093553116
9,729.850000000002,42.3583954393509
10,658.650000000001,37.9638645003981
11,846.400000000001,39.1235323870662
12,373.800000000003,34.5764135682886
13,589.149999999998,36.7431614618001
14,658.700000000001,38.3605929879424
