"Sweep (n)","Peak x (ms)","Peak y (mV)"
42,6.4,51.6999963887969
43,6.4,51.799996381812
44,6.4,51.8499963783195
45,6.4,52.6499963224402
46,6.4,52.3999963399025
