"Sweep (n)","Peak x (ms)","Peak y (mV)"
148,9,58.9999958788978
149,9,58.3999959208073
150,10,58.8999958858827
151,9.1,58.5999959068375
152,9.1,58.8999958858827
