"Sweep (n)","Peak x (ms)","Peak y (mV)"
405,11,46.9499967205805
406,12.2,46.5499967485202
407,9.4,46.9499967205805
408,10.4,47.0499967135956
409,10.5,46.8499967275655
