"Sweep (n)","Peak x (ms)","Peak y (mV)"
565,6.7,44.2999969056809
566,6.7,44.6999968777412
567,6.7,44.6499968812337
568,6.8,44.7499968742488
569,6.9,44.8999968637714
