"Sweep (n)","Peak x (ms)","Peak y (mV)"
471,8.7,55.6999961094001
472,8.9,55.5499961198775
473,8.4,55.49999612337
474,8.7,55.5999961163851
475,8.4,55.3499961338473
