"Sweep (n)","Peak x (ms)","Peak y (mV)"
698,6.8,59.3499958544506
699,6.8,58.9999958788978
700,6.9,59.1499958684204
701,6.9,59.0999958719129
702,6.9,59.0499958754053
