"Sweep (n)","Peak x (ms)","Peak y (mV)"
18,5.4,51.9499963713346
19,5.4,51.2999964167366
20,5.4,50.5499964691235
21,5.4,51.0999964307064
22,5.4,51.799996381812
