"Sweep (n)","Peak x (ms)","Peak y (mV)"
212,5.6,35.799997499399
213,5.5,35.6999975063839
214,5.5,35.6999975063839
215,5.5,36.0999974784443
216,5.4,36.449997453997
