"Sweep (n)","Peak x (ms)","Peak y (mV)"
45,7.6,64.0999955226669
46,7.6,64.1499955191745
47,7.9,64.1499955191745
48,7.9,64.199995515682
49,7.7,64.2999955086971
