"Sweep (n)","Peak x (ms)","Peak y (mV)"
181,6,55.8499960989228
182,6,54.6999961792493
183,6,54.1499962176664
184,5.9,54.0499962246513
185,5.9,53.4999962630683
