"Sweep (n)","Peak x (ms)","Peak y (mV)"
473,6.3,55.7499961059077
474,6.4,56.0999960814605
475,6.4,55.7499961059077
476,6.4,55.6999961094001
477,6.4,55.9499960919378
