"Sweep (n)","Peak x (ms)","Peak y (mV)"
130,5.2,46.249996769475
131,5.2,46.3999967589976
132,5.2,46.4999967520127
133,5.2,46.4499967555051
134,5.2,46.249996769475
