"Sweep (n)","APA (mV)"
15,116.088861673575
16,114.959711336582
17,115.051264066608
18,115.081781643284
19,114.776605876529
