"Sweep (n)","APA (mV)"
14,108.795160848132
15,105.28563953045
16,109.497065111668
17,106.475825020795
18,110.83983848539
