"Sweep (n)","APA (mV)"
18,84.5336873911153
19,84.2285116243604
20,84.4116170844133
21,85.1745565013007
22,84.8388631578702
