"Sweep (n)","APA (mV)"
23,115.356439833363
24,114.83764102988
25,112.915033699324
26,114.990228913257
27,115.386957410039
