"Sweep (n)","APA (mV)"
7,122.039789125296
8,121.215814555058
9,121.429437591786
10,120.788568481601
11,122.009271548621
