"Sweep (n)","APA (mV)"
15,94.665522847379
16,95.1538040741868
17,94.2382767739221
18,95.1232864975113
19,95.2148392275378
