"Sweep (n)","APA (mV)"
19,119.628900567932
20,119.537347837906
21,118.835443574369
22,121.704095781866
23,121.276849708409
