"Sweep (n)","APA (mV)"
11,124.694818296064
12,123.992914032528
13,124.237054645932
14,124.389642529309
15,123.107904308938
