"Sweep (n)","APA (mV)"
19,107.11669413098
20,106.536860174146
21,106.414789867444
22,107.696528087814
23,108.093256584596
