"Sweep (n)","APA (mV)"
4,111.999506399059
5,111.938471245708
6,112.548822779218
7,112.609857932569
8,112.701410662595
