"Sweep (n)","dV/dt max x (ms)","dV/dt max y (V/s)"
11,21.6,182.830801862879
12,21.8,180.969229685673
13,21.8,181.900015774276
14,21.4,159.500114494461
15,21,190.917959681888
