"Sweep (n)","dV/dt max x (ms)","dV/dt max y (V/s)"
67,19.2,182.723990344514
68,19,227.020252888988
69,19.4,214.599599182067
70,19.2,228.86656627786
71,19.2,201.812734555035
