"Sweep (n)","dV/dt max x (ms)","dV/dt max y (V/s)"
18,21.4,196.945181075291
19,21.4,246.963489246423
20,21,258.529650806443
21,21.2,244.934070397507
22,20.8,248.47410929186
