"Sweep (n)","dV/dt max x (ms)","dV/dt max y (V/s)"
32,24,238.494861718978
33,24,235.214222226362
34,23.8,242.507923051805
35,24.4,240.31065753117
36,25.4,201.644887883316
