"Sweep (n)","dV/dt max x (ms)","dV/dt max y (V/s)"
4,19,192.489614880669
5,19,180.786124225617
6,19,205.154409200998
7,18.6,207.351674721637
8,19,209.991445104064
