"Sweep (n)","dV/dt max x (ms)","dV/dt max y (V/s)"
34,20.6,229.278553562979
35,20,239.379871442567
36,19.8,247.955310488381
37,20,245.819080121096
38,20,186.401358333911
