"Sweep (n)","dV/dt max x (ms)","dV/dt max y (V/s)"
69,21.8,195.358267088168
70,22.6,226.119984377061
71,22,189.895620863252
72,20.8,233.062733070736
73,22.2,231.658924543671
