"Sweep (n)","dV/dt max x (ms)","dV/dt max y (V/s)"
79,19,137.847893843199
80,19.2,128.44848022715
81,19,131.332391222982
82,19,146.987908057509
83,18.8,136.428826527791
