"Sweep (n)","dV/dt max x (ms)","dV/dt max y (V/s)"
33,20.2,161.651603650084
34,20.2,169.082633570566
35,20,174.606314948833
36,20.4,172.088614873105
37,20.2,169.815055410778
