"Sweep (n)","dV/dt max x (ms)","dV/dt max y (V/s)"
27,22,134.048455547101
28,23.2,140.014641787162
29,20.2,160.263053911349
30,21.4,146.286003793973
31,19.6,145.858757720519
