"Sweep (n)","dV/dt max x (ms)","dV/dt max y (V/s)"
6,20.4,201.110830291499
7,20.4,186.721792889004
8,20,194.67162161297
9,21.2,195.75499558495
10,20,187.301626845838
