"Sweep (n)","dV/dt max x (ms)","dV/dt max y (V/s)"
81,19,138.000481726577
82,19,133.026116728472
83,20,131.408685164673
84,19.2,133.483880378606
85,19.2,134.902947694017
