"Sweep (n)","dV/dt max x (ms)","dV/dt max y (V/s)"
35,20.8,248.031604430065
36,21,232.589710632274
37,20.6,236.999500461879
38,20.4,216.247548322543
39,19.2,259.551989625068
