"Sweep (n)","dV/dt max x (ms)","dV/dt max y (V/s)"
12,21,160.079948451301
13,21.2,158.905021749292
14,21.4,141.372673949219
15,20.4,141.876213964367
16,21.6,153.091423392611
