"Sweep (n)","Ediast (mV)"
21,-86.6699177583998
22,-87.0361286785057
23,-87.1276814085322
24,-86.3952595683204
25,-85.1440389246252
