"Sweep (n)","Ediast (mV)"
9,-79.4677696629835
10,-78.7963829761226
11,-78.0944787125863
12,-79.1625938962285
13,-79.4067345096325
