"Sweep (n)","Ediast (mV)"
1,-76.5075647254607
2,-75.0732386217125
3,-75.6530725785469
4,-73.6999476713153
5,-74.7680628549576
