"Sweep (n)","Ediast (mV)"
4,-88.1347614388235
5,-88.6535602423068
6,-82.1838339871023
7,-84.7778280045193
8,-87.7380329420421
