"Sweep (n)","Ediast (mV)"
5,-64.8498504354224
6,-64.6972625520449
7,-63.4155243316742
8,-62.5915497614359
9,-63.9953582885086
