"Sweep (n)","Ediast (mV)"
4,-77.148433835646
5,-75.7141077318979
6,-76.6601526088381
7,-76.8127404922156
8,-74.6459925482556
