"Sweep (n)","Ediast (mV)"
2,-81.9091757970229
3,-80.8715781900561
4,-81.9091757970229
5,-81.542964876917
6,-81.2683066868375
