"Sweep (n)","Ediast (mV)"
4,-64.9719207421244
5,-64.7277801287204
6,-65.0939910488263
7,-65.2465789322038
8,-65.0329558954754
