"Sweep (n)","Peak x (ms)","Peak y (mV)"
8,36.2,58.2031263009412
9,36.2,58.2580579427941
10,36,58.1390393854463
11,36.2,58.1451429012077
12,35.6,58.1329358696849
