"Sweep (n)","Peak x (ms)","Peak y (mV)"
16,38.6,56.7169202130345
17,38.8,56.552125287476
18,38.4,56.6528332975395
19,38.2,56.6375745081359
20,38.4,56.5429700138339
