"Sweep (n)","Peak x (ms)","Peak y (mV)"
26,35.4,58.2458509112712
27,35.2,58.2672132164362
28,35.2,58.4106458368297
29,35.2,58.3251966161697
30,35.2,58.2550061849134
