"Sweep (n)","Peak x (ms)","Peak y (mV)"
22,34.8,59.7229017255359
23,34.8,59.7442640307009
24,34.8,59.7991956725537
25,34.8,59.8358167671222
26,34.8,59.8144544619572
