"Sweep (n)","Peak x (ms)","Peak y (mV)"
31,34.8,71.0815445575463
32,34.8,71.1853043254905
33,34.8,71.2036148727748
34,34.8,71.2066666306555
35,34.8,71.2127701464169
