"Sweep (n)","Peak x (ms)","Peak y (mV)"
50,34.2,70.8190933798051
51,34.2,70.8435074428508
52,34.2,70.7977310746401
53,34.2,70.947267210795
54,34.2,71.084596315427
