"Sweep (n)","Ediast (mV)"
96,-60.4574556245187
97,-60.4708833582559
98,-60.8715791400051
99,-60.7315034630646
100,-59.983822834515
