"Sweep (n)","Ediast (mV)"
82,-53.3258031312228
83,-53.340451568027
84,-52.4047826671564
85,-53.0258153525027
86,-52.5936864667777
