"Sweep (n)","Peak x (ms)","Peak y (mV)"
88,19.7,59.3499958544506
89,19.7,59.3499958544506
90,19.7,59.4499958474657
91,19.7,59.3999958509581
92,19.7,59.4999958439732
