"Sweep (n)","Peak x (ms)","Peak y (mV)"
63,20.1,49.2499965599274
64,20.1,49.0999965704048
65,20.1,49.2999965564349
66,20.1,49.1499965669123
67,20.1,48.9499965808822
