"Sweep (n)","Peak x (ms)","Peak y (mV)"
56,20.1,64.1499955191745
57,20,64.1499955191745
58,20.1,63.8999955366368
59,20.1,63.9999955296519
60,20,64.3499955052046
