"Sweep (n)","Peak x (ms)","Peak y (mV)"
39,18.5,76.3999946635219
40,18.4,76.7999946355822
41,18.4,76.8499946320898
42,18.5,80.849994352693
43,18.5,83.3999941745776
