"Sweep (n)","Peak x (ms)","Peak y (mV)"
37,19.4,55.7999961024152
38,19.4,55.3999961303549
39,19.3,55.2499961408323
40,19.4,55.6499961128926
41,19.4,55.3999961303549
