"Sweep (n)","Peak x (ms)","Peak y (mV)"
30,19.4,66.2999953689987
31,19.4,65.2499954423404
32,19.4,65.8999953969384
33,19.3,65.8999953969384
34,19.4,65.4499954283705
