"Sweep (n)","Peak x (ms)","Peak y (mV)"
33,18.8,67.5499952816872
34,18.9,66.8999953270892
35,18.9,67.4999952851797
36,18.9,67.8499952607325
37,18.9,68.0999952432702
