"Sweep (n)","Peak x (ms)","Peak y (mV)"
83,20.6,69.9499951140492
84,20.6,70.7499950581698
85,20.6,72.0999949638734
86,20.5,72.4999949359337
87,20.6,71.7999949848282
