"Sweep (n)","Peak x (ms)","Peak y (mV)"
42,19.8,55.8999960954303
43,19.8,55.8499960989228
44,19.8,55.6999961094001
45,19.7,55.7499961059077
46,19.7,55.5499961198775
