"Sweep (n)","Peak x (ms)","Peak y (mV)"
16,19.6,63.549995561084
17,19.6,63.9999955296519
18,19.6,64.199995515682
19,19.6,63.9499955331443
20,19.6,63.9999955296519
