"Sweep (n)","Peak x (ms)","Peak y (mV)"
4,19.5,61.1999957252296
5,19.5,61.1999957252296
6,19.5,61.049995735707
7,19.5,60.7999957531693
8,19.5,60.6499957636466
