"Sweep (n)","Peak x (ms)","Peak y (mV)"
27,20.2,63.1999955855312
28,20.2,62.349995644903
29,20.2,62.5999956274407
30,20.2,62.7999956134709
31,20.3,64.199995515682
