"Sweep (n)","Peak x (ms)","Peak y (mV)"
10,19.3,62.1499956588729
11,19.3,62.349995644903
12,19.3,62.3999956414106
13,19.3,62.2499956518879
14,19.3,62.4999956344256
