"Sweep (n)","Peak x (ms)","Peak y (mV)"
67,19.5,50.8499964481687
68,19.5,50.6499964621385
69,19.5,50.7999964516612
70,19.5,50.4499964761084
71,19.5,50.8499964481687
