"Sweep (n)","dV/dt max x (ms)","dV/dt max y (V/s)"
16,11.7,234.499983620366
17,11.6,236.499983480667
18,11.7,239.999983236195
19,11.7,241.999983096497
20,11.6,237.999983375894
21,11.7,244.999982886949
22,11.7,244.499982921874
23,11.7,242.999983026648
24,11.6,239.49998327112
25,11.7,232.499983760064
