"Sweep (n)","APA (mV)"
654,123.737335107047
655,123.872491347606
656,123.402491380435
657,124.52999130168
658,124.432491308491
