"Sweep (n)","APA (mV)"
437,136.124990491779
438,136.16249048916
439,136.307490479032
440,135.712490520592
441,133.892490647717
