"Sweep (n)","APA (mV)"
544,132.304990758603
545,132.597490738172
546,132.777490725599
547,132.424990750221
548,132.379990753364
