"Sweep (n)","APA (mV)"
273,120.077491612684
274,118.744991705758
275,116.277491878111
276,114.657491991267
277,112.307492155412
