"Sweep (n)","APA (mV)"
704,122.694991429854
705,122.482491444697
706,122.197491464604
707,122.329991455349
708,121.832491490099
