"Sweep (n)","APA (mV)"
292,110.897492253899
293,110.317492294412
294,110.612492273806
295,110.714992266647
296,110.63749227206
