"Sweep (n)","APA (mV)"
884,83.0999941955323
885,83.8549941427962
886,83.3449941784193
887,84.1899941193967
888,83.4649941700374
