"Sweep (n)","APA (mV)"
156,109.4099923578
157,109.954992319732
158,110.249992299127
159,110.029992314494
160,110.364992291094
