"Sweep (n)","APA (mV)"
890,122.747491426187
891,122.944991412391
892,122.994991408899
893,123.0049914082
894,123.017491407327
