"Sweep (n)","APA (mV)"
712,120.5124915823
713,120.764991564663
714,120.939991552439
715,121.059991544057
716,121.004991547899
