"Sweep (n)","APA (mV)"
756,121.754991495512
757,121.24249153131
758,120.789991562916
759,121.077491542835
760,121.17749153585
