"Sweep (n)","APA (mV)"
360,126.28749117892
361,125.659991222751
362,126.139991189223
363,126.114991190969
364,126.142491189049
