"Sweep (n)","APA (mV)"
229,128.534834771945
230,128.617491016172
231,128.492491024903
232,128.622491015823
233,128.914990995392
