"Sweep (n)","APA (mV)"
45,57.5622510910034
46,57.5927686691284
47,57.6904249191284
48,57.5012159347534
49,56.6223101615906
