"Sweep (n)","APA (mV)"
9,94.9829006195068
10,93.6828517913818
11,94.5312404632568
12,92.8527736663818
13,93.1518459320068
