"Sweep (n)","APA (mV)"
23,84.3078556060791
24,84.8388614654541
25,85.4431095123291
26,86.1938419342041
27,85.7788028717041
