"Sweep (n)","APA (mV)"
108,82.3120021820068
109,80.8898839950562
110,80.7861242294312
111,81.2499904632568
112,82.3486232757568
