"Sweep (n)","APA (mV)"
84,86.7370519638062
85,87.1826086044312
86,86.8102941513062
87,87.8845129013062
88,87.3718175888062
