"Sweep (n)","APA (mV)"
29,62.8112745285034
30,62.6647901535034
31,62.2314405441284
32,61.7797803878784
33,61.3098096847534
