"Sweep (n)","APA (mV)"
18,77.7648844718933
19,78.9977941513062
20,79.1992101669312
21,78.9245519638062
22,80.1696691513062
