"Sweep (n)","APA (mV)"
17,96.0327072143555
18,96.6125411987305
19,96.2646408081055
20,96.4782638549805
21,96.1364669799805
