"Sweep (n)","APA (mV)"
112,56.8298302292824
113,52.7587854862213
114,53.3813440799713
115,54.5532190799713
116,51.6113247871399
