"Sweep (n)","APA (mV)"
55,72.6318359375
56,73.1201171875
57,72.357177734375
58,72.93701171875
59,72.08251953125
