"Sweep (n)","APA (mV)"
162,116.829218083722
163,116.185602391636
164,117.167352833287
165,116.689447582549
166,116.24358578732
