"Sweep (n)","APA (mV)"
47,121.075128526584
48,121.540521570885
49,120.595087045478
50,120.603631966947
51,120.288080224123
