"Sweep (n)","APA (mV)"
5,99.5449781820235
6,99.3957472320803
7,99.2279005603651
8,98.8702345617284
9,97.5317336487412
