"Sweep (n)","Peak x (ms)","Peak y (mV)"
841,6.5,47.6499966716861
842,6.5,47.549996678671
843,6.5,47.5999966751786
844,6.5,47.5999966751786
845,6.5,47.4499966856559
