"Sweep (n)","Peak x (ms)","Peak y (mV)"
787,8.7,47.5999966751786
788,8.6,47.1499967066107
789,8.8,47.4999966821635
790,8.8,47.3499966926409
791,8.8,47.5999966751786
