"Sweep (n)","Peak x (ms)","Peak y (mV)"
438,8.4,47.4999966821635
439,8.7,47.549996678671
440,8.4,46.9999967170881
441,9.1,47.3999966891484
442,8.3,47.3999966891484
