"Sweep (n)","Peak x (ms)","Peak y (mV)"
420,6.3,57.2499960011339
421,6.3,57.2999959976414
422,6.2,57.1999960046263
423,6.3,57.0499960151037
424,6.3,56.9499960220886
