"Sweep (n)","Peak x (ms)","Peak y (mV)"
721,6.3,54.9999961582946
722,6.3,55.7999961024152
723,6.3,55.7999961024152
724,6.3,56.1999960744755
725,6.2,56.4499960570132
