"Sweep (n)","Peak x (ms)","Peak y (mV)"
391,5.7,41.0499971326908
392,5.6,41.4499971047511
393,5.6,41.5499970977662
394,5.6,41.0499971326908
395,5.6,41.4499971047511
