"Sweep (n)","Peak x (ms)","Peak y (mV)"
627,6.4,53.9999962281438
628,6.4,54.0499962246513
629,6.4,53.9499962316362
630,6.4,53.7999962421136
631,6.4,53.7999962421136
