"Sweep (n)","Peak x (ms)","Peak y (mV)"
608,7.4,60.1499957985712
609,7.3,60.6999957601542
610,7.3,60.8499957496768
611,7.3,60.8499957496768
612,7.3,60.4499957776165
