"Sweep (n)","Peak x (ms)","Peak y (mV)"
193,5.8,62.5499956309332
194,5.8,62.6999956204558
195,5.8,62.5999956274407
196,5.8,62.6499956239483
197,5.8,62.3999956414106
