"Sweep (n)","Peak x (ms)","Peak y (mV)"
19,4.9,69.8999951175416
20,4.9,69.5999951384964
21,4.8,69.2499951629436
22,4.9,69.3499951559587
23,4.9,69.6999951315115
