"Sweep (n)","Peak x (ms)","Peak y (mV)"
185,6.3,64.0499955261594
186,6.3,63.8999955366368
187,6.4,63.8499955401292
188,6.4,63.4499955680689
189,6.4,63.549995561084
