"Sweep (n)","Peak x (ms)","Peak y (mV)"
380,7.6,55.0999961513096
381,7.8,55.9499960919378
382,7.6,55.7499961059077
383,7.9,55.6499961128926
384,8.2,54.7999961722644
