"Sweep (n)","Peak x (ms)","Peak y (mV)"
824,6.7,61.699995690305
825,6.7,61.149995728722
826,6.7,61.2999957182447
827,6.6,61.0999957322145
828,6.6,60.9499957426919
