"Sweep (n)","Peak x (ms)","Peak y (mV)"
9,8,54.9987766845733
10,7.6,54.9835178962355
11,8,55.197140932964
12,8,55.0933811722673
13,7.6,55.0476048072541
