"Sweep (n)","Peak x (ms)","Peak y (mV)"
87,17.2,53.091428142355
88,15.8,52.9846166239907
89,16.8,52.9449437743126
90,15.8,53.1127904460278
91,17.4,52.8411840136159
