"Sweep (n)","Peak x (ms)","Peak y (mV)"
42,7.6,60.0952119893806
43,7.6,59.7930879802932
44,7.6,60.0463838666998
45,7.6,60.119626050721
46,7.4,60.1104707777183
