"Sweep (n)","Peak x (ms)","Peak y (mV)"
69,11.2,48.1964088436059
70,10.6,47.8607155001755
71,10.6,48.2910133312999
72,10.8,48.5015846103608
73,11,49.2492652389104
