"Sweep (n)","Ediast (mV)"
293,-76.3199946691098
294,-76.2449946743485
295,-76.194994677841
296,-76.214994676444
297,-76.0149946904138
