"Sweep (n)","Ediast (mV)"
57,-78.8299944937884
58,-78.7899944965823
59,-78.7749944976301
60,-78.7049945025195
61,-78.7749944976301
