"Sweep (n)","Ediast (mV)"
483,-79.8599944218437
484,-79.8349944235899
485,-79.8649944214945
486,-79.8999944190497
487,-79.9399944162558
