"Sweep (n)","Ediast (mV)"
61,-89.5449937453543
62,-89.5549937446558
63,-89.529993746402
64,-89.6099937408141
65,-89.6349937390679
