"Sweep (n)","Ediast (mV)"
340,-76.5649946519968
341,-76.5349946540923
342,-76.539994653743
343,-76.579994650949
344,-76.5549946526953
