"Sweep (n)","Ediast (mV)"
319,-82.2499942549041
320,-82.4049942440775
321,-82.4249942426805
322,-82.4199942430298
323,-82.4649942398866
