"Sweep (n)","Ediast (mV)"
490,-73.2449948838961
491,-73.3249948783082
492,-73.3699948751649
493,-73.2099948863408
494,-73.409994872371
