"Sweep (n)","Ediast (mV)"
407,-78.5799945112507
408,-78.5349945143939
409,-78.4949945171878
410,-78.5049945164893
411,-78.5199945154416
