"Sweep (n)","Ediast (mV)"
416,-82.6499942269645
417,-82.6649942259167
418,-82.659994226266
419,-82.5749942322032
420,-82.5199942360449
