"Sweep (n)","Ediast (mV)"
370,-73.774994846876
371,-73.7199948507177
372,-73.754994848273
373,-73.754994848273
374,-73.7699948472253
