"Sweep (n)","Ediast (mV)"
263,-80.0949944054291
264,-79.6649944354643
265,-79.5249944452432
266,-79.9649944145095
267,-80.0949944054291
