"Sweep (n)","Ediast (mV)"
323,-78.4349945213788
324,-78.4899945175371
325,-78.4699945189341
326,-78.4749945185848
327,-78.5199945154416
