"Sweep (n)","Ediast (mV)"
240,-74.6749947840118
241,-74.7699947773761
242,-74.7049947819163
243,-74.7249947805193
244,-74.7349947798208
