"Sweep (n)","Ediast (mV)"
470,-78.5799945112507
471,-78.5349945143939
472,-78.5349945143939
473,-78.4999945168386
474,-78.5149945157909
