"Sweep (n)","Ediast (mV)"
352,-78.7349945004241
353,-78.7349945004241
354,-78.7499944993763
355,-78.7499944993763
356,-78.7799944972808
