"Sweep (n)","Ediast (mV)"
398,-82.0549942685247
399,-81.8899942800498
400,-81.8649942817961
401,-81.9599942751604
402,-81.9749942741127
