"Sweep (n)","Ediast (mV)"
325,-76.9049946282481
326,-76.8499946320898
327,-76.8349946331375
328,-76.7949946359315
329,-76.7899946362807
