"Sweep (n)","Ediast (mV)"
472,-77.5399945838938
473,-77.5999945797029
474,-77.5849945807506
475,-77.5549945828461
476,-77.4999945866878
