"Sweep (n)","Ediast (mV)"
396,-84.5549940939017
397,-84.5849940918063
398,-84.589994091457
399,-84.5549940939018
400,-84.5349940952987
