"Sweep (n)","Peak x (ms)","Peak y (mV)"
91,13.3,57.3999959906565
92,13.3,57.3999959906565
93,13.3,57.1499960081188
94,13.4,56.9499960220886
95,13.3,57.449995987164
