"Sweep (n)","Peak x (ms)","Peak y (mV)"
169,11.4,50.2999964865857
170,11.4,50.2999964865857
171,11.4,50.2499964900782
172,11.4,50.049996504048
173,11.4,50.049996504048
