"Sweep (n)","Peak x (ms)","Peak y (mV)"
163,12.9,78.349994527316
164,12.8,78.4499945203311
165,12.7,77.699994572718
166,12.8,77.8999945587481
167,12.9,78.2999945308084
