"Sweep (n)","Peak x (ms)","Peak y (mV)"
68,12.8,57.449995987164
69,12.6,57.349995994149
70,12.6,57.4999959836716
71,12.6,57.6499959731942
72,12.7,57.7999959627168
