"Sweep (n)","Peak x (ms)","Peak y (mV)"
111,11.1,50.6499964621385
112,11.2,50.8499964481687
113,11.2,50.5499964691235
114,11.2,50.6999964586461
115,11.1,51.249996420229
