"Sweep (n)","Peak x (ms)","Peak y (mV)"
155,12.1,56.1999960744755
156,12,57.2999959976414
157,12.1,57.2999959976414
158,12.1,57.449995987164
159,12,58.1999959347771
