"Sweep (n)","Peak x (ms)","Peak y (mV)"
108,11.7,62.8499956099784
109,11.7,62.7499956169633
110,11.7,62.7499956169633
111,11.7,62.8499956099784
112,11.7,62.6499956239483
