"Sweep (n)","Peak x (ms)","Peak y (mV)"
118,12.8,53.2499962805306
119,12.7,53.099996291008
120,12.7,52.8499963084703
121,12.7,53.1499962875156
122,12.8,52.9499963014854
