"Sweep (n)","Peak x (ms)","Peak y (mV)"
4,12,70.1999950965869
5,12,69.6499951350039
6,11.9,69.8499951210341
7,11.9,69.9499951140492
8,11.9,69.8499951210341
