"Sweep (n)","Peak x (ms)","Peak y (mV)"
164,11.4,52.8499963084703
165,11.4,52.7999963119628
166,11.4,53.0499962945005
167,11.4,53.0499962945005
168,11.4,52.7999963119628
