"Sweep (n)","Peak x (ms)","Peak y (mV)"
11,28,46.8200661355412
12,26.8,46.6094948564803
13,27.6,46.4752175191081
14,27,46.7681862551929
15,25,46.408078850422
