"Sweep (n)","Peak x (ms)","Peak y (mV)"
4,19.4,51.1047339007804
5,19.4,50.9551977750705
6,19.6,51.1260962044532
7,19.2,51.1108374161155
8,19.6,51.141354992791
