"Sweep (n)","Peak x (ms)","Peak y (mV)"
60,20.4,48.1018043559119
61,20.4,48.0987525982443
62,19.8,47.796628589157
63,20,48.2360816932841
64,20.4,48.2727027852946
