"Sweep (n)","Peak x (ms)","Peak y (mV)"
34,21,43.2891825141867
35,20.4,43.7225321029787
36,20.2,43.6401346459548
37,20.4,43.5974100386091
38,20.6,43.1518534191469
