"Sweep (n)","Peak x (ms)","Peak y (mV)"
23,22.6,53.2745336024079
24,22.2,52.9907201393258
25,22.8,52.9754613509881
26,22.4,53.0700658386821
27,22,53.1494115380384
