"Sweep (n)","Peak x (ms)","Peak y (mV)"
54,22.8,46.7834450435306
55,23.6,46.340940181736
56,23.6,46.7254616478472
57,23.4,46.3500954547386
58,23,46.997068080259
