"Sweep (n)","Peak x (ms)","Peak y (mV)"
18,21.8,51.2145971768122
19,21.8,51.0101294130864
20,21.4,51.3458227565168
21,21.6,51.202390146142
22,21.2,51.3885473638625
