"Sweep (n)","Peak x (ms)","Peak y (mV)"
67,19.8,48.1140113865821
68,19.6,48.0987525982443
69,20,48.0560279908986
70,19.8,48.1018043559119
71,19.8,48.1201149019172
