"Sweep (n)","Peak x (ms)","Peak y (mV)"
2,22.8,49.1851783278919
3,18.4,50.6561255236506
4,21.8,49.5422339749952
5,17.8,56.0852024142208
6,24.4,47.985837564545
