"Sweep (n)","Peak x (ms)","Peak y (mV)"
79,23.6,52.2674535721167
80,24,51.3092016645062
81,23.8,52.3101781794624
82,23.2,52.847287528951
83,22.8,53.2989476637483
