"Sweep (n)","Peak x (ms)","Peak y (mV)"
10,20.8,47.2015358439848
11,23.6,47.2656227550034
12,20.6,47.7722145278166
13,20,48.1903053282708
14,19.8,47.0214821415994
