"Sweep (n)","Peak x (ms)","Peak y (mV)"
27,39.4,46.218869875034
28,40.4,46.340940181736
29,37.8,46.591184310475
30,37,46.2005593290287
31,35,46.1364724180102
