"Sweep (n)","Peak x (ms)","Peak y (mV)"
33,24.6,50.9979223824162
34,25,51.6326879772664
35,24.4,51.0925268701102
36,25,51.4373754865433
37,25.4,51.730344222628
