"Sweep (n)","Peak x (ms)","Peak y (mV)"
26,25.8,51.5838598545856
27,27.2,51.5624975509128
28,26.4,51.2512182688228
29,34.4,50.5950903702997
30,29.8,50.9185766830599
