"Sweep (n)","Peak x (ms)","Peak y (mV)"
54,18.8,43.0847147504609
55,18.6,42.7581766800331
56,18.6,42.7978495297112
57,18.6,42.8497294100596
58,18.6,42.941282140086
