"Sweep (n)","Peak x (ms)","Peak y (mV)"
14,22.8,40.9454326255088
15,23.6,37.7807599242602
16,25.2,37.3382550624655
17,23,39.6484356168004
18,23.4,39.190671966668
