"Sweep (n)","Peak x (ms)","Peak y (mV)"
85,36.6,36.0809309034352
86,36.8,34.8724348670857
87,35.8,35.2569563331969
88,34.2,34.640501284352
89,34.8,35.5194074926062
