"Sweep (n)","Peak x (ms)","Peak y (mV)"
25,19.2,50.1464819931699
26,19.6,50.274655815207
27,19.4,50.1220679318295
28,19.4,50.1586890238401
29,19.2,50.1007056281567
