"Sweep (n)","Peak x (ms)","Peak y (mV)"
35,22.8,48.7792945581078
36,23.2,48.6877418280814
37,22.8,48.4924293373582
38,22.8,48.6511207360708
39,21.2,49.1760230548892
