"Sweep (n)","Peak x (ms)","Peak y (mV)"
9,25,50.3723120605686
10,24.4,51.3122534221737
11,24.2,51.4953588822267
12,24.4,51.6601537962744
13,25.2,51.1993383884744
