"Sweep (n)","Peak x (ms)","Peak y (mV)"
13,23.8,56.0852024142208
14,24,56.2408420552658
15,24.4,55.9661838651864
16,25,55.8715793774924
17,24.2,56.2225315092605
