"Sweep (n)","Peak x (ms)","Peak y (mV)"
8,25.8,46.9757057765862
9,25.4,46.9696022612511
10,24.2,47.0001198379266
11,27.4,46.2707497553823
12,25.2,47.1038795986233
