"Sweep (n)","Peak x (ms)","Peak y (mV)"
12,24.8,57.0983859598472
13,24.8,56.6223117637095
14,25.6,56.6375705520473
15,24.4,56.8237277697678
16,25,56.4819309110022
