"Sweep (n)","Peak x (ms)","Peak y (mV)"
51,25.6,48.14147720559
52,25.4,47.3663307580325
53,25.2,47.5769020370934
54,24.8,48.2055641166086
55,25.6,47.6196266444391
