"Sweep (n)","Peak x (ms)","Peak y (mV)"
6,24,57.9406710760908
7,23.8,58.9019747413688
8,23.4,59.0545626247463
9,24.4,59.3048067534853
10,23.8,59.2742891768098
