"Sweep (n)","APA (mV)"
649,118.674991710647
650,119.07467918273
651,118.604991715537
652,118.749991705409
653,118.899991694931
