"Sweep (n)","APA (mV)"
703,134.064990635668
704,133.884990648241
705,134.159990629033
706,133.894990647543
707,134.129990631128
