"Sweep (n)","APA (mV)"
712,129.229990973389
713,128.824991001678
714,128.974990991201
715,129.424990959769
716,129.019990988058
