"Sweep (n)","APA (mV)"
321,119.349991663499
322,119.214991672929
323,119.139991678168
324,119.054991684105
325,118.749991705409
