"Sweep (n)","APA (mV)"
660,137.994990361161
661,138.044990357669
662,138.089990354525
663,137.444990399578
664,137.579990390148
