"Sweep (n)","APA (mV)"
736,36.0199974840322
737,36.064997480889
738,35.8149974983513
739,35.9899974861277
740,36.1099974777458
