"Sweep (n)","APA (mV)"
880,153.159989301898
881,152.994989313423
882,153.299989292119
883,153.224989297358
884,153.239676796332
