"Sweep (n)","APA (mV)"
884,130.529990882585
885,130.564990880141
886,130.209990904937
887,130.219990904239
888,130.579990879093
