"Sweep (n)","APA (mV)"
506,121.769991494464
507,121.759991495163
508,122.069991473509
509,122.319991456047
510,121.814991491321
