"Sweep (n)","APA (mV)"
766,126.654991153251
767,126.754991146266
768,126.414991170015
769,126.71499114906
770,126.434991168618
