"Sweep (n)","APA (mV)"
475,118.339991734047
476,118.129991748715
477,117.924991763034
478,117.664991781195
479,117.96499176024
