"Sweep (n)","APA (mV)"
247,112.719992126599
248,112.864992116471
249,112.744992124853
250,112.544992138823
251,112.759992123805
