"Sweep (n)","APA (mV)"
20,113.979992038589
21,114.11499202916
22,113.439992076308
23,113.664992060592
24,113.934992041733
