"Sweep (n)","Ediast (mV)"
150,-73.7724948470507
151,-73.774994846876
152,-73.8274948432089
153,-73.8549948412881
154,-73.9249948363986
