"Sweep (n)","Ediast (mV)"
85,-67.40249529199
86,-67.3974952923392
87,-67.4299952900691
88,-67.4824952864021
89,-67.5524952815126
