"Sweep (n)","Ediast (mV)"
150,-69.1174951721986
151,-69.1124951725479
152,-69.1224951718494
153,-69.0749951751672
154,-69.0399951776119
