"Sweep (n)","Ediast (mV)"
130,-73.1324948917541
131,-73.144994890881
132,-73.1324948917541
133,-73.1099948933257
134,-73.104994893675
