"Sweep (n)","Ediast (mV)"
151,-74.99499476166
152,-74.9924947618346
153,-75.1949947476902
154,-75.2849947414038
155,-75.4749947281324
