"Sweep (n)","Ediast (mV)"
63,-72.322494948332
64,-71.5099950050844
65,-71.7374949891937
66,-72.8424949120104
67,-73.1599948898333
