"Sweep (n)","Ediast (mV)"
25,-74.0849948252228
26,-73.6824948533371
27,-73.4624948687039
28,-73.5174948648622
29,-73.5449948629413
