"Sweep (n)","Ediast (mV)"
10,-73.9124948372718
11,-73.9098385874573
12,-73.8974948383195
13,-73.8824948393672
14,-73.8124948442567
