"Sweep (n)","Ediast (mV)"
143,-73.3299948779589
144,-73.3024948798798
145,-73.2399948842453
146,-73.2674948823245
147,-73.2874948809275
