"Sweep (n)","Ediast (mV)"
115,-66.2199953745866
116,-66.2599953717927
117,-66.2149953749359
118,-66.1849953770314
119,-66.2174953747613
