"Sweep (n)","Ediast (mV)"
51,-72.9499949045016
52,-72.9474949046762
53,-72.9699949031046
54,-72.992494901533
55,-72.9549949041524
