"Sweep (n)","Ediast (mV)"
8,-73.9124948372718
9,-73.8724948400657
10,-73.7924948456537
11,-73.7849948461775
12,-73.774994846876
