"Sweep (n)","Ediast (mV)"
170,-74.3274948082843
171,-74.3374948075858
172,-74.324994808459
173,-74.3024948100306
174,-74.2799948116022
