"Sweep (n)","Ediast (mV)"
139,-68.6474952050277
140,-68.6349952059009
141,-68.6774952029323
142,-68.6524952046785
143,-68.6274952064247
