"Sweep (n)","Ediast (mV)"
112,-74.1349948217303
113,-74.099994824175
114,-74.0574948271436
115,-73.8899948388434
116,-73.9224948365733
