"Sweep (n)","Ediast (mV)"
7,-70.9849950417553
8,-70.9599950435015
9,-71.0999950337226
10,-71.0699950358181
11,-70.929995045597
