"Sweep (n)","Peak x (ms)","Peak y (mV)"
86,12,63.1499955890237
87,12,63.0499955960086
88,12,63.0999955925161
89,11.9,62.999995599501
90,12,63.3999955715614
