"Sweep (n)","Peak x (ms)","Peak y (mV)"
77,12.3,52.8499963084703
78,12.3,53.5999962560834
79,12.4,53.649996252591
80,12.3,52.9999962979929
81,12.3,53.5999962560834
