"Sweep (n)","Peak x (ms)","Peak y (mV)"
70,12.4,56.0999960814605
71,12.5,56.6999960395509
72,12.3,56.4999960535208
73,12.4,56.799996032566
74,12.3,56.4499960570132
