"Sweep (n)","Peak x (ms)","Peak y (mV)"
156,12.3,59.4499958474657
157,12.2,59.3999958509581
158,12.2,59.849995819526
159,12.2,59.8999958160335
160,12.4,59.5499958404807
