"Sweep (n)","Peak x (ms)","Peak y (mV)"
83,13.7,28.4499980127906
84,13.7,28.9999979743735
85,13.8,28.4499980127906
86,13.8,28.7999979883433
87,14,28.7499979918358
