"Sweep (n)","Peak x (ms)","Peak y (mV)"
147,11.8,58.1499959382696
148,11.8,58.1999959347771
149,11.8,58.2999959277922
150,11.8,58.2999959277922
151,11.8,58.3499959242998
