"Sweep (n)","Peak x (ms)","Peak y (mV)"
65,12.3,63.549995561084
66,12.3,63.9999955296519
67,12.3,63.9499955331443
68,12.2,64.2999955086971
69,12.3,64.9499954632951
