"Sweep (n)","Peak x (ms)","Peak y (mV)"
40,12.7,24.3999982956798
41,12.6,24.8999982607552
42,12.6,25.349998229323
43,12.6,24.9999982537703
44,12.7,24.699998274725
