"Sweep (n)","Peak x (ms)","Peak y (mV)"
20,12,53.3999962700533
21,12.1,53.3999962700533
22,12.1,53.8499962386211
23,12.1,53.1499962875156
24,12,53.4499962665608
