"Sweep (n)","Peak x (ms)","Peak y (mV)"
156,11.3,37.5999973736705
157,11.4,36.8499974260574
158,11.4,32.2499977473636
159,11.5,35.9999974854292
160,11.5,34.1999976111577
