"Sweep (n)","Peak x (ms)","Peak y (mV)"
4,11.9,49.8999965145254
5,11.9,50.049996504048
6,11.9,49.6499965319877
7,11.9,49.6499965319877
8,11.9,49.3499965529425
