"Sweep (n)","Peak x (ms)","Peak y (mV)"
79,11.2,49.4499965459576
80,11.2,49.3499965529425
81,11.2,49.4499965459576
82,11.2,49.3499965529425
83,11.2,49.39999654945
