"Sweep (n)","Peak x (ms)","Peak y (mV)"
90,12,40.2999971850777
91,12.1,40.5499971676154
92,12.1,40.8999971431681
93,12.1,40.4499971746003
94,12,40.9999971361832
