"Sweep (n)","Peak x (ms)","Peak y (mV)"
141,12.8,44.4999968917111
142,12.6,44.4499968952035
143,12.8,44.6499968812337
144,12.9,44.6499968812337
145,12.7,44.7499968742488
