"Sweep (n)","APA (mV)"
23,162.922672098637
24,162.880863015671
25,163.403781728531
26,163.66653808206
27,162.920993631802
