"Sweep (n)","APA (mV)"
158,127.979128837119
159,127.952883719345
160,127.974093436616
161,127.957461356166
162,127.997897148085
