"Sweep (n)","APA (mV)"
93,140.888675024107
94,140.995486549932
95,140.897525121961
96,140.92697458551
97,140.8248932844
