"Sweep (n)","APA (mV)"
264,127.528689373926
265,127.501376140893
266,127.508547771913
267,127.3912076814
268,127.483218181503
