"Sweep (n)","APA (mV)"
47,140.269168174323
48,140.168002400577
49,140.274966514296
50,140.173648152656
51,140.194705282033
