"Sweep (n)","APA (mV)"
116,128.542330754004
117,128.544161808733
118,128.481753360072
119,128.480837832708
120,128.454592714934
