"Sweep (n)","APA (mV)"
19,126.793368312568
20,126.756899805894
21,126.738284082821
22,126.748965235404
23,126.729433984967
