"Sweep (n)","Peak x (ms)","Peak y (mV)"
10,61,56.3995334539784
11,55.8,56.3110324816195
12,59.2,56.436154545989
13,57.6,56.7260715244062
14,59,56.0516330798778
