"Sweep (n)","Peak x (ms)","Peak y (mV)"
22,34.8,49.9053931374335
23,34.8,50.1586890238401
24,34.8,50.2197241771911
25,34.8,50.2655005422043
26,34.6,50.091550355154
