"Sweep (n)","Peak x (ms)","Peak y (mV)"
11,35,46.9268776539054
12,35,46.6613747368286
13,34.6,46.5942360681425
14,34.8,46.9146706232352
15,34.8,46.5240456417889
