"Sweep (n)","Peak x (ms)","Peak y (mV)"
23,36.4,49.0661597788575
24,36.6,48.9776588064985
25,36.4,49.0997291132005
26,36.6,49.3072486345939
27,36.4,49.0142798985091
