"Sweep (n)","Peak x (ms)","Peak y (mV)"
37,42.6,47.8240944081649
38,39,47.8240944081649
39,39.4,48.2269264202814
40,39.4,48.5717750367145
41,39.2,48.1872535706033
