"Sweep (n)","Peak x (ms)","Peak y (mV)"
26,39,46.4843727921108
27,39,46.2341286633717
28,38.4,46.74682395152
29,39.6,46.6613747368286
30,38.6,45.9167458659466
