"Sweep (n)","Peak x (ms)","Peak y (mV)"
26,38.2,53.5461400348198
27,38.6,53.7872288905562
28,38.4,53.8574193169099
29,38.4,53.2775853600755
30,39.2,53.2440160257324
