"Sweep (n)","Peak x (ms)","Peak y (mV)"
17,37.6,51.2420629958201
18,37.4,51.3824438485274
19,37.2,51.3885473638625
20,37.4,51.1230444467857
21,38.4,50.9307837137301
