"Sweep (n)","Peak x (ms)","Peak y (mV)"
35,34.8,48.3612037576536
36,34.8,47.9583717455371
37,34.6,47.9217506535265
38,34.8,48.1231666595847
39,34.6,47.8485084695053
