"Sweep (n)","Peak x (ms)","Peak y (mV)"
16,34.8,43.5424784005933
17,34.8,44.1650369647733
18,34.6,43.8598611980184
19,34.6,43.5699442196012
20,34.8,43.8537576826833
