"Sweep (n)","Peak x (ms)","Peak y (mV)"
19,39.2,49.2706275425833
20,39.2,49.1485572358813
21,38.6,48.974607048831
22,41,49.8504614994176
23,40.8,49.2645240272482
