"Sweep (n)","Peak x (ms)","Peak y (mV)"
2,36,48.5443092177065
3,35.4,48.757932254435
4,35.6,48.2788063006297
5,36.4,49.191281843227
6,36.2,48.0346656872258
