"Sweep (n)","Peak x (ms)","Peak y (mV)"
10,38.8,53.2531712987351
11,39.8,53.4759496084662
12,39.2,52.5207494585233
13,39,52.7557347989245
14,39,51.8829321060055
