"Sweep (n)","Peak x (ms)","Peak y (mV)"
5,50,37.1582013600801
6,52.4,36.9811994153623
7,54,35.3485090632234
8,53,35.7482893176724
9,54.2,35.9924299310763
