"Sweep (n)","Peak x (ms)","Peak y (mV)"
11,34.2,50.2502417538666
12,34.2,50.4150366679143
13,34,50.4150366679143
14,34,50.4119849102467
15,34,50.2014136311858
