"Sweep (n)","Peak x (ms)","Peak y (mV)"
18,39,41.4916972480001
19,39.6,42.4621561862808
20,39.8,42.9290751094158
21,37.2,42.7337626186927
22,36.8,42.4774149746186
