"Sweep (n)","Peak x (ms)","Peak y (mV)"
11,40.4,50.8422827413712
12,40.2,50.5218481862785
13,39.6,51.1169409314506
14,40.6,51.174924327134
15,40,51.6113256735936
