"Sweep (n)","Peak x (ms)","Peak y (mV)"
21,73.8,48.0285621718907
22,56.6,47.9614235032046
23,58,48.3734107883238
24,56.4,47.5067116107398
25,62.8,48.4649635183503
