"Sweep (n)","Peak x (ms)","Peak y (mV)"
8,39.2,58.0963107171358
9,46.4,57.6660128860114
10,39.8,59.3994112411794
11,38.8,59.5458956092217
12,38.4,59.2987032381502
