"Sweep (n)","Peak x (ms)","Peak y (mV)"
5,46.4,53.4179662127828
6,46.2,53.8238499825668
7,47.4,53.2623265717377
8,46.2,54.0557835653006
9,42,53.7628148292158
