"Sweep (n)","Peak x (ms)","Peak y (mV)"
54,42.8,56.2744113896089
55,44.4,56.3995334539784
56,42.8,56.4727756379996
57,41,56.4727756379996
58,41,56.5795871563638
