"Sweep (n)","Peak x (ms)","Peak y (mV)"
2,40.4,45.0775125073705
3,38.2,47.1984840863173
4,41,43.6706522226303
5,40.6,43.1701639651522
6,39.6,45.8953835622738
