"Sweep (n)","Peak x (ms)","Peak y (mV)"
13,40.2,49.8229956804097
14,40.2,49.0875220825303
15,40,49.5819068246733
16,40.2,49.5056128829846
17,39.8,48.5351539447039
