"Sweep (n)","Peak x (ms)","Peak y (mV)"
10,37,51.3397192411817
11,37,51.608273915926
12,37.4,51.1596655387963
13,37.4,51.019284686089
14,36.8,50.5920386126321
