"Sweep (n)","Peak x (ms)","Peak y (mV)"
49,38.8,55.0567600802567
50,39.8,54.8278782551905
51,39.6,54.9468968042249
52,38.8,55.3314182703362
53,40.6,55.41381572736
