"Sweep (n)","Peak x (ms)","Peak y (mV)"
3,49.6,51.6754125846121
4,49.4,50.8819555910493
5,49.4,51.85241452933
6,50.4,50.0122046557977
7,49.4,48.4527564876801
