"Sweep (n)","Peak x (ms)","Peak y (mV)"
9,41.4,50.0061011404626
10,40.8,49.3347144536018
11,41,49.5117163983197
12,41,50.0030493827951
13,40.2,49.1607642665515
