"Sweep (n)","Peak x (ms)","Peak y (mV)"
292,7,34.8499975657557
293,7.1,34.2499976076653
294,7.1,34.5499975867105
295,7,34.6499975797256
296,7.1,34.6999975762331
