"Sweep (n)","Peak x (ms)","Peak y (mV)"
890,9.1,46.7999967310579
891,8.6,46.9999967170881
892,8.9,46.9999967170881
893,8.5,47.0499967135956
894,8.3,47.0999967101032
