"Sweep (n)","Peak x (ms)","Peak y (mV)"
544,7.2,55.1999961443247
545,7.3,55.4499961268624
546,7.2,55.6499961128926
547,7.3,55.2999961373398
548,7.3,55.2499961408323
