"Sweep (n)","Peak x (ms)","Peak y (mV)"
273,8.7,47.8999966542238
274,8.8,47.0499967135956
275,8.5,45.1499968463091
276,8.5,43.9999969266357
277,8.5,41.9499970698265
