"Sweep (n)","Peak x (ms)","Peak y (mV)"
884,9.4,7.8999994481914
885,8.9,8.59999939929697
886,9.3,8.04999943771402
887,9.1,8.89999937834221
888,9.2,8.1499994307291
