"Sweep (n)","Peak x (ms)","Peak y (mV)"
712,5.8,44.7499968742488
713,5.8,44.9499968602789
714,5.8,44.9499968602789
715,5.9,45.049996853294
716,5.8,45.049996853294
