"Sweep (n)","Peak x (ms)","Peak y (mV)"
360,7.2,63.2999955785463
361,7.2,62.5999956274407
362,7.4,62.999995599501
363,7.2,62.999995599501
364,7.3,62.8499956099784
