"Sweep (n)","Peak x (ms)","Peak y (mV)"
229,6.5,47.549996678671
230,6.5,47.6499966716861
231,6.5,47.549996678671
232,6.5,47.6499966716861
233,6.5,47.8999966542238
