"Sweep (n)","Ediast (mV)"
150,-73.9199948367479
151,-73.6499948556072
152,-73.8749948398911
153,-73.7899948458283
154,-73.9149948370971
