"Sweep (n)","Ediast (mV)"
151,-75.1349947518811
152,-74.8399947724866
153,-75.1649947497856
154,-75.239994744547
155,-75.319994738959
