"Sweep (n)","Ediast (mV)"
55,-66.679995342456
56,-66.6349953455992
57,-66.7499953375666
58,-66.5099953543304
59,-66.4446828588924
