"Sweep (n)","Ediast (mV)"
25,-74.2099948164916
26,-73.9649948336047
27,-73.4149948720217
28,-73.5299948639891
29,-73.4949948664338
