"Sweep (n)","Ediast (mV)"
170,-74.3149948091575
171,-74.3599948060142
172,-74.3149948091575
173,-74.324994808459
174,-74.2699948123007
