"Sweep (n)","Ediast (mV)"
3,-69.8249951227803
4,-69.7599951273205
5,-69.7749951262728
6,-69.7249951297652
7,-69.6849951325592
