"Sweep (n)","Ediast (mV)"
143,-73.7249948503685
144,-73.7249948503685
145,-73.7599948479238
146,-73.7499948486223
147,-73.8699948402404
