"Sweep (n)","Ediast (mV)"
69,-73.794994845479
70,-73.7599948479238
71,-73.8099948444313
72,-73.8099948444313
73,-73.7199948507177
