"Sweep (n)","Ediast (mV)"
31,-73.409994872371
32,-73.4049948727202
33,-73.3549948762127
34,-73.3799948744664
35,-73.4799948674815
