"Sweep (n)","Ediast (mV)"
8,-73.9349948357002
9,-73.8999948381449
10,-73.8299948430343
11,-73.7699948472253
12,-73.8049948447805
