"Sweep (n)","Ediast (mV)"
130,-73.1199948926272
131,-73.1299948919287
132,-73.164994889484
133,-73.124994892278
134,-73.0999948940242
