"Sweep (n)","Ediast (mV)"
112,-74.1049948238258
113,-74.1499948206826
114,-74.0649948266198
115,-74.0499948276675
116,-73.6999948521147
