"Sweep (n)","Ediast (mV)"
103,-69.15999516923
104,-69.099995173421
105,-69.1299951713255
106,-69.1299951713255
107,-69.0149951793582
