"Sweep (n)","Ediast (mV)"
5,-71.0349950382628
6,-71.0149950396598
7,-71.0699950358181
8,-70.8999950476924
9,-71.0249950389613
