"Sweep (n)","dV/dt max x (ms)","dV/dt max y (V/s)"
474,7.9,256.499982083684
475,7.9,243.999982956799
476,7.9,251.999982398005
477,7.8,256.999982048757
478,7.8,265.999981420114
