"Sweep (n)","dV/dt max x (ms)","dV/dt max y (V/s)"
276,7.3,175.999987706545
277,7.3,172.499987951017
278,7.3,175.999987706545
279,7.3,175.499987741469
280,7.4,180.49998739222
