"Sweep (n)","Negative dV/dt max x (ms)","Negative dV/dt max y (V/s)"
75,8.4,-69.9999951105569
76,8.5,-69.9999951105582
77,8.4,-71.4999950057832
78,8.5,-71.4999950057844
79,8.5,-70.4999950756336
80,8.4,-70.4999950756323
81,8.5,-68.9999951804073
82,8.5,-70.999995040709
83,8.5,-69.4999951454828
84,8.5,-69.9999951105582
