"Sweep (n)","RR (ms)"
315,124.299999999996
316,119
317,120.349999999999
318,120.950000000004
319,121.349999999999
