"Sweep (n)","RR (ms)"
58,149.65
59,147.9
60,156.200000000001
61,153.950000000001
62,157.599999999999
