"Sweep (n)","RR (ms)"
105,123.25
106,119.799999999999
107,118.200000000001
108,119.4
109,118.299999999999
