"Sweep (n)","RR (ms)"
236,140.899999999994
237,140.400000000001
238,138.400000000001
239,144.699999999997
240,141.25
