"Sweep (n)","RR (ms)"
150,149.100000000002
151,140
152,141.849999999999
153,141.849999999999
154,148.650000000001
