"Sweep (n)","Peak x (ms)","Peak y (mV)"
880,6.8,77.5499945831953
881,6.8,77.4999945866878
882,6.8,77.7499945692255
883,6.8,77.6499945762104
884,6.8,77.699994572718
