"Sweep (n)","Peak x (ms)","Peak y (mV)"
321,5.9,51.6499963922894
322,5.9,51.6499963922894
323,6,51.4499964062592
324,5.9,51.5999963957818
325,6,51.249996420229
