"Sweep (n)","Peak x (ms)","Peak y (mV)"
766,7.6,52.0999963608572
767,7.5,52.1499963573648
768,7.8,51.799996381812
769,7.8,52.0999963608572
770,7.6,51.8499963783195
