"Sweep (n)","Peak x (ms)","Peak y (mV)"
703,6.8,58.9499958823903
704,6.8,58.7499958963601
705,6.9,58.9499958823903
706,6.8,58.7499958963601
707,6.8,58.9999958788978
