"Sweep (n)","Peak x (ms)","Peak y (mV)"
649,7.7,46.1999967729674
650,7.8,46.4499967555051
651,7.6,46.249996769475
652,7.9,46.249996769475
653,7.7,46.3499967624901
