"Sweep (n)","Peak x (ms)","Peak y (mV)"
736,5.2,-39.3499972514344
737,5.2,-39.0999972688967
738,5.2,-39.0999972688967
739,5.2,-38.5999973038213
740,5.2,-38.1499973352534
