"Sweep (n)","Peak x (ms)","Peak y (mV)"
247,6,37.8999973527157
248,5.9,38.0999973387459
249,5.9,38.0499973422383
250,6,37.8499973562082
251,5.9,38.0999973387459
