"Sweep (n)","Peak x (ms)","Peak y (mV)"
117,12,63.3499955750538
118,12,63.2499955820387
119,11.9,63.0499955960086
120,12,63.3999955715614
121,12,63.0499955960086
