"Sweep (n)","Peak x (ms)","Peak y (mV)"
163,14.1,26.7499981315342
164,14.3,26.7999981280417
165,14,27.099998107087
166,14.1,26.6999981350266
167,13.8,26.549998145504
