"Sweep (n)","Peak x (ms)","Peak y (mV)"
123,11.9,53.3999962700533
124,11.9,53.3999962700533
125,11.9,53.5999962560834
126,11.9,53.6999962490985
127,11.9,53.8999962351287
