"Sweep (n)","Peak x (ms)","Peak y (mV)"
117,19.4,22.9999983934686
118,19.7,22.5999984214083
119,20.2,22.199998449348
120,20,21.9999984633178
121,20,22.0999984563329
