"Sweep (n)","Peak x (ms)","Peak y (mV)"
169,12.4,54.6499961827418
170,12.4,54.3999962002041
171,12.3,53.749996245606
172,12.3,53.3999962700533
173,12.3,53.5999962560834
