"Sweep (n)","Peak x (ms)","Peak y (mV)"
27,11.7,61.7999956833201
28,11.7,61.5499957007824
29,11.7,61.8499956798276
30,11.7,61.5499957007824
31,11.7,61.5499957007824
