"Sweep (n)","Peak x (ms)","Peak y (mV)"
89,12.9,52.1999963538723
90,12.9,52.2499963503798
91,12.9,52.1499963573648
92,13,52.1499963573648
93,12.9,51.8499963783195
