"Sweep (n)","Peak x (ms)","Peak y (mV)"
175,13.4,58.2499959312847
176,13.4,58.1499959382696
177,13.7,58.3499959242998
178,13.5,58.4999959138224
179,13.3,58.8499958893752
