"Sweep (n)","Peak x (ms)","Peak y (mV)"
29,12.4,56.0999960814605
30,12.6,58.0499959452545
31,12.5,58.9999958788978
32,12.2,57.6999959697017
33,12.4,56.0499960849529
