"Sweep (n)","Peak x (ms)","Peak y (mV)"
82,12.1,52.8499963084703
83,12.1,52.8999963049779
84,12.1,52.5999963259326
85,12.1,52.8499963084703
86,12.1,52.8499963084703
