"Sweep (n)","Peak x (ms)","Peak y (mV)"
23,12.1,53.1499962875156
24,12,53.4499962665608
25,12,52.7499963154552
26,12.1,53.5999962560834
27,12,53.1999962840231
