"Sweep (n)","Peak x (ms)","Peak y (mV)"
93,12.1,45.2999968358317
94,12.2,44.8499968672638
95,12.1,45.1999968428166
96,12,44.8999968637714
97,12.1,45.1499968463091
