"Sweep (n)","Peak x (ms)","Peak y (mV)"
176,12.2,42.2999970453793
177,12.1,42.0999970593491
178,12.2,41.6999970872888
179,12.1,41.9499970698265
180,12.1,42.0999970593491
