"Sweep (n)","Peak x (ms)","Peak y (mV)"
153,12.6,65.9999953899535
154,12.6,66.3499953655063
155,12.6,66.1999953759836
156,12.5,66.3999953620138
157,12.6,65.7999954039233
