"Sweep (n)","Peak x (ms)","Peak y (mV)"
73,11.2,49.4499965459576
74,11.2,49.4499965459576
75,11.2,49.6999965284953
76,11.2,49.5999965354802
77,11.2,50.1499964970631
