"Sweep (n)","APA (mV)"
120,157.560580914332
121,159.501193750676
122,159.68963979981
123,156.829227138219
124,158.953555798983
