"Sweep (n)","APA (mV)"
144,130.028079078229
145,130.01297287672
146,130.019534156163
147,129.960635229065
148,129.995425268905
