"Sweep (n)","APA (mV)"
10,137.243350235597
11,137.073977673217
12,137.087252819998
13,137.390292377553
14,137.370761127116
