"Sweep (n)","APA (mV)"
15,132.254946803785
16,132.167513940502
17,132.14813527796
18,132.210085962938
19,132.172549341005
