"Sweep (n)","APA (mV)"
66,134.553073075855
67,134.774630697995
68,133.310855030511
69,133.015292279764
70,133.932345522918
