"Sweep (n)","APA (mV)"
124,129.187014606305
125,129.130251909724
126,129.22577193139
127,129.174960162676
128,129.340365439811
