"Sweep (n)","APA (mV)"
18,136.500399779537
19,136.546176147748
20,136.522830199961
21,136.450808713976
22,136.542361450397
