"Sweep (n)","APA (mV)"
119,128.854983348883
120,128.919375440166
121,128.946230909517
122,128.983767531449
123,128.967745802576
