"Sweep (n)","APA (mV)"
84,132.109683128663
85,132.117007347576
86,132.299502468843
87,132.297518826221
88,132.160952661059
