"Sweep (n)","APA (mV)"
16,139.049990900978
17,139.072573909295
18,139.041903742594
19,139.094241390249
20,139.14535833475
