"Sweep (n)","Ediast (mV)"
317,-72.2724949518244
318,-72.2574949528722
319,-72.1799949582855
320,-72.1749949586347
321,-72.1624949595078
