"Sweep (n)","Ediast (mV)"
401,-68.9099951866923
402,-68.9249951856446
403,-68.9099951866923
404,-68.854995190534
405,-68.8499951908833
