"Sweep (n)","Ediast (mV)"
276,-60.0849958031114
277,-60.174995796825
278,-59.8624958186529
279,-59.9899958097471
280,-60.2599957908878
