"Sweep (n)","Ediast (mV)"
70,-73.1024948938496
71,-73.0974948941988
72,-73.1099948933257
73,-73.104994893675
74,-73.0549948971674
