"Sweep (n)","Ediast (mV)"
51,-66.3199953676017
52,-66.3299953669032
53,-66.3124953681256
54,-66.2749953707449
55,-66.2149953749359
