"Sweep (n)","Ediast (mV)"
412,-73.9799948325569
413,-73.9699948332554
414,-73.99999483116
415,-73.99999483116
416,-73.9874948320331
