"Sweep (n)","Ediast (mV)"
168,-70.6799950630593
169,-70.6924950621862
170,-70.7149950606145
171,-70.6924950621862
172,-70.6874950625354
