"Sweep (n)","Ediast (mV)"
242,-73.3349948776097
243,-73.3749948748157
244,-73.4224948714979
245,-73.4049948727202
246,-73.3699948751649
