"Sweep (n)","Ediast (mV)"
306,-76.1774946790633
307,-76.194994677841
308,-76.1199946830797
309,-76.0874946853498
310,-76.174994679238
