"Sweep (n)","Ediast (mV)"
298,-73.164994889484
299,-73.1824948882617
300,-73.2274948851185
301,-73.2199948856423
302,-73.2024948868647
