"Sweep (n)","Ediast (mV)"
409,-68.7874951952489
410,-68.814995193328
411,-68.8399951915818
412,-68.6899952020592
413,-68.6999952013607
