"Sweep (n)","Ediast (mV)"
105,-66.029995387858
106,-66.0174953887311
107,-65.8824953981607
108,-65.8449954007801
109,-65.8849953979861
