"Sweep (n)","Peak x (ms)","Peak y (mV)"
5,11,48.6419654630681
6,11.4,48.5107398833635
7,12,48.6694312820761
8,11.2,47.8729225308457
9,12.6,47.8851295615159
