"Sweep (n)","Peak x (ms)","Peak y (mV)"
134,8,47.7233864051358
135,7.6,48.1842018129357
136,8.2,47.5677467640908
137,7.8,47.8546119848404
138,8.2,47.552487975753
