"Sweep (n)","Peak x (ms)","Peak y (mV)"
134,10.2,48.5198951563661
135,10.8,48.3093238773052
136,10.8,48.3123756349728
137,10,48.7396217084297
138,10.8,48.2665992699595
