"Sweep (n)","Peak x (ms)","Peak y (mV)"
126,9.6,41.7724589534147
127,9.6,41.6564921620478
128,9,40.9332255948386
129,10,41.3513163952929
130,9.2,41.0217265671975
