"Sweep (n)","Peak x (ms)","Peak y (mV)"
256,9.2,43.002317293437
257,9.2,43.3502176675376
258,9.8,42.8802469867351
259,9.4,42.7001932843497
260,9.4,42.8619364407298
