"Sweep (n)","Peak x (ms)","Peak y (mV)"
110,9,46.9146706232352
111,9.6,46.6186501294829
112,9.6,46.6979958288392
113,9.2,46.807859104871
114,8.8,46.8566872275518
