"Sweep (n)","Peak x (ms)","Peak y (mV)"
37,7.6,41.9952372631458
38,7.6,41.9036845331193
39,7.6,41.7388896190716
40,7.6,41.8151835607604
41,7.4,42.1386698735206
