"Sweep (n)","Peak x (ms)","Peak y (mV)"
87,11.4,50.6408667353129
88,11,50.4730200635977
89,11,50.2990698765474
90,11.2,50.4363989715871
91,11.6,50.4119849102467
