"Sweep (n)","Peak x (ms)","Peak y (mV)"
122,7.6,46.1303689026751
123,7.6,46.2158181173664
124,7.6,46.1120583566698
125,7.6,45.8404519242579
126,7.6,45.9381081696194
