"Sweep (n)","Peak x (ms)","Peak y (mV)"
27,12.8,45.602414826189
28,12.6,45.3796365164579
29,13.4,45.2606179674235
30,12.6,44.4915750352011
31,13.2,45.0012185656818
