"Sweep (n)","Peak x (ms)","Peak y (mV)"
49,11.8,50.4852270942679
50,12.2,50.5737280666268
51,12,50.8789038333817
52,12.4,51.547238762575
53,12.8,51.263425299493
