"Sweep (n)","Peak x (ms)","Peak y (mV)"
158,14.4,28.6102281332746
159,14.4,28.2196031518283
160,14.8,27.5299059189621
161,13.4,27.3284899129039
162,14.6,27.1606432411887
