"Sweep (n)","Peak x (ms)","Peak y (mV)"
185,24.8,23.3795154910951
186,24.8,24.5635974661042
187,24.8,23.4466541597812
188,24.8,25.2777087603108
189,24.8,22.3480213994634
