"Sweep (n)","Peak x (ms)","Peak y (mV)"
56,16,47.5952125830987
57,17.2,47.4731422763967
58,17.2,47.2839333010087
59,16.6,47.2259499053252
60,16.2,47.2839333010087
