"Sweep (n)","Peak x (ms)","Peak y (mV)"
100,10.2,42.1081522968451
101,10.8,41.9097880484544
102,10.2,41.7938212570875
103,10.2,41.8182353184279
104,10.6,41.7663554380796
