"Sweep (n)","Peak x (ms)","Peak y (mV)"
47,15.6,45.446775185144
48,15.6,45.3643777281202
49,15.8,45.5261208845003
50,15,45.4650857311493
51,14.8,45.3704812434553
