"Sweep (n)","Peak x (ms)","Peak y (mV)"
6,11.4,39.1204815403143
7,11,39.5263653100984
8,14,38.8885479575806
9,12.6,38.452146611121
10,11.2,39.1815166936653
