"Sweep (n)","Peak x (ms)","Peak y (mV)"
5,13.6,28.4759507959024
6,13.6,28.7139878939713
7,15.4,28.173826786815
8,14.4,28.3050523665197
9,15.6,27.7191148943502
