"Sweep (n)","Peak x (ms)","Peak y (mV)"
263,14.2,45.8679177432658
264,13.8,45.7458474365638
265,14.8,45.724485132891
266,14.8,45.8343484089228
267,15,45.3430154244473
