"Sweep (n)","Peak x (ms)","Peak y (mV)"
45,20.8,39.6728496781408
46,17.4,37.7166730132417
47,20,38.3056622430787
48,18.8,37.7746564089251
49,19,37.9699688996483
