"Sweep (n)","Peak x (ms)","Peak y (mV)"
6,12.2,45.0317361423573
7,12,44.7723367406156
8,12.6,44.9584939583361
9,11.8,44.5892312805627
10,12,44.2474344217971
