"Sweep (n)","Peak x (ms)","Peak y (mV)"
4,12,55.9356662885109
5,11.8,56.002804957197
6,12.4,56.1035129602261
7,11.8,55.6854221597719
8,11.8,55.9295627731758
