"Sweep (n)","Peak x (ms)","Peak y (mV)"
137,23.2,38.824461046562
138,22,38.8549786232375
139,19.8,39.5996074941196
140,24.4,39.068601659966
141,20.8,39.6026592517871
