"Sweep (n)","Peak x (ms)","Peak y (mV)"
47,16,38.4368878227833
48,16.2,38.0432110836694
49,16.4,38.5192852798071
50,16.2,38.0981427216853
51,16.2,38.1103497523555
