"Sweep (n)","Peak x (ms)","Peak y (mV)"
60,9.4,43.9727762317177
61,8.8,43.7652567103244
62,9.2,43.8110330753376
63,9.2,43.9392068973747
64,9,43.9025858053641
