"Sweep (n)","APA (mV)"
86,108.764992402853
87,109.119992378056
88,109.624992342783
89,108.764992402853
90,105.834992607511
