"Sweep (n)","APA (mV)"
26,92.274993554666
27,91.9199935794625
28,91.4249936140378
29,92.0549935700328
30,92.1949935602539
