"Sweep (n)","APA (mV)"
66,135.854990510638
67,136.294990479905
68,136.419990471174
69,136.439990469777
70,136.19999048654
