"Sweep (n)","APA (mV)"
46,128.889990997138
47,128.774991005171
48,128.734991007965
49,128.959990992248
50,127.729991078163
