"Sweep (n)","APA (mV)"
84,128.489991025078
85,128.474991026125
86,127.804991072924
87,128.449991027872
88,127.024991127407
