"Sweep (n)","APA (mV)"
51,129.724990938814
52,129.759990936369
53,129.639990944751
54,129.689990941259
55,129.714990939512
