"Sweep (n)","APA (mV)"
93,139.224990275247
94,138.71999031052
95,139.074990285724
96,139.454990259181
97,139.37999026442
