"Sweep (n)","APA (mV)"
74,125.379991242309
75,125.299991247897
76,124.929991273741
77,125.109991261168
78,124.969991270947
