"Sweep (n)","APA (mV)"
54,129.804990933226
55,129.584990948593
56,129.739990937766
57,129.864990929035
58,129.684990941608
