"Sweep (n)","APA (mV)"
64,102.839992816709
65,102.489992841157
66,102.769992821599
67,102.799992819503
68,102.999992805533
