"Sweep (n)","APA (mV)"
77,130.194990905985
78,130.299990898651
79,129.959990922399
80,130.379990893063
81,130.004990919256
