"Sweep (n)","APA (mV)"
11,142.249990063953
12,142.224990065699
13,142.094990074779
14,142.144990071287
15,142.104990074081
