"Sweep (n)","APA (mV)"
65,117.289991807389
66,117.23499181123
67,117.624991783989
68,117.474991794466
69,117.524991790974
