"Sweep (n)","APA (mV)"
3,124.654991292949
4,124.269991319841
5,124.549991300283
6,124.269991319841
7,124.439991307967
