"Sweep (n)","APA (mV)"
83,121.434991517864
84,121.339991524499
85,121.469991515419
86,121.439991517514
87,121.449991516816
