"Sweep (n)","APA (mV)"
70,127.024991127407
71,126.709991149409
72,126.749991146615
73,126.499991164077
74,126.379991172459
