"Sweep (n)","APA (mV)"
74,128.559991020188
75,128.709991009711
76,128.719991009012
77,128.739991007615
78,128.529991022284
