"Sweep (n)","APA (mV)"
51,140.259990202953
52,140.304990199809
53,140.83999016244
54,140.914990157201
55,140.859990161043
