"Sweep (n)","Ediast (mV)"
28,-75.0793473812792
29,-75.0651567071339
30,-75.0654618829219
31,-75.0904862975438
32,-75.0773637386567
