"Sweep (n)","Ediast (mV)"
107,-72.5634781844201
108,-72.5787369738237
109,-72.6248185178224
110,-72.6060502068561
111,-72.5947587026974
