"Sweep (n)","Ediast (mV)"
93,-71.8518082466381
94,-71.8426529729959
95,-71.85150307085
96,-71.8443314398303
97,-71.8551651803068
