"Sweep (n)","Ediast (mV)"
264,-75.3436296137488
265,-75.3468339595236
266,-75.3601091063047
267,-75.3221147206898
268,-75.3164689686105
