"Sweep (n)","Ediast (mV)"
158,-74.1064469689082
159,-74.0954606405376
160,-74.1105668420471
161,-74.1000382773587
162,-74.1160600062324
