"Sweep (n)","Ediast (mV)"
201,-71.0531632092557
202,-71.0336319588191
203,-71.0035721436941
204,-71.0356156014416
205,-71.0293594977861
