"Sweep (n)","Ediast (mV)"
47,-65.0250258674851
48,-65.0123610722801
49,-65.003358386532
50,-64.9600234246259
51,-64.9078383648657
