"Sweep (n)","Ediast (mV)"
19,-57.6222241883477
20,-57.5643933765082
21,-57.5457776534359
22,-57.5442517744955
23,-57.5186170082975
