"Sweep (n)","dV/dt max x (ms)","dV/dt max y (V/s)"
89,6.4,131.08825060958
90,6,129.05883176066
91,6.2,124.267572222606
92,6.2,133.239739765201
93,6.2,141.662590927637
