"Sweep (n)","dV/dt max x (ms)","dV/dt max y (V/s)"
47,7.6,252.395617894665
48,8.4,224.884022521706
49,7.2,275.482164649673
50,7,279.388414464138
51,7,249.038684460361
