"Sweep (n)","APA (mV)"
73,132.155154321085
74,132.172244165217
75,132.232058619679
76,132.148440453748
77,132.139590355894
