"Sweep (n)","APA (mV)"
96,161.431735786015
97,158.233798702817
98,159.570010890886
99,160.062717200727
100,157.396548928243
