"Sweep (n)","APA (mV)"
4,131.347048834273
5,131.403048591384
6,131.37039478206
7,131.358035162643
8,131.378481940444
