"Sweep (n)","APA (mV)"
73,132.941287151157
74,132.913973918124
75,132.906191935529
76,132.856600869967
77,132.895053019264
