"Sweep (n)","APA (mV)"
83,131.045077391976
84,131.270754887255
85,131.193850588661
86,131.173098635072
87,131.147158693086
