"Sweep (n)","APA (mV)"
20,135.803683455371
21,135.776522810232
22,135.754550153491
23,135.681765728036
24,135.685122661705
