"Sweep (n)","APA (mV)"
13,139.261172546324
14,139.169314634114
15,139.235537780126
16,139.277957214667
17,139.310000672415
