"Sweep (n)","APA (mV)"
15,131.886752215477
16,131.840212907796
17,131.869052019769
18,131.837008562021
19,131.784213150685
