"Sweep (n)","APA (mV)"
15,134.255374094591
16,134.159854072925
17,133.989871158969
18,133.682559140382
19,133.433383109422
