"Sweep (n)","APA (mV)"
647,140.47749018776
648,140.087490215002
649,140.147490210811
650,140.409990192475
651,140.497490186363
