"Sweep (n)","APA (mV)"
448,135.20499055604
449,135.222490554818
450,135.56749053072
451,135.554990531593
452,135.634990526005
