"Sweep (n)","APA (mV)"
118,146.039989799224
119,145.81498981494
120,145.799989815988
121,145.837489813369
122,145.739989820179
