"Sweep (n)","APA (mV)"
506,142.734990030076
507,142.667490034791
508,142.562490042125
509,142.677490034092
510,142.679990033918
