"Sweep (n)","APA (mV)"
246,133.282490690325
247,133.294990689452
248,133.694990661513
249,133.509990674435
250,133.677490662735
