"Sweep (n)","APA (mV)"
771,131.72249079929
772,131.139990839977
773,131.217490834564
774,131.329990826706
775,130.844990860583
