"Sweep (n)","APA (mV)"
341,125.037491266232
342,125.072491263787
343,125.024991267105
344,124.879991277233
345,125.032491266581
