"Sweep (n)","APA (mV)"
213,137.42249040115
214,137.582490389974
215,137.394990403071
216,137.282490410929
217,137.437490400102
