"Sweep (n)","APA (mV)"
376,124.772491284742
377,125.204991254532
378,125.09249126239
379,125.004991268502
380,125.207491254358
