"Sweep (n)","APA (mV)"
826,143.277489992183
827,143.079990005978
828,142.932490016281
829,143.244989994453
830,143.147490001263
