"Sweep (n)","APA (mV)"
430,142.114990073382
431,141.752490098703
432,142.19749006762
433,142.357490056444
434,142.234990065
