"Sweep (n)","APA (mV)"
522,139.182490278215
523,138.699990311917
524,138.674990313664
525,139.084990285025
526,138.81749030371
