"Sweep (n)","APA (mV)"
193,138.337490337238
194,138.51999032449
195,138.397490333047
196,138.444990329729
197,138.11999035243
