"Sweep (n)","Ediast (mV)"
51,-76.5551774923916
52,-76.5420549335045
53,-76.5124528820616
54,-76.548463625054
55,-76.5722673365235
