"Sweep (n)","Ediast (mV)"
15,-75.6466691713036
16,-75.5923478810269
17,-75.622865459834
18,-75.6210344051056
19,-75.6179826472249
