"Sweep (n)","Ediast (mV)"
65,-72.7542130519646
66,-72.7267472310382
67,-72.7200333637007
68,-72.7670304350636
69,-72.8085343422413
