"Sweep (n)","Ediast (mV)"
134,-72.4542252522906
135,-72.3461930233134
136,-72.3632828674454
137,-72.3114029834733
138,-72.3678605042665
