"Sweep (n)","Ediast (mV)"
124,-73.0349747769901
125,-73.0145279991894
126,-73.0337540738379
127,-72.9953019245409
128,-72.983094893018
