"Sweep (n)","Ediast (mV)"
10,-76.0507219147098
11,-75.9960954486451
12,-75.8468644882783
13,-75.6671159491043
14,-75.7751481780815
