"Sweep (n)","Ediast (mV)"
122,-59.2843641180775
123,-59.2608655823961
124,-59.2495740782374
125,-59.2846692938656
126,-59.2739881412831
