"Sweep (n)","Ediast (mV)"
84,-65.8422866279398
85,-65.8578505931314
86,-65.907594246587
87,-65.9793105567838
88,-65.8813491288129
