"Sweep (n)","Ediast (mV)"
86,-73.1558243890663
87,-73.1597916743113
88,-73.1719987058341
89,-73.1274430407757
90,-73.1185929429217
