"Sweep (n)","Ediast (mV)"
16,-67.2924819728542
17,-67.3461929115547
18,-67.3300185947869
19,-67.4209609796322
20,-67.4920669382527
