"Sweep (n)","Ediast (mV)"
138,-73.8525355546928
139,-73.9440882847193
140,-73.9440882847193
141,-73.7915004013418
142,-73.6389125179643
