"Sweep (n)","Ediast (mV)"
148,-78.5903948230385
149,-78.6105364250512
150,-78.5968035145879
151,-78.6090105461108
152,-78.605653612442
