"Sweep (n)","Ediast (mV)"
91,-81.4184588510944
92,-81.4386004531071
93,-81.4273089489484
94,-81.4477557267492
95,-81.4343279920741
