"Sweep (n)","Ediast (mV)"
147,-86.8978901259129
148,-86.9131489153165
149,-86.885377918602
150,-86.9085712784954
151,-86.9525165919777
