"Sweep (n)","Ediast (mV)"
111,-99.5657370887489
112,-99.5700095497819
113,-99.5913718549469
114,-99.5397971467629
115,-99.5526145298618
