"Sweep (n)","Ediast (mV)"
140,-81.7614764368864
141,-81.6668719425843
142,-81.7730731168331
143,-81.7694110073762
144,-81.7495745811516
