"Sweep (n)","Ediast (mV)"
22,-82.6098651277244
23,-82.6260394444921
24,-82.6104754793005
25,-82.6074237214198
26,-82.6049823151152
