"Sweep (n)","Ediast (mV)"
162,-83.6715716944241
163,-83.6792010891259
164,-83.7197894689394
165,-83.6849994290992
166,-83.7084979647807
