"Sweep (n)","Ediast (mV)"
25,-73.9144913982114
26,-73.9230363202774
27,-73.9227311444893
28,-73.9834611263155
29,-73.9279191328865
