"Sweep (n)","Ediast (mV)"
110,-83.3853168052133
111,-83.4194964934773
112,-83.3981341883123
113,-83.3923358483389
114,-83.3996600672527
