"Sweep (n)","Ediast (mV)"
73,-75.9686296277187
74,-75.9667985729903
75,-75.9530656625271
76,-75.9579484751362
77,-75.9249894900245
