"Sweep (n)","Ediast (mV)"
170,-79.595643868945
171,-79.5690935753828
172,-79.5916765837001
173,-79.6157854709577
174,-79.6087664278321
