"Sweep (n)","Ediast (mV)"
54,-79.6014422089184
55,-79.5663469932902
56,-79.6038836152229
57,-79.6292132056329
58,-79.6328753150897
