"Sweep (n)","Ediast (mV)"
167,-83.611146888386
168,-83.4939593857667
169,-83.3187884834138
170,-83.5015887804684
171,-83.5656756959634
