"Sweep (n)","Ediast (mV)"
19,-74.6459925482556
20,-74.7711146126251
21,-74.670406609596
22,-74.6154749715801
23,-74.6551478212583
