"Sweep (n)","Ediast (mV)"
27,-76.2286393991554
28,-76.1718767025741
29,-76.1425798269193
30,-76.0949724039802
31,-76.0287492579687
