"Sweep (n)","Ediast (mV)"
15,-82.7645892522765
16,-82.7514666933894
17,-82.7804583932562
18,-82.7859515574415
19,-82.7722186469782
