"Sweep (n)","Ediast (mV)"
47,-74.76501109729
48,-75.1098597137231
49,-75.0946009253854
50,-75.103756198388
51,-75.354000327127
