"Sweep (n)","APA (mV)"
367,130.119990911223
368,130.379990893063
369,130.084990913668
370,130.064990915065
371,130.704990870362
