"Sweep (n)","APA (mV)"
412,135.479990536832
413,135.634990526005
414,135.629990526354
415,135.459990538229
416,135.659990524259
