"Sweep (n)","APA (mV)"
339,129.794990933924
340,129.379990962912
341,129.784990934623
342,129.794990933924
343,130.074990914367
