"Sweep (n)","APA (mV)"
248,127.064991124613
249,126.989991129851
250,126.829991141027
251,127.189991115882
252,126.874991137884
