"Sweep (n)","APA (mV)"
242,123.044991405406
243,123.074991403311
244,123.089991402263
245,123.434991378165
246,123.014991407502
