"Sweep (n)","APA (mV)"
310,126.864991138583
311,127.074991123914
312,126.939991133344
313,126.809991142424
314,126.97999113055
