"Sweep (n)","APA (mV)"
96,116.774991843361
97,116.659991851394
98,116.779991843012
99,116.339991873745
100,116.664991851044
