"Sweep (n)","APA (mV)"
5,119.879991626479
6,119.454991656165
7,119.15499167712
8,118.95499169109
9,118.599991715886
