"Sweep (n)","APA (mV)"
219,150.329989499571
220,150.329989499571
221,150.309989500968
222,150.474989489443
223,150.549989484204
