"Sweep (n)","APA (mV)"
394,35.2999975343236
395,35.514997519306
396,35.1449975451502
397,35.4299975252432
398,35.7499975028915
