"Sweep (n)","APA (mV)"
444,121.87499148713
445,121.599991506339
446,121.749991495861
447,121.834991489924
448,121.834991489924
