"Sweep (n)","APA (mV)"
103,115.049991963851
104,115.614991924386
105,115.224991951627
106,115.054991963501
107,115.279991947785
