"Sweep (n)","APA (mV)"
69,120.564991578632
70,120.699991569203
71,120.734991566758
72,120.6799915706
73,120.639991573394
