"Sweep (n)","Ediast (mV)"
42,-75.7080001831055
43,-76.1474533081055
44,-76.2390060424805
45,-75.9521408081055
46,-75.8117599487305
