"Sweep (n)","Ediast (mV)"
315,-63.4033164978027
316,-63.3422813415527
317,-63.8305614471436
318,-63.4765586853027
319,-62.9455528259277
