"Sweep (n)","Ediast (mV)"
105,-77.9235763549805
106,-77.8442306518555
107,-77.9968185424805
108,-78.1066818237305
109,-77.9052658081055
