"Sweep (n)","Ediast (mV)"
58,-66.6320724487305
59,-66.2658615112305
60,-66.2780685424805
61,-66.2475509643555
62,-66.3391036987305
