"Sweep (n)","Ediast (mV)"
12,-60.6567344665527
13,-60.3881797790527
14,-60.4492149353027
15,-60.4919395446777
16,-60.1623497009277
