"Sweep (n)","Ediast (mV)"
174,-77.3864669799805
175,-77.1850509643555
176,-76.4343185424805
177,-76.4221115112305
178,-76.9836349487305
