"Sweep (n)","Ediast (mV)"
119,-66.1010665893555
120,-66.0766525268555
121,-65.9240646362305
122,-66.0522384643555
123,-66.2658615112305
