"Sweep (n)","Ediast (mV)"
74,-63.1164512634277
75,-62.9699668884277
76,-63.1408653259277
77,-62.5244102478027
78,-62.7136192321777
