"Sweep (n)","Ediast (mV)"
150,-61.614990234375
151,-60.97412109375
152,-61.767578125
153,-61.431884765625
154,-61.03515625
