"Sweep (n)","APA (mV)"
107,130.459597642562
108,130.571902332572
109,130.519717272812
110,130.52948289803
111,130.414736801715
