"Sweep (n)","APA (mV)"
28,134.79675594263
29,134.787905844776
30,134.744265707082
31,134.782717856378
32,134.778140219557
