"Sweep (n)","APA (mV)"
133,130.725405753972
134,131.253054691547
135,132.337344266564
136,131.334231451174
137,130.935366696165
