"Sweep (n)","APA (mV)"
25,141.029971413984
26,141.203006085821
27,141.203006085821
28,141.080935770592
29,141.124881084074
