"Sweep (n)","APA (mV)"
158,127.989199638125
159,127.961428641411
160,127.980044364483
161,127.945559500431
162,128.005679130681
