"Sweep (n)","APA (mV)"
23,162.904971902929
24,162.937320536464
25,163.376468495499
26,163.641666255333
27,162.946475810106
