"Sweep (n)","APA (mV)"
10,52.305299020677
11,52.5991833045896
12,52.4472057621302
13,52.3114025364385
14,52.502137403983
