"Sweep (n)","APA (mV)"
47,140.299990928918
48,140.163882527438
49,140.293582237368
50,140.201419149371
51,140.208438192497
