"Sweep (n)","APA (mV)"
19,126.803591701469
20,126.8002347678
21,126.736147852305
22,126.747134180675
23,126.759341212198
