"Sweep (n)","APA (mV)"
146,132.849124063159
147,132.955935588984
148,133.395388723807
149,133.067019575842
150,133.374636770218
