"Sweep (n)","APA (mV)"
67,129.439700158828
68,129.193118122066
69,129.421084435755
70,129.210818317774
71,129.082339310996
