"Sweep (n)","APA (mV)"
149,113.311762196105
150,113.555902809509
151,113.830560999588
152,113.800043422913
153,113.128656736052
