"Sweep (n)","APA (mV)"
198,132.24304494805
199,132.311404324578
200,132.23358449862
201,132.287905788896
202,132.256777858513
