"Sweep (n)","APA (mV)"
198,128.838809032116
199,128.827517527957
200,128.743289010449
201,128.826907176381
202,128.897097607637
