"Sweep (n)","APA (mV)"
78,125.079348498866
79,124.988711289809
80,124.969790390949
81,124.895937850235
82,124.705813334267
