"Sweep (n)","APA (mV)"
116,131.153872560424
117,131.11328418061
118,131.10382373118
119,131.054385253513
120,131.183779787655
