"Sweep (n)","APA (mV)"
221,133.27942192434
222,133.352664113477
223,133.398440481687
224,133.45337212354
225,133.361819387119
