"Sweep (n)","APA (mV)"
469,134.026797429326
470,133.975833072718
471,133.985598697936
472,133.952639712825
473,134.014285222015
