"Sweep (n)","APA (mV)"
81,40.0866708178819
82,40.1925668163426
83,39.9514779437664
84,39.9823006983616
85,40.005494058255
