"Sweep (n)","APA (mV)"
344,127.093203524348
345,127.173769932399
346,127.107851962176
347,127.210391026968
348,127.135317783102
