"Sweep (n)","APA (mV)"
134,129.334414511943
135,129.342043906645
136,129.230654743999
137,129.216921833536
138,129.216616657748
