"Sweep (n)","APA (mV)"
38,130.99945361166
39,130.898745601596
40,130.794375482076
41,130.903628414205
42,130.93933398141
