"Sweep (n)","APA (mV)"
185,132.720339880593
186,132.769168006685
187,132.80792533177
188,132.846072305279
189,132.95349418268
