"Sweep (n)","APA (mV)"
114,117.474359654642
115,116.662592115074
116,114.941400790576
117,114.996332428592
118,114.407343198755
