"Sweep (n)","APA (mV)"
218,111.502069899248
219,111.032099218446
220,111.428827715227
221,111.093134371797
222,111.129755463807
