"Sweep (n)","dV/dt max x (ms)","dV/dt max y (V/s)"
86,22.5,329.999976949751
87,22.2,329.999976949774
88,22.1,321.499977543492
89,22.1,322.999977438719
90,22,313.99997806735
