"Sweep (n)","dV/dt max x (ms)","dV/dt max y (V/s)"
52,19.9,365.499974470116
53,20,384.499973142995
54,20,382.499973282693
55,20.1,349.499975587691
56,20,341.499976146509
