"Sweep (n)","dV/dt max x (ms)","dV/dt max y (V/s)"
81,20,282.999980232685
82,20,288.499979848515
83,20,284.499980127912
84,20,289.499979778666
85,20,288.99997981359
