"Sweep (n)","dV/dt max x (ms)","dV/dt max y (V/s)"
62,22,366.999974365342
63,21.9,357.999974993985
64,22.3,350.999975482929
65,22.8,378.999973527165
66,21.8,364.999974505041
