"Sweep (n)","Peak x (ms)","Peak y (mV)"
141,10.2,41.2384013615935
142,10.2,40.4693584293711
143,10.8,40.5273418250545
144,10.2,39.8620586535288
145,11.2,39.9169902915447
