"Sweep (n)","Peak x (ms)","Peak y (mV)"
87,7.2,41.5924052510293
88,6.8,41.4001445179737
89,7.6,41.0247783248651
90,6.8,41.2506083922637
91,6.8,41.0034160211922
