"Sweep (n)","Peak x (ms)","Peak y (mV)"
114,6.2,49.252316996578
115,6.2,49.2217994199025
116,6.2,49.163816024219
117,6.2,49.1760230548892
118,6.2,49.1516089935488
