"Sweep (n)","Peak x (ms)","Peak y (mV)"
153,10.6,48.663327766741
154,10.8,48.7060523740866
155,10.6,48.5107398833635
156,11.2,48.446652972345
157,10.4,48.4344459416748
