"Sweep (n)","Peak x (ms)","Peak y (mV)"
86,9.2,37.1826154214205
87,9,37.0422345687133
88,9,36.8377668049875
89,9.2,37.3077374857901
90,9.2,37.3229962741278
