"Sweep (n)","Peak x (ms)","Peak y (mV)"
3,7.4,47.491452822402
4,7.4,47.5891090677636
5,7.4,47.3175026353517
6,7,47.6165748867716
7,7.4,47.119138386961
