"Sweep (n)","Peak x (ms)","Peak y (mV)"
129,8,44.7601297099454
130,8.2,44.6136453419031
131,8,44.3389871518236
132,7.8,44.6899392835918
133,8.6,44.0490701734064
