"Sweep (n)","Peak x (ms)","Peak y (mV)"
139,6.4,40.6677226777618
140,6.4,40.6982402544373
141,6.4,40.8172588034717
142,6.4,40.6158427974135
143,6.4,40.4357890950281
