"Sweep (n)","Peak x (ms)","Peak y (mV)"
125,12.8,42.2943095145656
126,12.6,42.6940897690146
127,13.6,42.7307108610251
128,13.6,42.8253153487192
129,13.4,42.6025370389881
