"Sweep (n)","Peak x (ms)","Peak y (mV)"
128,11.6,39.4439678530746
129,14.8,37.6281720408827
130,14.2,36.9232160196788
131,15.8,36.5325910382325
132,11.6,36.651609587267
