"Sweep (n)","Peak x (ms)","Peak y (mV)"
14,11.2,39.1052227519766
15,10.6,38.7084942551952
16,11,38.5345440681449
17,10.4,38.6779766785197
18,10.4,38.9160137765885
