"Sweep (n)","Peak x (ms)","Peak y (mV)"
73,16.4,44.302366059813
74,16.6,45.1904275410699
75,16.6,44.3481424248263
76,15.8,44.3969705475071
77,16.8,44.5007303082037
