"Sweep (n)","Peak x (ms)","Peak y (mV)"
88,14.6,41.3146953032823
89,14.4,39.9993877485685
90,14,40.585325220738
91,15,40.1702861779513
92,15.4,40.5181865520519
