"Sweep (n)","Peak x (ms)","Peak y (mV)"
419,12.4,44.2108133297865
420,12.4,44.2718484831375
421,13.2,45.0622537190328
422,12,45.1751687527321
423,12.2,45.2362039060831
