"Sweep (n)","Peak x (ms)","Peak y (mV)"
89,7.8,41.0583476592081
90,9.4,36.0290510230869
91,8,41.0491923862055
92,9.6,36.5783674032458
93,8.2,40.9545878985114
