"Sweep (n)","Peak x (ms)","Peak y (mV)"
236,11.2,39.0563946292958
237,10.6,39.7582988928321
238,11,39.4439678530746
239,10,40.9881572328545
240,10.4,42.0715312048345
