"Sweep (n)","Peak x (ms)","Peak y (mV)"
117,11.6,52.5543187928663
118,11.4,51.9988988973723
119,11.8,51.9134496826809
120,11.4,51.358029787187
121,11.4,51.3427709988492
