"Sweep (n)","Peak x (ms)","Peak y (mV)"
42,13.6,42.6696757076742
43,13,43.463132701237
44,13,43.2739237258489
45,12.8,43.2769754835165
46,13.4,43.2037332994953
