"Sweep (n)","Peak x (ms)","Peak y (mV)"
108,13.4,39.8040752578454
109,13,40.3167705459936
110,11.2,39.968870171893
111,12.2,39.9871807178983
112,12.4,39.5751934327792
