"Sweep (n)","Peak x (ms)","Peak y (mV)"
152,13.8,47.4517799727239
153,13.4,47.3449684543597
154,14,47.1435524483014
155,13.6,47.2778297856736
156,14,47.3266579083544
