"Sweep (n)","Peak x (ms)","Peak y (mV)"
50,18.4,32.0953353896159
51,18.2,32.5134261900701
52,17,33.6242659810581
53,18.2,32.7575668034741
54,19.4,32.2662338189986
