"Sweep (n)","Peak x (ms)","Peak y (mV)"
287,17.2,37.2039777250934
288,18.2,35.3637678515612
289,17,36.8560773509928
290,18.8,36.2579328481531
291,19.4,36.1175519954458
