"Sweep (n)","dV/dt max x (ms)","dV/dt max y (V/s)"
539,6.8,244.999982886947
540,6.9,244.999982886952
541,6.9,247.499982712329
542,6.9,247.499982712329
543,6.9,237.49998341082
544,6.9,246.499982782178
545,6.9,242.499983061574
546,6.9,237.999983375896
547,6.9,243.999982956801
548,6.9,243.499982991725
