"Sweep (n)","dV/dt max x (ms)","dV/dt max y (V/s)"
549,5.7,257.999981978908
550,5.8,251.999982398003
551,5.8,251.499982432927
552,5.8,262.499981664586
553,5.8,265.499981455039
554,5.7,254.999982188455
555,5.8,255.499982153531
556,5.7,247.499982712324
557,5.8,263.999981559812
558,5.7,247.499982712324
