"Sweep (n)","APA (mV)"
65,120.993036245327
66,120.815423949075
67,120.997003530294
68,118.83635910167
69,119.869073896368
