"Sweep (n)","APA (mV)"
73,114.642328539157
74,114.014887162708
75,114.04479438785
76,114.022211381111
77,114.069208449191
