"Sweep (n)","APA (mV)"
34,119.703668630787
35,119.620965997996
36,119.133905474256
37,118.739618383608
38,118.255609617535
