"Sweep (n)","APA (mV)"
79,123.964532686219
80,124.030755827605
81,124.09514791439
82,124.466851998298
83,124.581292910831
