"Sweep (n)","APA (mV)"
65,125.206292881145
66,124.993585371717
67,125.003045820486
68,124.315789993754
69,124.527581975882
