"Sweep (n)","APA (mV)"
15,111.603693429578
16,109.028925485466
17,109.338678888723
18,108.373713114244
19,110.861200789063
