"Sweep (n)","APA (mV)"
91,122.372125535292
92,123.22905908834
93,122.12127105502
94,120.766901002161
95,122.333063037148
