"Sweep (n)","APA (mV)"
84,130.22399283813
85,129.445794632905
86,129.374078327717
87,130.167230145513
88,130.276177894245
