"Sweep (n)","APA (mV)"
69,129.79888299504
70,127.077935858653
71,129.124749726278
72,127.901910428891
73,129.412225298562
