"Sweep (n)","APA (mV)"
65,130.793755994661
66,132.072137281598
67,131.32048936808
68,132.393182188224
69,132.058404372094
