"Sweep (n)","APA (mV)"
48,112.566217797923
49,110.958551858658
50,108.273005111214
51,109.144587101067
52,107.963862059492
