"Sweep (n)","APA (mV)"
286,142.853691945282
287,142.825310598974
288,142.875359424722
289,139.789727247063
290,136.976617029116
