"Sweep (n)","APA (mV)"
80,122.243951713255
81,123.705743636011
82,118.276361569674
83,118.173212160511
84,120.786432251234
