"Sweep (n)","APA (mV)"
74,119.617609064562
75,120.408014300457
76,121.507257412309
77,121.180414166114
78,120.211175930901
