"Sweep (n)","APA (mV)"
132,132.175591866527
133,132.403558164293
134,132.271722233055
135,131.651299899243
136,131.710503997993
