"Sweep (n)","APA (mV)"
170,82.8323324914566
171,80.6018028122448
172,79.9545250109576
173,78.6596642326164
174,81.4199790429148
