"Sweep (n)","APA (mV)"
12,135.841973528321
13,135.712884178984
14,134.89135101488
15,135.368035562551
16,135.205682054637
