"Sweep (n)","APA (mV)"
92,113.818964320452
93,114.011530229274
94,113.619379368994
95,113.090814940975
96,113.353571276151
