"Sweep (n)","APA (mV)"
31,124.260858355738
32,124.492181586939
33,124.049371549377
34,124.062799283114
35,123.39171777202
