"Sweep (n)","APA (mV)"
69,135.158990162324
70,134.318841276447
71,133.891290027224
72,134.866326602006
73,135.140984792085
