"Sweep (n)","APA (mV)"
21,144.848931108326
22,145.704033606774
23,145.166313905751
24,143.535149432446
25,144.545891571939
