"Sweep (n)","APA (mV)"
50,126.49138803495
51,126.592096037979
52,127.648919718252
53,127.59826054097
54,127.349237115298
