"Sweep (n)","APA (mV)"
21,129.74242547819
22,130.519402980349
23,130.249627602537
24,129.773553406399
25,129.769586121432
