"Sweep (n)","APA (mV)"
8,124.941705491369
9,125.773309455776
10,125.470575095155
11,124.895929126355
12,125.152887121963
