"Sweep (n)","APA (mV)"
62,122.071832580805
63,122.266229544228
64,123.002923845175
65,122.561029334913
66,122.020257876224
