"Sweep (n)","APA (mV)"
45,136.759990447425
46,136.834990442186
47,136.842490441662
48,136.869990439741
49,136.999990430661
