"Sweep (n)","APA (mV)"
225,146.777489747711
226,146.857489742123
227,146.569989762204
228,146.734989750679
229,146.519989765697
