"Sweep (n)","APA (mV)"
411,133.14499069993
412,133.104990702724
413,133.74499065802
414,133.529990673038
415,133.352490685436
