"Sweep (n)","APA (mV)"
148,132.167490768207
149,131.557490810815
150,132.042490776938
151,131.739990798068
152,132.01999077851
