"Sweep (n)","APA (mV)"
623,146.917489737932
624,147.097489725359
625,147.00498973182
626,147.157489721168
627,146.867489741424
