"Sweep (n)","APA (mV)"
638,121.487491514197
639,121.454991516467
640,121.334991524849
641,121.469991515419
642,121.597491506513
