"Sweep (n)","APA (mV)"
212,111.642492201862
213,111.437492216181
214,111.512492210942
215,111.909992183177
216,112.309992155237
