"Sweep (n)","APA (mV)"
18,124.912491274963
19,124.209991324032
20,123.427491378689
21,123.959991341494
22,124.619991295394
