"Sweep (n)","APA (mV)"
659,130.644990874553
660,130.837490861107
661,130.962490852375
662,130.39749089184
663,130.997490849931
