"Sweep (n)","APA (mV)"
181,123.642491363672
182,122.04249147543
183,121.414991519261
184,121.104991540914
185,120.454991586316
