"Sweep (n)","APA (mV)"
565,114.524992000522
566,114.974991969089
567,114.977491968915
568,115.154991956517
569,115.307491945865
