"Sweep (n)","APA (mV)"
342,137.792490375306
343,137.444990399578
344,137.279990411103
345,137.449990399229
346,136.997490430836
