"Sweep (n)","APA (mV)"
130,117.669991780846
131,117.92749176286
132,118.077491752382
133,117.957491760764
134,117.799991771765
