"Sweep (n)","APA (mV)"
698,144.994833622228
699,144.674989894568
700,144.78748988671
701,144.729989890727
702,144.677489894394
