"Sweep (n)","APA (mV)"
471,130.977490851328
472,130.817490862504
473,130.732490868441
474,130.86249085936
475,130.589990878394
