"Sweep (n)","APA (mV)"
473,132.15499076908
474,132.527490743061
475,132.144990769779
476,132.099990772922
477,132.324990757206
