"Sweep (n)","APA (mV)"
404,137.752490378099
405,137.727490379846
406,137.582490389974
407,138.02249035924
408,137.924990366051
