"Sweep (n)","APA (mV)"
268,132.134990770477
269,131.334990826357
270,130.887490857614
271,131.05749084574
272,130.869990858837
