"Sweep (n)","Negative dV/dt max x (ms)","Negative dV/dt max y (V/s)"
732,5.5,-55.4999961233697
733,5.5,-55.4999961233696
734,5.5,-56.4999960535204
735,5.5,-56.4999960535205
736,5.5,-55.4999961233696
737,5.5,-55.999996088445
738,5.5,-55.4999961233697
739,5.5,-55.4999961233696
740,5.5,-55.4999961233697
741,5.5,-56.4999960535206
