"Sweep (n)","Peak x (ms)","Peak y (mV)"
113,11.6,60.1013155047157
114,11.6,60.1959199924097
115,11.6,60.1501436273965
116,11,59.7961397379608
117,11.6,60.1715059310693
