"Sweep (n)","Peak x (ms)","Peak y (mV)"
102,23.2,48.7274146777595
103,21.8,48.9379859568204
104,22.4,49.0051246255065
105,22,48.8342261961237
106,23.6,48.8922095918072
