"Sweep (n)","Peak x (ms)","Peak y (mV)"
52,18,50.3478979992282
53,17.2,50.1068091434918
54,17.2,50.5493140052864
55,17,50.5187964286109
56,17.4,50.4058813949116
