"Sweep (n)","APA (mV)"
43,131.413271980284
44,131.294253422936
45,131.384280280417
46,131.242678714752
47,131.246951175785
