"Sweep (n)","APA (mV)"
73,132.95349418268
74,132.908328166045
75,132.922366252296
76,132.864077676775
77,132.864688028351
