"Sweep (n)","APA (mV)"
46,132.922061076508
47,132.816470253836
48,132.79205619079
49,132.684634313389
50,132.649233921973
