"Sweep (n)","APA (mV)"
51,132.776492225598
52,132.760012733043
53,132.731326208964
54,132.247927760659
55,131.763003433414
