"Sweep (n)","APA (mV)"
20,135.81878965688
21,135.797732527503
22,135.779727156007
23,135.700076275321
24,135.708316021598
