"Sweep (n)","APA (mV)"
4,131.347048834273
5,131.397402839305
6,131.38550098357
7,131.38550098357
8,131.383669928841
