"Sweep (n)","APA (mV)"
11,135.778201277067
12,135.795596296987
13,135.738833600406
14,135.677188091215
15,135.660403422871
