"Sweep (n)","APA (mV)"
52,134.167178291839
53,134.16534723711
54,134.082034246967
55,134.177249092845
56,134.300845287014
