"Sweep (n)","APA (mV)"
15,131.908877460112
16,131.838076677279
17,131.86798390451
18,131.861575212961
19,131.789553726976
