"Sweep (n)","APA (mV)"
25,137.202761855783
26,137.140505995017
27,137.091983044713
28,137.151187147599
29,137.099917615203
