"Sweep (n)","APA (mV)"
83,136.566155622831
84,136.718743506208
85,136.596673199506
86,135.833733782619
87,136.169427126049
