"Sweep (n)","APA (mV)"
80,131.988519121507
81,131.89696639148
82,132.446282771639
83,131.988519121507
84,132.629388231692
