"Sweep (n)","APA (mV)"
25,130.554193017759
26,129.669183294169
27,130.462640287732
28,129.791253600871
29,130.249017251004
