"Sweep (n)","APA (mV)"
90,135.422671483964
91,135.445864843857
92,135.447390722798
93,135.434878515487
94,135.327456638086
