"Sweep (n)","APA (mV)"
74,136.553652954556
75,136.541140747245
76,136.514285277895
77,136.530459594662
78,136.534732055695
