"Sweep (n)","APA (mV)"
73,134.741213949201
74,134.815066489914
75,134.814456138338
76,134.773562582736
77,134.758303793333
