"Sweep (n)","APA (mV)"
54,134.918826257858
55,134.892886315872
56,134.87579647174
57,134.635012774952
58,134.777529867981
