"Sweep (n)","APA (mV)"
27,138.305972329661
28,138.290713540257
29,138.240054359437
30,138.245547523623
31,138.239444007861
