"Sweep (n)","APA (mV)"
55,135.620730570422
56,135.555117775987
57,135.548709084437
58,135.57831113588
59,135.574343850635
