"Sweep (n)","APA (mV)"
54,138.086856113825
55,138.13049625152
56,138.139346349374
57,138.121340977878
58,138.140872228314
