"Sweep (n)","APA (mV)"
42,137.836001616031
43,137.809451322469
44,137.757571438497
45,137.695925929306
46,137.623904443321
