"Sweep (n)","APA (mV)"
70,138.849490408215
71,138.794558766363
72,138.707278490974
73,138.663028001704
74,138.843692068242
