"Sweep (n)","APA (mV)"
19,138.559573409548
20,138.607180832487
21,138.590090988355
22,138.538821455959
23,138.516848799218
