"Sweep (n)","APA (mV)"
91,135.633547953521
92,135.745852643531
93,135.614627054661
94,135.584414651642
95,135.403140233527
