"Sweep (n)","APA (mV)"
84,136.347964473396
85,136.309817499887
86,133.859561097463
87,135.849917587264
88,136.344912715515
