"Sweep (n)","APA (mV)"
68,133.205874559415
69,133.12744438188
70,133.11798393245
71,133.172915574303
72,133.135073776582
