"Sweep (n)","APA (mV)"
76,134.682925373679
77,134.683535725255
78,134.629519610767
79,134.677737385282
80,134.778750571134
