"Sweep (n)","APA (mV)"
176,113.272089346427
177,113.308710438438
178,113.580316870849
179,113.897699668275
180,114.062494582322
