"Sweep (n)","APA (mV)"
15,127.59125041048
16,127.303469642329
17,127.146914463049
18,127.010500885781
19,126.865847562235
