"Sweep (n)","APA (mV)"
87,124.279779253277
88,124.108880823894
89,124.13939840057
90,124.050897428211
91,123.861688452823
