"Sweep (n)","APA (mV)"
45,138.281243431993
46,138.110345002611
47,138.259881128321
48,137.310784493713
49,138.796990477809
