"Sweep (n)","Negative dV/dt max x (ms)","Negative dV/dt max y (V/s)"
57,11.8,-75.9999946914619
58,11.8,-72.9999949010094
59,11.8,-74.4999947962356
60,11.8,-71.9999949708585
61,11.8,-75.4999947263864
62,11.8,-77.9999945517635
63,11.8,-77.9999945517635
64,11.9,-79.4999944469897
65,11.9,-78.9999944819143
66,11.8,-79.9999944120651
