"Sweep (n)","Negative dV/dt max x (ms)","Negative dV/dt max y (V/s)"
153,12.1,-49.9999965075398
154,12.1,-49.9999965075398
155,12.1,-50.4999964726152
156,12.2,-50.4999964726161
157,12.1,-51.499996402766
158,12.1,-51.499996402766
159,12.1,-52.4999963329168
160,12.1,-51.9999963678413
161,12.1,-52.4999963329169
162,12.2,-52.4999963329177
