"Sweep (n)","APA (mV)"
233,150.149989512144
234,150.069989517732
235,149.874989531353
236,150.199989508652
237,150.299989501667
