"Sweep (n)","APA (mV)"
448,132.74999072752
449,132.68499073206
450,132.164990768382
451,132.224990764191
452,132.774990725774
