"Sweep (n)","APA (mV)"
345,147.079989726581
346,147.614989689212
347,147.439989701435
348,147.66998968537
349,146.979989733566
