"Sweep (n)","APA (mV)"
9,145.579989831355
10,145.619989828561
11,145.339989848119
12,145.359989846722
13,145.464989839388
