"Sweep (n)","APA (mV)"
272,133.204990695739
273,133.284990690151
274,133.614990667101
275,134.244990623096
276,134.574990600045
