"Sweep (n)","APA (mV)"
264,129.504990954181
265,129.164990977929
266,129.259990971294
267,129.23499097304
268,129.719990939163
