"Sweep (n)","APA (mV)"
202,120.779991563615
203,120.464991585617
204,120.574991577934
205,120.61499157514
206,120.594991576537
