"Sweep (n)","APA (mV)"
281,128.169991047429
282,128.354991034507
283,127.864991068733
284,127.954991062447
285,128.10999105162
