"Sweep (n)","APA (mV)"
135,131.964990782352
136,131.574990809593
137,131.88999078759
138,131.914990785844
139,131.904990786543
