"Sweep (n)","APA (mV)"
474,134.00999063951
475,133.684990662211
476,133.514990674085
477,133.429990680023
478,133.589990668847
