"Sweep (n)","APA (mV)"
160,128.224678543609
161,128.17499104708
162,128.564991019839
163,128.70499101006
164,128.50499102403
