"Sweep (n)","APA (mV)"
201,140.749990168727
202,139.819990233686
203,140.584990180252
204,139.704990241719
205,140.749990168727
