"Sweep (n)","APA (mV)"
453,148.174989650096
454,148.014989661272
455,148.564989622855
456,147.989989663018
457,147.959989665114
