"Sweep (n)","APA (mV)"
383,128.389991032063
384,128.414991030316
385,128.219991043937
386,128.154991048477
387,127.854991069432
