"Sweep (n)","APA (mV)"
463,138.614990317855
464,139.199990276993
465,139.234990274548
466,139.409990262324
467,139.099990283978
