"Sweep (n)","APA (mV)"
266,140.544990183046
267,140.379990194571
268,140.034990218669
269,140.759990168028
270,140.024990219367
