"Sweep (n)","APA (mV)"
490,139.404990262674
491,139.929990226003
492,139.919990226701
493,139.724990240322
494,139.914990227051
