"Sweep (n)","APA (mV)"
5,112.431635284784
6,113.502802226094
7,113.968195270395
8,113.999628374371
9,114.737543378384
