"Sweep (n)","APA (mV)"
134,105.010370988838
135,107.470698020416
136,105.862116553851
137,106.210322103718
138,104.49950675529
