"Sweep (n)","APA (mV)"
134,129.881280452064
135,129.478448439947
136,129.99450066153
137,129.48760371295
138,129.880975276297
