"Sweep (n)","APA (mV)"
27,110.525507445633
28,110.031427879256
29,110.601801387321
30,109.975275538173
31,110.823664169752
