"Sweep (n)","APA (mV)"
256,101.935419963015
257,102.300410180054
258,100.003047007923
259,100.473322864492
260,100.360407830793
