"Sweep (n)","APA (mV)"
134,125.090020914012
135,125.125421302955
136,125.011590741956
137,125.436395409278
138,125.331720121281
