"Sweep (n)","APA (mV)"
126,107.171015417462
127,107.296747833365
128,106.016535491829
129,106.778559381416
130,105.960383150746
