"Sweep (n)","APA (mV)"
110,125.353082424954
111,125.461419822152
112,125.529779193905
113,125.17760635907
114,124.521783636314
