"Sweep (n)","APA (mV)"
56,109.086603705383
57,108.684687220567
58,107.992853757333
59,108.232416734236
60,108.516230197318
