"Sweep (n)","APA (mV)"
5,99.3215895207589
6,99.7384596181461
7,101.282648997926
8,100.800471286453
9,98.4713698345797
