"Sweep (n)","APA (mV)"
185,78.6495934323135
186,80.0268516676785
187,79.1076622582127
188,80.8511314136836
189,77.1987878371606
