"Sweep (n)","APA (mV)"
47,103.251643045029
48,102.642207038819
49,102.536616223522
50,102.01201908047
51,101.015009850482
