"Sweep (n)","APA (mV)"
100,127.43560185729
101,127.409051565582
102,128.030389426695
103,127.637017863348
104,127.961724879175
