"Sweep (n)","APA (mV)"
45,116.301569183003
46,111.98058550152
47,112.480463407465
48,110.639948358166
49,112.190546429047
