"Sweep (n)","APA (mV)"
6,104.647517002166
7,103.962702581568
8,99.6530104034547
9,97.0587112102711
10,99.6081495657418
