"Sweep (n)","APA (mV)"
263,123.579095692808
264,123.52813133976
265,123.94469626138
266,124.306024369218
267,123.512872551422
