"Sweep (n)","APA (mV)"
158,102.122797883802
159,102.184748564454
160,100.879206634276
161,99.3740797526407
162,100.585627546658
