"Sweep (n)","APA (mV)"
49,134.521477985573
50,134.815057073191
51,135.875542862664
52,136.988213708253
53,137.046197103936
