"Sweep (n)","APA (mV)"
66,116.812433416551
67,117.400812294854
68,116.405939295233
69,114.737238202617
70,115.349420790728
