"Sweep (n)","APA (mV)"
376,106.099238124619
377,105.187983285089
378,104.387812424657
379,103.648981893344
380,103.609309043666
