"Sweep (n)","APA (mV)"
4,134.341424283187
5,133.940423325671
6,134.241936983225
7,133.182366721052
8,133.558038089927
