"Sweep (n)","APA (mV)"
5,120.741571413521
6,121.129754988833
7,119.740594898564
8,123.049615737488
9,120.466302871908
