"Sweep (n)","APA (mV)"
207,124.142755334004
208,123.872369604659
209,123.648675767628
210,124.13848287327
211,123.734124982319
