"Sweep (n)","APA (mV)"
6,115.91063902579
7,115.611871950137
8,115.60973571977
9,115.686640012992
10,115.491937873802
