"Sweep (n)","RR (ms)"
84,527.399999999998
85,327.600000000002
86,414.599999999999
87,453.099999999999
88,361.050000000003
