"Sweep (n)","RR (ms)"
108,206.950000000001
109,244.049999999999
110,270
111,223.75
112,247.300000000003
