"Sweep (n)","RR (ms)"
45,186.05
46,175.1
47,182.049999999999
48,182.15
49,174.550000000001
