"Sweep (n)","RR (ms)"
29,184.599999999999
30,219.900000000001
31,216.3
32,193.65
33,199.35
