"Sweep (n)","RR (ms)"
112,278.399999999998
113,286.700000000001
114,296.799999999999
115,296.650000000001
116,280.099999999999
