"Sweep (n)","RR (ms)"
55,240.599999999999
56,247.700000000001
57,238.25
58,227.15
59,236.800000000001
