"Sweep (n)","APA (mV)"
24,138.839990302138
25,140.252490203476
26,141.029990149169
27,141.279990131706
28,141.752490098703
