"Sweep (n)","APA (mV)"
57,130.464990887125
58,130.504990884331
59,130.544990881538
60,130.277490900222
61,130.39249089219
