"Sweep (n)","APA (mV)"
11,127.04499112601
12,127.129991120073
13,126.702491149933
14,127.217491113961
15,127.099991122168
