"Sweep (n)","APA (mV)"
57,130.789990864424
58,130.964990852201
59,130.92749085482
60,130.6299908756
61,130.767490865996
