"Sweep (n)","APA (mV)"
44,123.679991361052
45,124.29249131827
46,124.26499132019
47,125.072491263787
48,127.719991078861
