"Sweep (n)","APA (mV)"
80,130.789990864424
81,130.599990877696
82,130.567490879966
83,130.594990878045
84,130.852490860059
