"Sweep (n)","APA (mV)"
82,130.36499089411
83,130.399990891666
84,130.22999090354
85,130.504990884331
86,130.557490880664
