"Sweep (n)","APA (mV)"
6,127.352491104531
7,127.052491125486
8,127.27749110977
9,127.144991119025
10,127.159991117977
