"Sweep (n)","APA (mV)"
16,117.372491801626
17,118.744991705758
18,118.827491699995
19,117.917491763558
20,117.79749177194
