"Sweep (n)","APA (mV)"
56,129.909990925892
57,129.944990923447
58,129.644990944402
59,129.877490928162
60,129.557490950514
