"Sweep (n)","APA (mV)"
40,125.05999126466
41,125.044991265708
42,125.037491266232
43,125.322491246325
44,125.237491252262
