"Sweep (n)","APA (mV)"
70,132.827490722107
71,133.004990709709
72,133.18249069731
73,133.094990703422
74,133.362490684737
