"Sweep (n)","APA (mV)"
86,126.154991188175
87,126.259991180841
88,126.147491188699
89,126.279991179444
90,126.147491188699
