"Sweep (n)","APA (mV)"
38,154.154989232398
39,154.314989221222
40,153.864989252654
41,153.852489253528
42,154.209989228556
