"Sweep (n)","APA (mV)"
56,123.02733515664
57,122.737491426885
58,122.997491408724
59,122.842491419551
60,122.894991415884
