"Sweep (n)","APA (mV)"
39,126.402334920899
40,126.44999116757
41,126.68249115133
42,126.667491152378
43,126.592491157616
