"Sweep (n)","APA (mV)"
39,123.162491397199
40,123.144991398422
41,122.844991419376
42,122.444991447316
43,122.412491449586
