"Sweep (n)","APA (mV)"
6,125.25499125104
7,125.274991249643
8,124.842491279853
9,124.872491277757
10,124.792491283345
