"Sweep (n)","APA (mV)"
43,114.366144470243
44,113.535761208903
45,113.96117622776
46,113.557123512576
47,113.823236781186
