"Sweep (n)","APA (mV)"
82,99.9871778680514
83,100.181880007241
84,98.754878121895
85,100.016779917427
86,99.0261793785401
