"Sweep (n)","APA (mV)"
96,120.342096334838
97,120.370782856913
98,120.875238399359
99,120.661920538398
100,119.804376633816
