"Sweep (n)","Ediast (mV)"
272,-75.2049947469917
273,-75.1849947483887
274,-75.2149947462932
275,-75.2449947441977
276,-75.2249947455947
