"Sweep (n)","Ediast (mV)"
281,-73.9699948332554
282,-74.0049948308107
283,-74.0149948301122
284,-74.0049948308107
285,-73.9599948339539
