"Sweep (n)","Ediast (mV)"
490,-85.0049940624696
491,-84.9799940642159
492,-84.9699940649143
493,-84.9249940680576
494,-84.9649940652636
