"Sweep (n)","Ediast (mV)"
435,-76.4049946631726
436,-76.4499946600294
437,-76.5049946561877
438,-76.4749946582832
439,-76.5049946561877
