"Sweep (n)","Ediast (mV)"
267,-72.7399949191699
268,-72.7049949216147
269,-72.8549949111373
270,-72.819994913582
271,-72.7499949184714
