"Sweep (n)","Ediast (mV)"
337,-69.3999951524662
338,-69.2749951611974
339,-69.5699951405919
340,-69.5549951416396
341,-69.4799951468783
