"Sweep (n)","Ediast (mV)"
266,-80.9449943460573
267,-80.9299943471051
268,-80.8349943537407
269,-81.0099943415171
270,-80.9249943474543
