"Sweep (n)","Ediast (mV)"
202,-72.1799949582855
203,-72.0149949698106
204,-72.0749949656197
205,-72.1149949628257
206,-72.1449949607302
