"Sweep (n)","Ediast (mV)"
481,-72.3949949432679
482,-72.4249949411724
483,-72.2749949516498
484,-72.2699949519991
485,-72.2399949540945
