"Sweep (n)","Ediast (mV)"
327,-65.5249954231318
328,-65.5249954231318
329,-65.784995404971
330,-65.5149954238303
331,-65.3549954350062
