"Sweep (n)","Ediast (mV)"
135,-72.0149949698106
136,-71.9749949726046
137,-72.0899949645719
138,-71.9649949733031
139,-71.9549949740016
