"Sweep (n)","Ediast (mV)"
253,-84.3599941075223
254,-84.3449941085701
255,-84.3399941089193
256,-84.3149941106656
257,-84.3249941099671
