"Sweep (n)","Ediast (mV)"
383,-75.4399947305771
384,-75.4649947288309
385,-75.4699947284817
386,-75.4549947295294
387,-75.4549947295294
