"Sweep (n)","Ediast (mV)"
160,-72.5746824307169
161,-72.47499493768
162,-72.6149949279011
163,-72.6549949251071
164,-72.6049949285996
