"Sweep (n)","Ediast (mV)"
201,-84.3999941047284
202,-84.3699941068239
203,-84.3849941057761
204,-84.304994111364
205,-84.3999941047284
