"Sweep (n)","Ediast (mV)"
474,-76.7099946418686
475,-76.6849946436149
476,-76.7149946415194
477,-76.6799946439641
478,-76.6899946432656
