"Sweep (n)","Peak x (ms)","Peak y (mV)"
34,11,51.1657690541314
35,11,51.1901831154718
36,11,51.0894751124426
37,11,51.0070776554188
38,11,50.9674048057407
