"Sweep (n)","Peak x (ms)","Peak y (mV)"
65,13.4,47.2839333010087
66,13,47.5677467640908
67,14,46.7346169208498
68,13.2,46.7712380128604
69,13.2,47.0977760832882
