"Sweep (n)","Peak x (ms)","Peak y (mV)"
73,14,46.6033913411452
74,13.8,46.4172341234247
75,13.6,46.6003395834776
76,13.6,46.624753644818
77,14.2,46.4294411540949
