"Sweep (n)","Peak x (ms)","Peak y (mV)"
15,11.8,47.5769020370934
16,11.4,47.5036598530722
17,11.4,47.4792457917318
18,11.2,47.6409889481119
19,12,47.4090553653782
