"Sweep (n)","Peak x (ms)","Peak y (mV)"
65,16.4,45.8557107125956
66,16.6,45.7397439212287
67,16.6,45.7397439212287
68,23,42.813108318049
69,20.6,43.9117410783667
