"Sweep (n)","Peak x (ms)","Peak y (mV)"
40,16.6,47.1527077213041
41,17.2,46.591184310475
42,16.2,46.624753644818
43,16.6,46.7773415281955
44,18.2,46.3592507277412
