"Sweep (n)","Peak x (ms)","Peak y (mV)"
91,12,42.9473856554211
92,12.2,43.3013895448569
93,12,42.907712805743
94,11.6,42.8649881983973
95,12.2,42.6666239500066
