"Sweep (n)","Peak x (ms)","Peak y (mV)"
31,16.8,50.3784155759037
32,18,50.7324194653394
33,17.4,49.8962378644309
34,17,49.9084448951011
35,17.6,50.396726121909
