"Sweep (n)","Peak x (ms)","Peak y (mV)"
48,20.8,49.3713355456124
49,18.4,49.4964576099819
50,18.6,49.0295386868469
51,18.6,49.5178199136548
52,19.4,48.8616920151317
