"Sweep (n)","Peak x (ms)","Peak y (mV)"
74,13.6,41.390989244971
75,14.6,41.4733867019948
76,16.2,41.3848857296359
77,16,41.1621074199048
78,14.6,41.1682109352399
