"Sweep (n)","Peak x (ms)","Peak y (mV)"
80,12.6,45.9777810192976
81,13.2,45.7000710715506
82,11.8,45.9655739886274
83,12,45.7641579825691
84,12.6,45.7641579825691
