"Sweep (n)","Peak x (ms)","Peak y (mV)"
65,19.8,52.2155736917683
66,19.2,53.1372045073682
67,18.4,53.1097386883603
68,18.8,53.0731175963497
69,18.8,52.6885961302385
