"Sweep (n)","Peak x (ms)","Peak y (mV)"
132,17.4,44.1375711457654
133,17,44.9035623203202
134,17,44.5068338235388
135,16.8,44.052121931074
136,17,44.5007303082037
