"Sweep (n)","Peak x (ms)","Peak y (mV)"
69,31.2,42.7917460143761
70,26.8,42.3309306065762
71,27.8,42.941282140086
72,23.6,43.0511454161178
73,25.4,42.752073164698
