"Sweep (n)","Peak x (ms)","Peak y (mV)"
65,16.2,50.1403784778348
66,16,49.9542212601143
67,16.4,49.8992896220984
68,16.8,49.8382544687474
69,17.4,49.9816870791223
