"Sweep (n)","Peak x (ms)","Peak y (mV)"
31,15.8,51.5350317319048
32,15.4,51.6143774312611
33,15,51.4160131828704
34,15.2,51.452634274881
35,14.6,51.7974828913141
