"Sweep (n)","Peak x (ms)","Peak y (mV)"
21,16.4,45.4803445194871
22,16.8,46.1334206603426
23,17,45.97472926163
24,16.2,45.5047585808274
25,16.6,45.6085183415241
