"Sweep (n)","Peak x (ms)","Peak y (mV)"
8,14.4,48.0712867792364
9,15.2,48.1567359939278
10,15,48.013303383553
11,14.8,47.7416969511411
12,15.2,47.7142311321331
