"Sweep (n)","Peak x (ms)","Peak y (mV)"
50,13.8,47.6165748867716
51,13.4,47.6684547671199
52,14.6,47.579953794761
53,14.6,47.4456764573888
54,14.4,47.4975563377371
