"Sweep (n)","Peak x (ms)","Peak y (mV)"
21,17.6,56.1492893252394
22,18,56.1981174479202
23,18.8,56.1614963559096
24,17.2,55.9265110155083
25,19,55.8868381658301
