"Sweep (n)","Peak x (ms)","Peak y (mV)"
62,17.8,47.2228981476577
63,18.2,47.2686745126709
64,21.2,46.5423561877942
65,19.2,46.9146706232352
66,18,46.685788798169
