"Sweep (n)","Peak x (ms)","Peak y (mV)"
522,7.2,60.2499957915863
523,7.1,59.7999958230185
524,7.1,59.7499958265109
525,7.2,60.1999957950788
526,7.1,59.8999958160335
