"Sweep (n)","Peak x (ms)","Peak y (mV)"
647,7.2,65.8499954004309
648,7.3,65.4999954248781
649,7.3,65.5499954213856
650,7.3,65.7999954039233
651,7.3,65.8499954004309
