"Sweep (n)","Peak x (ms)","Peak y (mV)"
430,6.3,57.6499959731942
431,6.3,57.2999959976414
432,6.3,57.7499959662093
433,6.3,57.8999959557319
434,6.4,57.7499959662093
