"Sweep (n)","Peak x (ms)","Peak y (mV)"
448,7.4,56.6499960430434
449,7.4,56.6499960430434
450,7.4,56.9499960220886
451,7.4,56.9499960220886
452,7.4,57.0499960151037
