"Sweep (n)","Peak x (ms)","Peak y (mV)"
213,6.2,61.4499957077673
214,6.1,61.5999956972899
215,6.1,61.3999957112597
216,6.1,61.3499957147522
217,6.1,61.4999957042748
