"Sweep (n)","Peak x (ms)","Peak y (mV)"
341,6.2,46.0999967799523
342,6.2,46.1499967764599
343,6.2,46.1499967764599
344,6.2,45.9999967869373
345,6.2,46.1499967764599
