"Sweep (n)","Peak x (ms)","Peak y (mV)"
595,9.8,47.3999966891484
596,10,47.549996678671
597,10.1,47.4999966821635
598,9,47.4499966856559
599,9.6,47.549996678671
