"Sweep (n)","Peak x (ms)","Peak y (mV)"
585,6.5,61.3499957147522
586,6.4,61.4499957077673
587,6.4,61.2999957182447
588,6.4,61.4499957077673
589,6.5,61.5499957007824
