"Sweep (n)","Peak x (ms)","Peak y (mV)"
319,6,56.1999960744755
320,6,56.0999960814605
321,6,56.0999960814605
322,6,56.149996077968
323,6,56.0999960814605
