"Sweep (n)","dV/dt max x (s)","dV/dt max y (V/s)"
1,3398.75,5.49316367367105
2,6528.4,5.49316367377099
2,6533.75,5.49316367377099
3,830.900000000001,10.986327347542
4,2950.1,14.0380849440814
5,829.299999999999,15.2587879826972
