"Sweep (n)","dV/dt max x (ms)","dV/dt max y (V/s)"
15,11,238.143926221368
16,11,243.087773988121
17,11,250.549322006462
18,11,236.160283598905
19,11,243.392949776193
