"Sweep (n)","dV/dt max x (ms)","dV/dt max y (V/s)"
66,8,60.2111829864497
67,8,60.2569593546604
68,9.2,13.0767825188515
69,8,60.6994642473637
70,9.2,13.2141116234835
