"Sweep (n)","dV/dt max x (ms)","dV/dt max y (V/s)"
119,11,243.560796459632
120,11,247.695928387997
121,11,252.075200946818
122,11,253.921514464649
123,11,251.724248790537
