"Sweep (n)","dV/dt max x (ms)","dV/dt max y (V/s)"
268,6,300.49997901032
269,6.1,312.499978172127
270,6.1,301.499978940468
271,6,303.499978800772
272,6,321.499977543487
