"Sweep (n)","dV/dt max x (ms)","dV/dt max y (V/s)"
404,9,274.999980791474
405,8.7,279.499980477152
406,9.2,288.99997981358
407,9.1,286.999979953289
408,8.1,289.499979778661
