"Sweep (n)","dV/dt max x (ms)","dV/dt max y (V/s)"
130,4.9,275.999980721625
131,4.9,286.499979988208
132,4.9,284.999980092982
133,4.9,287.499979918359
134,5,263.999981559815
