"Sweep (n)","Ediast (mV)"
78,-76.2199946760948
79,-76.3174946692845
80,-76.2399946746978
81,-76.632494647282
82,-76.7074946420433
