"Sweep (n)","Ediast (mV)"
49,-76.3299946684113
50,-76.3249946687606
51,-76.2999946705068
52,-76.3074946699829
53,-76.3449946673636
