"Sweep (n)","Ediast (mV)"
367,-77.6149945786551
368,-77.322494599086
369,-77.322494599086
370,-77.1999946076426
371,-77.5274945847669
