"Sweep (n)","Ediast (mV)"
271,-77.6549945758612
272,-77.6374945770835
273,-77.627494577782
274,-77.5224945851162
275,-77.5799945810999
