"Sweep (n)","Ediast (mV)"
96,-73.5299948639891
97,-73.5599948618936
98,-73.5324948638144
99,-73.489994866783
100,-73.5099948653861
