"Sweep (n)","Ediast (mV)"
182,-68.2274952343644
183,-68.2899952299988
184,-68.2824952305227
185,-68.337495226681
186,-68.3149952282526
