"Sweep (n)","Ediast (mV)"
434,-77.4074945931488
435,-77.3674945959428
436,-77.3549945968159
437,-77.4249945919265
438,-77.4174945924504
