"Sweep (n)","Ediast (mV)"
472,-75.9874946923347
473,-75.9699946935571
474,-75.9224946968749
475,-75.9824946926839
476,-76.082494685699
