"Sweep (n)","Ediast (mV)"
77,-73.0599948968182
78,-73.0749948957705
79,-73.0199948996122
80,-72.7749949167252
81,-72.7899949156775
