"Sweep (n)","Ediast (mV)"
66,-73.6699948542102
67,-73.6624948547341
68,-73.6049948587504
69,-73.5599948618936
70,-73.6399948563057
