"Sweep (n)","Ediast (mV)"
171,-69.1999951664361
172,-69.2549951625944
173,-69.2399951636421
174,-69.3449951563079
175,-69.4299951503708
