"Sweep (n)","Ediast (mV)"
219,-81.154994331389
220,-81.2399943254518
221,-81.2699943233563
222,-81.2174943270234
223,-81.2174943270234
