"Sweep (n)","Ediast (mV)"
462,-83.3074941810386
463,-83.3349941791178
464,-83.2974941817371
465,-83.3049941812132
466,-83.3124941806894
