"Sweep (n)","Ediast (mV)"
138,-71.4524950091008
139,-71.3924950132917
140,-71.4024950125932
141,-71.3374950171334
142,-71.1199950323256
