"Sweep (n)","Ediast (mV)"
333,-82.9748379542744
334,-82.9724942044381
335,-82.9399942067082
336,-82.9349942070574
337,-83.0024942023426
