"Sweep (n)","dV/dt max x (ms)","dV/dt max y (V/s)"
434,8,294.999979394487
435,8,288.499979848507
436,8,291.999979604035
437,8,298.499979150015
438,8,291.49997963896
