"Sweep (n)","dV/dt max x (ms)","dV/dt max y (V/s)"
122,11,253.921514464649
123,11,251.724248790537
124,11,255.645757667252
125,11,253.784185360017
126,11,255.844121929498
