"Sweep (n)","dV/dt max x (ms)","dV/dt max y (V/s)"
111,12,251.586919685907
112,12,259.017950125441
113,12,254.837041828865
114,12,251.220708740221
115,12,248.47412664758
