"Sweep (n)","dV/dt max x (ms)","dV/dt max y (V/s)"
430,6,328.499977054542
431,6,319.499977683185
432,6,331.499976844995
433,6,332.999976740221
434,6.1,320.999977578408
