"Sweep (n)","dV/dt max x (ms)","dV/dt max y (V/s)"
422,6,360.999974784444
423,6,350.49997551786
424,6,355.99997513369
425,6,361.499974749519
426,6,360.499974819368
