"Sweep (n)","Peak x (ms)","Peak y (mV)"
18,72,10.6811518364225
19,72,10.9863276031774
20,72,10.3759760696676
21,72,10.9863276031774
22,72,10.6811518364225
