"Sweep (n)","Peak x (ms)","Peak y (mV)"
7,80.5,37.2314435441013
8,80.5,36.6210920105915
9,80.5,36.9262677773464
10,80.5,36.3159162438365
11,80.5,37.2314435441013
