"Sweep (n)","Peak x (ms)","Peak y (mV)"
23,75.5,36.6210920105915
24,75.5,36.3159162438365
25,75.5,35.7055647103267
26,76,36.0107404770816
27,76,36.0107404770816
