"Sweep (n)","Peak x (ms)","Peak y (mV)"
11,81,59.8144502839661
12,78.5,60.119626050721
13,79,60.119626050721
14,81,59.8144502839661
15,79.5,59.2040987504562
