"Sweep (n)","Peak x (ms)","Peak y (mV)"
19,74.5,42.72460734569
20,74.5,42.1142558121802
21,74.5,42.1142558121802
22,74.5,42.72460734569
23,74,43.3349588791999
