"Sweep (n)","Peak x (ms)","Peak y (mV)"
4,74,46.997068080259
5,74,46.997068080259
6,74,47.6074196137689
7,74,47.6074196137689
8,74,47.6074196137689
