"Sweep (n)","dV/dt max x (ms)","dV/dt max y (V/s)"
475,10.8,272.499980966097
476,11.2,277.999980581926
477,10.9,280.499980407303
478,12.6,259.999981839212
479,10.7,280.499980407298
