"Sweep (n)","dV/dt max x (ms)","dV/dt max y (V/s)"
113,11.9,388.999972828667
114,11.9,382.499973282686
115,12,376.499973701781
116,11.9,360.999974784444
117,11.8,361.499974749519
