"Sweep (n)","dV/dt max x (ms)","dV/dt max y (V/s)"
40,10.9,294.99997939449
41,11,292.999979534183
42,11,290.499979708806
43,10.9,286.499979988208
44,11,290.999979673882
