"Sweep (n)","dV/dt max x (ms)","dV/dt max y (V/s)"
3,19.8,183.639517644779
4,19.8,172.698966406615
5,19.6,181.167593934064
6,20,165.603629829563
7,19.6,161.407463036682
