"Sweep (n)","Ediast (mV)"
3,-75.888368395456
4,-75.9094255248329
5,-75.8497636582649
6,-75.8375566267421
7,-75.8189409036698
