"Sweep (n)","Ediast (mV)"
22,-76.8962114355611
23,-76.878663827747
24,-76.8811052340516
25,-76.8339555747946
26,-76.7913835523587
