"Sweep (n)","Ediast (mV)"
23,-77.3501604203171
24,-77.3297136425163
25,-77.3077409857752
26,-77.1966569989172
27,-77.1388261870777
