"Sweep (n)","Ediast (mV)"
23,-75.0711076350013
24,-75.0669877618623
25,-75.078431853915
26,-75.108644256934
27,-75.1541154493566
