"Sweep (n)","Ediast (mV)"
16,-78.927003717281
17,-78.8787859427657
18,-78.7995928257613
19,-78.7915056673774
20,-78.7927263705297
