"Sweep (n)","Ediast (mV)"
26,-77.4031084195474
27,-77.3777788291375
28,-77.3548906450322
29,-77.306978046305
30,-77.3060625189408
