"Sweep (n)","Ediast (mV)"
50,-68.9349380642534
51,-68.9852920692852
52,-68.988649002954
53,-68.8226333742432
54,-68.6860672090814
