"Sweep (n)","Ediast (mV)"
31,-62.1040358119615
32,-61.8550123688954
33,-61.5646376065456
34,-61.1708082520397
35,-60.6358350955509
