"Sweep (n)","Ediast (mV)"
14,-75.0036637858375
15,-74.9937455727252
16,-74.9404923977068
17,-74.9086015278533
18,-74.8936479142378
