"Sweep (n)","Ediast (mV)"
22,-68.1837478619161
23,-68.2109085070545
24,-68.2078567491738
25,-68.2800308230526
26,-68.1973281844853
