"Sweep (n)","dV/dt max x (ms)","dV/dt max y (V/s)"
153,6,125.778192268044
154,6,140.899651510751
155,6,141.510003044261
156,6,141.220086065844
157,6,133.178704611851
