"Sweep (n)","dV/dt max x (ms)","dV/dt max y (V/s)"
3,7,222.717274577748
4,6.8,218.185414441435
5,7,193.206777932546
6,6.6,233.20006216578
7,7,222.244252139278
