"Sweep (n)","dV/dt max x (ms)","dV/dt max y (V/s)"
87,6.4,157.302848973829
88,6,147.567742014346
89,6.2,133.438104013592
90,6,159.408561764438
91,6,155.349724066597
