"Sweep (n)","dV/dt max x (ms)","dV/dt max y (V/s)"
141,6,106.185908042378
142,6,95.4284622642666
143,6,88.8061481256846
144,6,86.2426716849432
145,6.2,71.9299282241364
