"Sweep (n)","dV/dt max x (ms)","dV/dt max y (V/s)"
139,6,245.712268602732
140,6,239.22728355919
141,6,215.957631344126
142,6,218.658436879907
143,6,217.636098061278
