"Sweep (n)","dV/dt max x (ms)","dV/dt max y (V/s)"
128,7.4,145.416252858724
129,9,108.047480219582
130,9.2,114.318842226397
131,9.8,101.135249102584
132,6.8,117.752069602389
