"Sweep (n)","dV/dt max x (ms)","dV/dt max y (V/s)"
89,6,203.750600673929
90,5.8,148.635857197987
91,5.8,183.303824301347
92,5.8,149.70397238163
93,6,173.706046436906
