"Sweep (n)","dV/dt max x (ms)","dV/dt max y (V/s)"
236,6.2,122.085565490309
237,6,125.488275289627
238,6,127.090448065091
239,6,126.068109246462
240,5.8,121.124261825031
