"Sweep (n)","dV/dt max x (ms)","dV/dt max y (V/s)"
108,6,37.9486065959755
109,6,46.0815407799944
110,6,43.762204952657
111,6,49.4079566376232
112,6,46.9207741385705
