"Sweep (n)","dV/dt max x (ms)","dV/dt max y (V/s)"
42,7,60.0891084740457
43,6.8,64.1479461718857
44,7,62.3779267247077
45,7,60.0280733206947
46,6.8,65.933224407402
