"Sweep (n)","Ediast (mV)"
13,-76.0632341220208
14,-76.0244767969357
15,-75.9588640025004
16,-75.8877580438798
17,-75.8526628282516
