"Sweep (n)","Ediast (mV)"
3,-72.6928727185623
4,-72.6821915659798
5,-72.6382462524976
6,-72.3727433168756
7,-72.3776261294848
