"Sweep (n)","Ediast (mV)"
22,-76.9097917581303
23,-76.8765275972305
24,-76.9036882423689
25,-76.8865983982369
26,-76.7819231029285
