"Sweep (n)","Ediast (mV)"
3,-75.8596818713773
4,-75.9255998416006
5,-75.8578508166488
6,-75.8462541367021
7,-75.8334367536031
