"Sweep (n)","Ediast (mV)"
23,-75.1071183779937
24,-75.0479142751078
25,-75.0823991391599
26,-75.0766007991865
27,-75.1458757030787
