"Sweep (n)","Ediast (mV)"
26,-77.4267595431229
27,-77.3770158896673
28,-77.375490010727
29,-77.3263567088475
30,-77.2882097353386
