"Sweep (n)","Ediast (mV)"
51,-62.431947196244
52,-62.3983778595562
53,-62.3522963155574
54,-62.3297133072402
55,-62.3129286388962
