"Sweep (n)","Ediast (mV)"
28,-71.3571182941746
29,-71.3549820636581
30,-71.2512222957139
31,-71.2847916324017
32,-71.2881485660705
