"Sweep (n)","Ediast (mV)"
14,-75.005800016354
15,-75.0112931805393
16,-74.980165250156
17,-74.9264543114555
18,-74.8999040178933
