"Sweep (n)","Ediast (mV)"
22,-68.1167617764345
23,-68.2434097284841
24,-68.1695571877708
25,-68.281861877781
26,-68.2855239872379
