"Sweep (n)","Ediast (mV)"
46,-75.5920374251959
47,-75.4699671184939
48,-75.8361780385998
49,-75.9887659219773
50,-75.8361780385998
