"Sweep (n)","Ediast (mV)"
7,-73.2421840211829
8,-73.2727015978584
9,-73.0285609844545
10,-72.998043407779
11,-72.7233852176995
