"Sweep (n)","Ediast (mV)"
38,-84.6215839226898
39,-84.6859760139728
40,-84.5425433935793
41,-84.6771259161187
42,-84.7436542379183
