"Sweep (n)","Ediast (mV)"
55,-81.849672239639
56,-81.8298358134143
57,-81.8551654038243
58,-81.8722552479562
59,-81.9046038814918
