"Sweep (n)","Ediast (mV)"
3,-81.6049212576059
4,-81.5850848313812
5,-81.562501823064
6,-81.5023821928139
7,-81.5100115875157
