"Sweep (n)","Ediast (mV)"
53,-97.1176169168417
54,-97.2280905521234
55,-97.320558815909
56,-97.3880026650727
57,-97.4594137994814
