"Sweep (n)","Ediast (mV)"
50,-75.3814714114697
51,-75.0097673015989
52,-75.5590837201271
53,-75.1712052934886
54,-75.2487199436587
