"Sweep (n)","Ediast (mV)"
52,-90.5371113986621
53,-90.5654927469528
54,-90.6002827867929
55,-90.6069966541305
56,-90.5926533920911
