"Sweep (n)","Ediast (mV)"
28,-84.2642230748584
29,-84.253847098064
30,-84.2611713169777
31,-84.2257709255614
32,-84.2437762970576
