"Sweep (n)","Ediast (mV)"
36,-83.3151263739569
37,-83.2376117237868
38,-83.3386249096384
39,-83.6322040177629
40,-83.6138934704786
