"Sweep (n)","Ediast (mV)"
34,-78.4329241163937
35,-78.4478777300092
36,-78.472902144631
37,-78.5223406222986
38,-78.57116874839
