"Sweep (n)","Ediast (mV)"
43,-78.9038103573876
44,-78.9169329162746
45,-78.9068621152683
46,-78.9279192446452
47,-78.9508074287506
