"Sweep (n)","Ediast (mV)"
61,-84.7457904684348
62,-84.7714252346327
63,-84.7784442777584
64,-84.8483295332267
65,-84.8419208416772
