"Sweep (n)","Ediast (mV)"
50,-80.2847307984098
51,-80.2700823605824
52,-80.2688616574301
53,-80.2462786491128
54,-80.2606219111522
