"Sweep (n)","Ediast (mV)"
19,-83.1051654317639
20,-83.1378192410876
21,-83.1735248082919
22,-83.1716937535635
23,-83.1628436557094
