"Sweep (n)","Ediast (mV)"
77,-73.2513392941856
78,-73.3489955395472
79,-73.4252894812359
80,-73.4344447542385
81,-73.3795131162227
