"Sweep (n)","Ediast (mV)"
28,-78.6010759756209
29,-79.9423235641939
30,-80.7861346182108
31,-81.2518328708075
32,-80.6997698701867
