"Sweep (n)","Ediast (mV)"
26,-77.9846154365545
27,-77.9479943445439
28,-78.2745324149717
29,-77.9785119212194
30,-78.1036339855889
