"Sweep (n)","Ediast (mV)"
15,-87.7075153653666
16,-86.8835407951283
17,-87.2802692919097
18,-87.0056111018302
19,-87.0056111018302
