"Sweep (n)","Ediast (mV)"
18,-73.8525355546928
19,-73.2421840211829
20,-74.0356410147457
21,-74.1882288981232
22,-74.1577113214477
