"Sweep (n)","Ediast (mV)"
16,-89.6606402725981
17,-89.4775348125451
18,-89.4164996591942
19,-86.8530232184528
20,-88.3483844755519
