"Sweep (n)","Ediast (mV)"
23,-78.7353478227716
24,-78.5217247860432
25,-77.209468988997
26,-78.9794884361756
27,-79.376216932957
