"Sweep (n)","Ediast (mV)"
19,-82.7026327905857
20,-82.6110800605592
21,-81.9091757970229
22,-83.2519491707446
23,-83.4350546307976
