"Sweep (n)","Ediast (mV)"
11,-64.8803680120979
12,-63.8732879818066
13,-64.1174285952106
14,-64.5751922453429
15,-63.9038055584821
