"Sweep (n)","Ediast (mV)"
15,-83.0688437106917
16,-82.9467734039897
17,-82.6415976372348
18,-82.6110800605592
19,-82.7026327905857
