"Sweep (n)","Ediast (mV)"
7,-84.8083455811947
8,-84.5947225444663
9,-84.5031698144398
10,-84.4726522377643
11,-84.7778280045193
