"Sweep (n)","Ediast (mV)"
19,-64.39208678529
20,-64.4226043619655
21,-64.3005340552635
22,-64.9719207421244
23,-64.7582977053959
