"Sweep (n)","Ediast (mV)"
4,-65.0024383187999
5,-64.9414031654489
6,-64.9414031654489
7,-65.0024383187999
8,-65.0939910488263
