"Sweep (n)","dV/dt max x (ms)","dV/dt max y (V/s)"
11,80.5,104.980463763696
12,78,111.694330632304
13,78.5,109.863276031774
14,80.5,109.863276031774
15,78.5,86.6699177583998
