"Sweep (n)","dV/dt max x (ms)","dV/dt max y (V/s)"
19,79.5,98.2665968950871
20,79,81.7871054903209
21,79.5,106.811518364225
22,80,100.097651495617
23,80.5,108.642572964755
