"Sweep (n)","dV/dt max x (ms)","dV/dt max y (V/s)"
7,80,89.1113238924392
8,79.5,84.2285116243604
9,80,99.4872999621068
10,80,90.332026959459
11,80,100.708003029127
