"Sweep (n)","dV/dt max x (ms)","dV/dt max y (V/s)"
19,74,80.5664024233012
20,74,71.4111294206533
21,74,77.5146447557519
22,74,76.2939416887322
23,74,65.9179656190646
