"Sweep (n)","dV/dt max x (ms)","dV/dt max y (V/s)"
79,20,246.49998278218
80,20,246.999982747255
81,19.9,246.499982782171
82,20,248.499982642482
83,20,245.499982852029
