"Sweep (n)","APA (mV)"
1,84.1735780265257
2,83.8470399637008
3,86.148065191458
4,85.6353699152469
5,84.1491639657538
6,82.461542014892
7,82.9193056543663
8,81.9854678298388
9,85.7421814311242
10,80.1147404231874
11,81.0974063692588
12,75.9124702128137
13,76.364130337095
14,78.9520207789228
