"Sweep (n)","APA (mV)"
1,56.9335897202112
2,60.8520464741108
3,76.4526313073933
4,85.6994568247733
5,86.8560729538449
