"Sweep (n)","Ediast (mV)"
86,-76.5649946519968
87,-76.5299946544415
88,-76.5049946561877
89,-76.5149946554892
90,-76.4399946607279
