"Sweep (n)","Ediast (mV)"
42,-74.5799947906474
43,-74.6349947868057
44,-74.6549947854087
45,-74.5449947930921
46,-74.5349947937906
