"Sweep (n)","Ediast (mV)"
56,-73.6399948563057
57,-73.5749948608459
58,-73.5899948597981
59,-73.6149948580519
60,-73.6249948573534
