"Sweep (n)","Ediast (mV)"
40,-68.8099951936773
41,-68.814995193328
42,-68.7649951968205
43,-68.8099951936773
44,-68.7449951982175
