"Sweep (n)","Ediast (mV)"
46,-74.4499947997278
47,-74.4799947976323
48,-74.5449947930921
49,-74.5199947948384
50,-74.5299947941399
