"Sweep (n)","Ediast (mV)"
96,-74.384994804268
97,-74.4099948025218
98,-74.4099948025218
99,-74.3699948053158
100,-74.3899948039188
