"Sweep (n)","Ediast (mV)"
82,-73.9649948336047
83,-73.9599948339539
84,-73.9399948353509
85,-73.9349948357002
86,-73.9649948336047
