"Sweep (n)","Ediast (mV)"
81,-68.1599952390792
82,-68.1949952366345
83,-68.1049952429209
84,-68.1749952380315
85,-68.244995233142
