"Sweep (n)","Ediast (mV)"
57,-70.4599950784261
58,-70.4299950805216
59,-70.399995082617
60,-70.3549950857603
61,-70.319995088205
