"Sweep (n)","Ediast (mV)"
24,-73.4749948678308
25,-73.4949948664338
26,-73.3949948734187
27,-73.3749948748157
28,-73.2899948807529
