"Sweep (n)","Ediast (mV)"
52,-75.4049947330219
53,-75.3749947351173
54,-75.4149947323234
55,-75.4349947309264
56,-75.4299947312756
