"Sweep (n)","Ediast (mV)"
84,-73.0149948999614
85,-72.9599949038031
86,-72.9999949010091
87,-72.9999949010091
88,-73.084994895072
