"Sweep (n)","Ediast (mV)"
78,-74.424994801474
79,-74.5049947958861
80,-74.6149947882027
81,-74.629994787155
82,-74.5849947902982
