"Sweep (n)","Ediast (mV)"
6,-71.6849949928608
7,-71.7199949904161
8,-71.6249949970518
9,-71.6649949942578
10,-71.5699950008935
