"Sweep (n)","Ediast (mV)"
44,-74.5649947916952
45,-74.4599947990293
46,-74.4699947983308
47,-74.1499948206826
48,-74.119994822778
