"Sweep (n)","Ediast (mV)"
62,-71.844994981685
63,-71.8999949778432
64,-71.9449949747001
65,-71.904994977494
66,-71.6999949918131
