"Sweep (n)","APA (mV)"
26,0.76293941688732
27,0.640869110185349
28,0.76293941688732
29,0.610351533509856
30,0.732421840211828
