"Sweep (n)","Ediast (mV)"
81,-76.4297449049382
82,-76.698909931216
83,-75.3243982777518
84,-75.1757776793422
85,-74.9233973202358
