"Sweep (n)","Ediast (mV)"
165,-68.0334440342098
166,-67.1826139964971
167,-67.1728483719609
168,-66.9338957465918
169,-67.134091049583
