"Sweep (n)","Ediast (mV)"
20,-78.805843424892
21,-78.6270104255736
22,-78.7533531930102
23,-78.9251671496932
24,-79.0310631407572
