"Sweep (n)","Ediast (mV)"
55,-76.8350183231887
56,-76.2200891531775
57,-76.1669885697622
58,-76.4471399236432
59,-76.2652551666573
