"Sweep (n)","Ediast (mV)"
118,-76.5170251742301
119,-76.4242517411366
120,-75.2539026756314
121,-75.5230677019093
122,-76.7315637382588
