"Sweep (n)","Ediast (mV)"
120,-75.8709680760099
121,-76.0983240222423
122,-76.1407434538212
123,-76.3052331921022
124,-76.5527307389404
