"Sweep (n)","Ediast (mV)"
80,-80.6555137471937
81,-79.5333824528358
82,-80.5398521315935
83,-77.9635583086484
84,-80.5587730291323
