"Sweep (n)","Ediast (mV)"
23,-67.888790720768
24,-67.3852507056223
25,-66.8722502417073
26,-67.4966398604879
27,-67.8057829122106
