"Sweep (n)","Ediast (mV)"
148,-67.4478117378071
149,-67.3202482673035
150,-66.6207854099012
151,-67.2546354774512
152,-67.6348844828279
