"Sweep (n)","Ediast (mV)"
181,-63.6151092831319
182,-64.1375701958164
183,-63.9932220581413
184,-63.9788787971038
185,-63.5159271589366
