"Sweep (n)","Ediast (mV)"
85,-87.4636799277294
86,-86.5768391495396
87,-86.9140583718037
88,-87.0178181325004
89,-87.6837116555597
