"Sweep (n)","Ediast (mV)"
69,-57.473446977189
70,-56.9174167301615
71,-57.521969924103
72,-56.9177219059283
73,-58.7649508220959
