"Sweep (n)","Ediast (mV)"
1,-49.3337989263015
2,-47.3953224558742
3,-54.1122410821502
4,-50.416562546748
5,-54.8443577465953
