"Sweep (n)","Ediast (mV)"
83,-77.9107629009998
84,-78.5848961697615
85,-75.7870447401523
86,-76.5493738055061
87,-73.478695240418
