"Sweep (n)","Ediast (mV)"
136,-64.1375701958164
137,-64.0460174657899
138,-64.3914764337565
139,-63.3911102703338
140,-63.3367889838514
