"Sweep (n)","Ediast (mV)"
136,-85.8813435771051
137,-83.4838827534784
138,-84.0847738382188
139,-84.9295003605964
140,-84.4335897396197
