"Sweep (n)","Ediast (mV)"
189,-80.9603843381818
190,-80.9716758415518
191,-80.9515342409459
192,-80.9896812117903
193,-80.6774864024
