"Sweep (n)","Ediast (mV)"
41,-72.3599208794944
42,-71.5002407445458
43,-67.2610441685531
44,-69.5364346854778
45,-73.1066859807437
