"Sweep (n)","Ediast (mV)"
57,-71.9741787103162
58,-71.7047085082716
59,-72.166134267605
60,-71.8102993235688
61,-71.1639370495819
