"Sweep (n)","Ediast (mV)"
3,-77.7706872240593
4,-77.5994836189098
5,-77.549434793162
6,-77.5823937759715
7,-77.6443444566228
