"Sweep (n)","Ediast (mV)"
76,-67.6742521567393
77,-67.0639006232294
78,-67.0599333382616
79,-66.7550627472734
80,-66.8832365693105
