"Sweep (n)","Ediast (mV)"
201,-58.9376803060792
202,-59.1592379127432
203,-58.8803072619292
204,-58.9923067683283
205,-59.0875216075558
