"Sweep (n)","Ediast (mV)"
173,-71.9433559578739
174,-72.2524990095967
175,-72.1469081942995
176,-72.0059169900587
177,-71.9064296900966
