"Sweep (n)","Ediast (mV)"
17,-76.7010461615833
18,-76.7077600284519
19,-76.484676542954
20,-77.4389611655967
21,-78.1774865211436
