"Sweep (n)","Ediast (mV)"
314,-74.3731654127767
315,-72.4087490021752
316,-72.5387538788128
317,-71.1202969149359
318,-74.207149795662
