"Sweep (n)","Ediast (mV)"
4,-81.7855796114872
5,-81.8899497237173
6,-80.7647666716919
7,-81.0165366792647
8,-81.6253623339408
