"Sweep (n)","Ediast (mV)"
66,-74.1775477462868
67,-74.249569227241
68,-73.4997523683241
69,-72.9696620614708
70,-72.7267421511338
