"Sweep (n)","Peak x (ms)","Peak y (mV)"
162,7,52.8930638939643
163,6.8,52.7160619492464
164,7.2,52.7679418295947
165,7,52.7221654645815
166,7,52.4871801241802
