"Sweep (n)","Peak x (ms)","Peak y (mV)"
89,11,48.2055641166086
90,11,46.9848610495889
91,10.8,47.6013160984338
92,10.8,46.9055153502326
93,11.4,47.9705787762073
