"Sweep (n)","Peak x (ms)","Peak y (mV)"
5,17.2,45.4894997924897
6,17.2,44.8486306823043
7,18,44.8699929859772
8,18,44.7692849829481
9,18,43.8446024096806
