"Sweep (n)","Peak x (ms)","Peak y (mV)"
47,8,59.1064425050946
48,8.8,58.819577284345
49,7.6,59.1155977780973
50,7.4,59.1033907474271
51,7.4,59.1247530510999
