"Sweep (n)","Peak x (ms)","Peak y (mV)"
73,19.2,56.933595022565
74,19.2,56.9091809595193
75,19.2,56.9091809595193
76,19.2,56.8786633807122
77,19.2,56.890870412235
