"Sweep (n)","Peak x (ms)","Peak y (mV)"
84,19.8,57.0434583062707
85,20,57.0007336959407
86,20,56.9793713907757
87,20,56.9000256858772
88,20,56.8328870125015
