"Sweep (n)","Peak x (ms)","Peak y (mV)"
46,21.8,54.9469006422214
47,21.6,54.8431408742772
48,21.6,54.8370373585158
49,21.4,54.7485363799751
50,21.6,54.7546398957366
