"Sweep (n)","Peak x (ms)","Peak y (mV)"
51,19.2,61.9384779469329
52,19.2,61.9140638838872
53,19.2,62.01172013607
54,19.2,61.9293226732907
55,19.2,61.9628920099786
