"Sweep (n)","Peak x (ms)","Peak y (mV)"
11,19.6,60.4125990065768
12,19.6,60.4248060380997
13,19.6,60.3942884592925
14,19.4,60.3240980280362
15,19.4,60.3881849435311
