"Sweep (n)","Peak x (ms)","Peak y (mV)"
52,19.2,67.0715347022906
53,19.4,67.0928970074556
54,19.2,67.0318618498414
55,19.4,67.0928970074556
56,19.4,67.120362828382
