"Sweep (n)","Peak x (ms)","Peak y (mV)"
25,20.22,57.3730441499266
26,20.18,56.7626926164168
27,20.3,57.3730441499266
28,19.88,57.0678683831717
29,20.4,57.3730441499266
