"Sweep (n)","Peak x (ms)","Peak y (mV)"
83,20.8,60.119626050721
84,20.4,60.4248018174759
85,20.38,60.119626050721
86,20.2,59.8144502839661
87,20.44,59.8144502839661
