"Sweep (n)","Peak x (ms)","Peak y (mV)"
80,19.56,57.0678683831717
81,19.46,57.0678683831717
82,19.64,57.6782199166816
83,19.62,57.3730441499266
84,19.7,57.6782199166816
