"Sweep (n)","Peak x (ms)","Peak y (mV)"
55,20.2,54.1595471089977
56,20.2,54.092408435622
57,20,54.1198742565485
58,20.2,54.1107189829063
59,20,54.0954601935028
