"Sweep (n)","Peak x (ms)","Peak y (mV)"
27,19.4,50.7171642195545
28,19.4,50.6744396092245
29,19.4,50.6378185146559
30,19.4,50.6439220304174
31,19.4,50.6195079673717
