"Sweep (n)","Peak x (ms)","Peak y (mV)"
54,21,38.7359627798787
55,21,38.7786873902087
56,21,38.7786873902087
57,21,38.8000496953737
58,21,38.8000496953737
