"Sweep (n)","Peak x (ms)","Peak y (mV)"
54,19.8,49.5788585300488
55,19.8,49.5727550142874
56,19.8,49.588013803691
57,19.6,49.4750987621046
58,19.8,49.523926888196
