"Sweep (n)","Peak x (ms)","Peak y (mV)"
74,19.8,54.2907726978683
75,19.8,54.2694103927033
76,19.8,54.2510998454191
77,19.8,54.2663586348226
78,19.8,54.2663586348226
