"Sweep (n)","Peak x (ms)","Peak y (mV)"
70,20.8,55.1940930305591
71,20.6,55.1452649044677
72,20.8,55.1391613887063
73,20.8,55.1910412726784
74,20.6,55.1879895147977
