"Sweep (n)","Peak x (ms)","Peak y (mV)"
42,19.6,54.6295178226274
43,19.6,54.6264660647467
44,19.6,54.6142590332238
45,19.6,54.6051037595817
46,19.4,54.6783459487188
