"Sweep (n)","Peak x (ms)","Peak y (mV)"
84,20.2,58.0902112593549
85,20.2,58.0810559857128
86,19.6,58.0139173123371
87,20,58.0780042278321
88,20.2,58.0749524699513
