"Sweep (n)","Peak x (ms)","Peak y (mV)"
68,19.8,53.5400402592132
69,19.8,53.5156261961675
70,19.8,53.5064709225253
71,19.8,53.5369885013324
72,19.8,53.4912121331218
