"Sweep (n)","Peak x (ms)","Peak y (mV)"
47,19.4,53.1036388822713
48,19.4,52.9937755985657
49,19.4,53.1372082189592
50,19.4,53.0700695455835
51,19.2,53.0242931773728
