"Sweep (n)","Peak x (ms)","Peak y (mV)"
176,20,50.4150366679143
177,20.6,50.3540015145633
178,20.2,50.5065893979407
179,20,50.8117651646957
180,20.2,50.8117651646957
