"Sweep (n)","Peak x (ms)","Peak y (mV)"
15,19.6,53.01208614585
16,19.4,52.9418957145936
17,19.4,52.9083263779058
18,19.4,52.947999230355
19,19.6,52.9724132934007
