"Sweep (n)","Peak x (ms)","Peak y (mV)"
87,19.6,55.2673313593176
88,19.4,55.2062962059666
89,19.4,55.2673313593176
90,19.2,55.2062962059666
91,19.2,55.1452610526157
