"Sweep (n)","Peak x (ms)","Peak y (mV)"
45,18.8,60.5163545475024
46,18.8,60.3942842408004
47,18.8,60.6079072775289
48,18.8,59.6618624005886
49,18.8,61.1572236576878
