"Sweep (n)","dV/dt max x (ms)","dV/dt max y (V/s)"
26,13.2,165.35948921616
27,13.2,181.823721832589
28,14,186.73705167734
29,13,178.283682938229
30,13.6,195.297231934816
