"Sweep (n)","dV/dt max x (ms)","dV/dt max y (V/s)"
46,12,237.243641075283
47,12.2,246.826160151385
48,12.6,243.850696425529
49,12.8,246.475208019617
50,12.4,196.365347118458
