"Sweep (n)","dV/dt max x (ms)","dV/dt max y (V/s)"
52,13.2,124.618524354377
53,12.8,124.450677682659
54,13,120.681756963236
55,12.8,117.416376258958
56,13,108.566279023065
