"Sweep (n)","Peak x (ms)","Peak y (mV)"
9,79.5,27.1606432411887
10,79.5,26.5502917076788
11,79.5,25.634764407414
12,79.5,26.8554674744337
13,79.5,26.5502917076788
