"Sweep (n)","Peak x (ms)","Peak y (mV)"
21,79,28.0761705414535
22,79,28.3813463082084
23,79,28.6865220749633
24,78.5,27.7709947746985
25,78.5,27.1606432411887
