"Sweep (n)","Peak x (ms)","Peak y (mV)"
4,87.5,17.7001944717859
5,87.5,17.3950187050309
6,87.5,23.8037098068845
7,87.5,20.1416006058253
8,87.5,17.7001944717859
