"Sweep (n)","Peak x (ms)","Peak y (mV)"
1,87.5,9.76562453615772
2,87.5,10.9863276031774
3,87.5,9.4604487694028
4,87.5,11.5966791366873
5,87.5,10.6811518364225
