"Sweep (n)","Peak x (ms)","Peak y (mV)"
4,94,14.9536125709915
5,93.5,15.5639641045014
6,93.5,16.4794914047662
7,93.5,16.4794914047662
8,93.5,16.7846671715211
