"Sweep (n)","Peak x (ms)","Peak y (mV)"
4,91,37.8417950776112
5,90.5,37.5366193108563
6,91,37.8417950776112
7,90.5,37.8417950776112
8,90.5,38.1469708443661
