"Sweep (n)","Peak x (ms)","Peak y (mV)"
7,94.5,26.2451159409239
8,94.5,28.3813463082084
9,94.5,28.3813463082084
10,94.5,31.1279282090027
11,94,34.7900374100619
