"Sweep (n)","Peak x (ms)","Peak y (mV)"
5,95.5,59.8144502839661
6,95,60.4248018174759
7,94,59.8144502839661
8,93.5,61.3403291177407
9,95.5,59.5092745172111
