"Sweep (n)","Peak x (ms)","Peak y (mV)"
2,94,33.5693343430422
3,94,33.8745101097971
4,94.5,35.4003889435717
5,94.5,35.7055647103267
6,94.5,36.0107404770816
