"Sweep (n)","Peak x (ms)","Peak y (mV)"
5,88.5,46.6918923135041
6,88.5,46.3867165467492
7,88.5,46.6918923135041
8,88.5,45.7763650132393
9,88.5,46.0815407799943
