"Sweep (n)","Peak x (ms)","Peak y (mV)"
4,89,47.6074196137689
5,89,49.1332984475435
6,89,49.7436499810534
7,89,49.4384742142985
8,89,48.5229469140337
