"Sweep (n)","Negative dV/dt max x (ms)","Negative dV/dt max y (V/s)"
79,11.4,-13.9999990221114
80,11.5,-13.4999990570358
81,11.5,-13.4999990570359
82,11.8,-12.9999990919606
83,11.6,-12.4999991268853
