"Sweep (n)","Ediast (mV)"
64,-74.099994824175
65,-74.019994829763
66,-74.019994829763
67,-74.1049948238258
68,-74.0949948245243
