"Sweep (n)","Ediast (mV)"
33,-70.8599950504864
34,-70.929995045597
35,-70.8249950529311
36,-70.68499506271
37,-70.7199950602653
