"Sweep (n)","Ediast (mV)"
53,-75.3999947333711
54,-75.4949947267354
55,-75.5299947242907
56,-75.5049947260369
57,-75.584994720449
