"Sweep (n)","Ediast (mV)"
63,-76.0149946904138
64,-76.0099946907631
65,-75.9449946953033
66,-75.7899947061299
67,-75.8399947026374
