"Sweep (n)","Ediast (mV)"
64,-68.6699952034561
65,-68.7499951978682
66,-68.6799952027577
67,-68.754995197519
68,-68.774995196122
