"Sweep (n)","Ediast (mV)"
29,-77.5449945835446
30,-77.5549945828461
31,-77.5799945810999
32,-77.4599945894818
33,-77.4799945880848
