"Sweep (n)","Ediast (mV)"
72,-78.2399945349994
73,-78.2499945343009
74,-78.2999945308084
75,-78.3549945269667
76,-78.2199945363964
