"Sweep (n)","Ediast (mV)"
82,-76.7749946373285
83,-76.7649946380269
84,-76.78499463663
85,-76.7899946362807
86,-76.7549946387254
