"Sweep (n)","Ediast (mV)"
36,-73.8249948433836
37,-73.8299948430343
38,-73.9049948377956
39,-73.9849948322077
40,-73.9799948325569
