"Sweep (n)","Ediast (mV)"
88,-81.3249943195146
89,-81.3849943153237
90,-81.4299943121805
91,-81.3199943198639
92,-81.3899943149744
