"Sweep (n)","Ediast (mV)"
84,-77.3249945989114
85,-77.3649945961174
86,-77.3549945968159
87,-77.3399945978637
88,-77.3399945978637
