"Sweep (n)","Ediast (mV)"
83,-69.8899951182401
84,-69.8949951178909
85,-69.9449951143984
86,-69.8949951178909
87,-69.8149951234788
