"Sweep (n)","Ediast (mV)"
91,-78.3049945304592
92,-78.2949945311577
93,-78.2749945325547
94,-78.3449945276652
95,-78.3149945297607
