"Sweep (n)","Ediast (mV)"
87,-72.2599949526976
88,-72.149994960381
89,-72.1799949582855
90,-72.2199949554915
91,-72.3299949478081
