"Sweep (n)","Ediast (mV)"
41,-80.504994376791
42,-80.4099943834266
43,-80.4449943809819
44,-80.7099943624719
45,-80.219994396698
