"Sweep (n)","Ediast (mV)"
93,-87.5199938867989
94,-87.579993882608
95,-87.5096813875192
96,-87.559993884005
97,-87.4199938937838
