"Sweep (n)","Ediast (mV)"
42,-75.624994717655
43,-75.4299947312756
44,-75.1799947487379
45,-75.0699947564213
46,-75.299994740356
