"Sweep (n)","Ediast (mV)"
51,-73.5149948650368
52,-73.5649948615443
53,-73.5199948646876
54,-73.5349948636398
55,-73.5649948615443
