"Sweep (n)","Ediast (mV)"
94,-78.2449945346501
95,-78.3049945304592
96,-78.3399945280145
97,-78.2699945329039
98,-78.2799945322054
