"Sweep (n)","Ediast (mV)"
91,-74.7749947770268
92,-74.7749947770268
93,-74.7649947777253
94,-74.7699947773761
95,-74.6549947854087
