"Sweep (n)","Ediast (mV)"
83,-73.2949948804036
84,-73.1749948887855
85,-73.2149948859916
86,-73.1799948884363
87,-73.2049948866901
