"Sweep (n)","Ediast (mV)"
27,-73.694994852464
28,-73.5999948590996
29,-73.6299948570041
30,-73.6849948531625
31,-73.754994848273
