"Sweep (n)","Ediast (mV)"
78,-75.7749947071777
79,-75.7699947075269
80,-75.6899947131148
81,-75.7149947113686
82,-75.7449947092731
