"Sweep (n)","Ediast (mV)"
56,-72.9849949020569
57,-72.9049949076448
58,-72.9349949055493
59,-72.8899949086926
60,-72.8899949086926
