"Sweep (n)","Ediast (mV)"
69,-84.7449940806304
70,-84.6999940837736
71,-84.6699940858691
72,-84.6499940872661
73,-84.7199940823766
