"Sweep (n)","dV/dt max x (ms)","dV/dt max y (V/s)"
78,20,374.499973841486
79,20,373.999973876411
80,20,372.499973981185
81,20,371.999974016109
82,20,360.99997478445
