"Sweep (n)","dV/dt max x (ms)","dV/dt max y (V/s)"
71,20,298.999979115099
72,20,284.999980092987
73,20,281.999980302534
74,20,296.999979254797
75,20,291.499979638967
