"Sweep (n)","dV/dt max x (ms)","dV/dt max y (V/s)"
86,20.7,222.999984423628
87,21.2,213.999985052278
88,21,230.999983864842
89,20.8,216.499984877647
90,20.9,207.999985471373
