"Sweep (n)","dV/dt max x (ms)","dV/dt max y (V/s)"
81,21.1,347.999975692477
82,21,341.999976111584
83,21.2,327.999977089473
84,21,345.999975832188
85,21.2,343.499976006811
