"Sweep (n)","dV/dt max x (ms)","dV/dt max y (V/s)"
70,20,341.499976146509
71,19.9,371.999974016096
72,20,343.499976006811
73,19.9,346.999975762326
74,19.9,363.99997457489
