"Sweep (n)","Ediast (mV)"
660,-68.3249952275541
661,-68.357495225284
662,-68.3949952226647
663,-68.4024952221408
664,-68.4224952207438
