"Sweep (n)","Ediast (mV)"
649,-72.5724949308697
650,-72.5098386852462
651,-72.4249949411724
652,-72.5449949327905
653,-72.5074949354099
