"Sweep (n)","Ediast (mV)"
880,-75.5624947220206
881,-75.5049947260369
882,-75.544994723243
883,-75.5624947220206
884,-75.5248384746509
