"Sweep (n)","Ediast (mV)"
885,-73.9849948322077
886,-73.9874948320331
887,-74.0174948299376
888,-74.0699948262705
889,-74.0699948262705
