"Sweep (n)","Ediast (mV)"
848,-73.8724948400657
849,-73.8074948446059
850,-73.7199948507177
851,-73.7449948489715
852,-73.7699948472253
