"Sweep (n)","Ediast (mV)"
506,-73.9449948350017
507,-73.9674948334301
508,-73.9774948327316
509,-73.9774948327316
510,-73.99999483116
