"Sweep (n)","Ediast (mV)"
763,-74.6099947885519
764,-74.6324947869803
765,-74.5824947904728
766,-74.5899947899489
767,-74.6224947876788
