"Sweep (n)","Ediast (mV)"
417,-74.2624948128245
418,-74.3474948068874
419,-74.3874948040934
420,-74.4099948025218
421,-74.3724948051411
