"Sweep (n)","Ediast (mV)"
808,-71.9899949715568
809,-71.9924949713822
810,-71.9574949738269
811,-71.9549949740016
812,-71.9649949733031
