"Sweep (n)","Ediast (mV)"
413,-56.5074960529969
414,-56.7549960357092
415,-56.6749960412972
416,-56.567496048806
417,-56.6449960433926
