"Sweep (n)","Ediast (mV)"
475,-72.859994910788
476,-72.8474949116611
477,-72.8149949139312
478,-72.8124949141059
479,-72.7674949172491
