"Sweep (n)","Ediast (mV)"
638,-70.5349950731874
639,-70.5799950700442
640,-70.8299950525819
641,-70.7424950586937
642,-70.757495057646
