"Sweep (n)","APA (mV)"
93,146.419989772682
94,146.679989754521
95,146.959677234985
96,146.959989734963
97,147.66998968537
