"Sweep (n)","APA (mV)"
29,138.694990312267
30,138.554990322046
31,138.679990313314
32,138.409990332174
33,138.629990316807
