"Sweep (n)","APA (mV)"
78,140.474990187935
79,139.569990251149
80,140.689990172917
81,139.614990248005
82,140.294990200508
