"Sweep (n)","APA (mV)"
63,145.504989836594
64,145.639989827164
65,145.194989858247
66,145.699989822973
67,145.839989813194
