"Sweep (n)","APA (mV)"
87,140.909990157551
88,140.549990182696
89,140.879990159646
90,140.96999015336
91,141.379990124722
