"Sweep (n)","APA (mV)"
72,137.18999041739
73,137.349990406214
74,137.099990423676
75,137.354990405865
76,136.669990453711
