"Sweep (n)","APA (mV)"
33,138.409990332174
34,137.829990372686
35,138.324990338111
36,138.534990323443
37,138.819990303535
