"Sweep (n)","APA (mV)"
27,136.894990437995
28,135.949990504003
29,136.229990484445
30,136.484990466633
31,137.954990363955
