"Sweep (n)","APA (mV)"
56,137.134990421231
57,137.054990426819
58,136.834990442186
59,136.889990438344
60,137.239990413897
