"Sweep (n)","APA (mV)"
83,139.839990232289
84,140.644990176061
85,142.044990078272
86,142.394990053825
87,141.614990108307
