"Sweep (n)","APA (mV)"
41,131.054990845914
42,131.059990845565
43,130.944990853598
44,131.35999082461
45,130.519990883284
