"Sweep (n)","APA (mV)"
64,129.799990933575
65,130.019990918208
66,130.169990907731
67,130.404990891316
68,130.394990892015
