"Sweep (n)","APA (mV)"
64,121.869991487479
65,121.899991485384
66,121.879991486781
67,121.854991488527
68,121.974991480145
