"Sweep (n)","APA (mV)"
91,128.604991017045
92,129.194990975834
93,129.074990984216
94,128.644991014251
95,129.164990977929
