"Sweep (n)","APA (mV)"
91,134.174990627985
92,134.274990621
93,134.214990625191
94,134.319990617857
95,134.054990636367
