"Sweep (n)","APA (mV)"
82,137.674990383513
83,138.064990356272
84,138.18499034789
85,138.589990319601
86,138.45499032903
