"Sweep (n)","APA (mV)"
83,136.244990483397
84,135.124990561628
85,135.514990534387
86,135.679990522862
87,136.754990447774
