"Sweep (n)","APA (mV)"
69,140.544990183046
70,140.549990182696
71,140.519990184792
72,140.449990189681
73,140.419990191777
