"Sweep (n)","APA (mV)"
88,142.124990072684
89,142.234990065
90,142.679990033918
91,143.119990003184
92,143.439989980832
