"Sweep (n)","APA (mV)"
95,135.904990507146
96,135.984990501558
97,136.069990495621
98,135.774990516226
99,136.39999047257
