"Sweep (n)","APA (mV)"
84,139.374990264769
85,139.364990265468
86,138.754990308076
87,138.739990309123
88,139.089990284676
