"Sweep (n)","APA (mV)"
53,153.499989278149
54,153.544989275006
55,154.279989223667
56,153.854989253353
57,154.134989233795
