"Sweep (n)","Negative dV/dt max x (ms)","Negative dV/dt max y (V/s)"
342,5.5,-41.9999970663338
343,5.5,-40.999997136183
344,5.5,-40.999997136183
345,5.5,-39.9999972060322
346,5.5,-39.9999972060322
347,5.5,-40.999997136183
348,5.5,-40.999997136183
349,5.4,-40.999997136183
349,5.5,-40.999997136183
350,5.5,-39.9999972060322
351,5.5,-40.999997136183
