"Sweep (n)","Negative dV/dt max x (ms)","Negative dV/dt max y (V/s)"
266,8.3,-42.4999970314088
267,8.4,-42.4999970314096
268,8.4,-43.4999969615604
269,8.4,-42.999996996485
270,8.4,-41.9999970663341
271,8.4,-42.999996996485
272,8.3,-42.4999970314088
273,8.4,-41.9999970663342
274,8.4,-42.4999970314096
275,8.3,-42.4999970314088
