"Sweep (n)","Ediast (mV)"
5,-63.7896698217158
6,-64.9920623427302
7,-65.2987639883189
8,-66.126705843525
9,-66.8524138168682
