"Sweep (n)","Ediast (mV)"
122,-76.7086755557522
123,-76.6863977247791
124,-76.7349206716931
125,-76.4379846506405
126,-76.6766321002429
