"Sweep (n)","Ediast (mV)"
134,-82.1578940469282
135,-81.2942466270117
136,-82.4267538974393
137,-81.6329917281097
138,-82.3284873005442
