"Sweep (n)","Ediast (mV)"
27,-64.9230926194436
28,-64.6517913627984
29,-65.3411834198978
30,-65.4837005029724
31,-65.8224456040704
