"Sweep (n)","Ediast (mV)"
126,-65.3985564640478
127,-65.6402556713177
128,-65.0833098969899
129,-65.4272429861227
130,-64.9386565835481
