"Sweep (n)","Ediast (mV)"
87,-74.5065272228486
88,-73.6083949412889
89,-74.4668543731705
90,-74.5465052482935
91,-74.6597254577596
