"Sweep (n)","Ediast (mV)"
110,-78.4384118017191
111,-78.8427696926694
112,-78.8317833650662
113,-78.3697472541992
114,-77.6650964087621
