"Sweep (n)","Ediast (mV)"
37,-82.4029501876324
38,-82.5115927605971
39,-82.4908408084578
40,-82.1548422892606
41,-81.9802817506768
