"Sweep (n)","Ediast (mV)"
134,-76.5701257576454
135,-76.8160974256499
136,-76.6992151069828
137,-76.6967737008487
138,-77.0651208513219
