"Sweep (n)","Ediast (mV)"
47,-57.8048678598849
48,-57.2778293106991
49,-57.0104953390218
50,-56.546933349321
51,-55.6445286070267
