"Sweep (n)","Ediast (mV)"
263,-77.7111779495421
264,-77.782283903196
265,-78.2202111284893
266,-78.4716759602954
267,-78.1698571269748
