"Sweep (n)","Ediast (mV)"
185,-55.2700779412184
186,-55.4632542015743
187,-55.6610080984315
188,-55.5734226533728
189,-54.8507664376971
