"Sweep (n)","Ediast (mV)"
6,-65.5270354618516
7,-64.4363372714695
8,-60.7644624458742
9,-58.6065645991501
10,-60.4266328720764
