"Sweep (n)","Ediast (mV)"
100,-85.3274495604449
101,-85.4992635171279
102,-86.2365681696078
103,-85.8187825449203
104,-86.1953694410959
