"Sweep (n)","Ediast (mV)"
56,-61.4913911222844
57,-61.2115449441701
58,-60.7089204563248
59,-61.0064668289108
60,-61.2322968963095
