"Sweep (n)","Ediast (mV)"
5,-70.8456387248565
6,-71.0244717241749
7,-73.108822211111
8,-72.4954189199336
9,-70.7522549402295
