"Sweep (n)","Ediast (mV)"
158,-73.5125697505278
159,-73.9651454126254
160,-73.3493007153139
161,-72.0455898397368
162,-73.4249843054691
