"Sweep (n)","Ediast (mV)"
4,-78.4057579946763
5,-77.9376183684743
6,-78.138424022999
7,-77.4969445612801
8,-77.6284753167515
