"Sweep (n)","Ediast (mV)"
6,-70.8789028834328
7,-70.8395352095214
8,-70.6512417614336
9,-71.0974087324293
10,-71.2445034520052
