"Sweep (n)","Ediast (mV)"
207,-73.5171473870291
208,-73.0819667436366
209,-72.968136182637
210,-73.3663905582522
211,-72.8918422409483
