"Sweep (n)","Ediast (mV)"
47,-65.0241057982395
48,-64.2938201883949
49,-65.3967254094472
50,-65.3729216996403
51,-64.3170135466683
