"Sweep (n)","Ediast (mV)"
66,-71.7135586055075
67,-72.6223720389037
68,-70.8615078647277
69,-69.6475186645766
70,-70.2780117986923
