"Sweep (n)","Ediast (mV)"
376,-63.5058563586337
377,-62.7075165528028
378,-62.0751923640866
379,-61.5194672928259
380,-61.6598481455331
