"Sweep (n)","Ediast (mV)"
57,-70.4399950798231
58,-70.4149950815693
59,-70.3774950841887
60,-70.3299950875065
61,-70.3174950883796
