"Sweep (n)","Ediast (mV)"
80,-75.2899947410545
81,-75.299994740356
82,-75.2674947426261
83,-75.2449947441977
84,-75.2524947436739
