"Sweep (n)","Ediast (mV)"
70,-74.1274948222542
71,-74.1549948203333
72,-74.23249481492
73,-74.1949948175394
74,-74.212494816317
