"Sweep (n)","Ediast (mV)"
6,-74.1024948240004
7,-74.1024948240004
8,-74.1274948222542
9,-74.1449948210318
10,-74.1099948234765
