"Sweep (n)","Ediast (mV)"
86,-76.5549946526953
87,-76.5099946558385
88,-76.4974946567116
89,-76.479994657934
90,-76.4474946602041
