"Sweep (n)","Ediast (mV)"
44,-67.229995304039
45,-67.2924952996734
46,-67.3649952946093
47,-68.3224952277287
48,-69.8699951196371
