"Sweep (n)","Ediast (mV)"
82,-73.9649948336047
83,-73.9499948346524
84,-73.9299948360494
85,-73.9549948343032
86,-73.9574948341285
