"Sweep (n)","Ediast (mV)"
38,-72.5049949355845
39,-72.514994934886
40,-72.514994934886
41,-72.5524949322667
42,-72.5599949317428
