"Sweep (n)","Ediast (mV)"
57,-74.2649948126499
58,-74.2549948133484
59,-74.2449948140469
60,-74.2274948152693
61,-74.192494817714
