"Sweep (n)","Ediast (mV)"
40,-68.8099951936773
41,-68.794995194725
42,-68.7874951952489
43,-68.7724951962966
44,-68.7874951952489
