"Sweep (n)","Ediast (mV)"
24,-73.489994866783
25,-73.4524948694024
26,-73.3799948744664
27,-73.3299948779589
28,-73.3024948798798
