"Sweep (n)","Ediast (mV)"
11,-74.4449948000771
12,-74.4799947976323
13,-74.5024947960607
14,-74.4674947985055
15,-74.4499947997278
