"Sweep (n)","Ediast (mV)"
39,-73.9523385844887
40,-73.9499948346524
41,-73.9824948323823
42,-73.9674948334301
43,-73.9924948316838
