"Sweep (n)","Ediast (mV)"
39,-69.6624951341308
40,-69.5449951423381
41,-69.2949951598004
42,-69.0449951772627
43,-69.0124951795328
