"Sweep (n)","Ediast (mV)"
6,-71.7049949914638
7,-71.6749949935593
8,-71.6424949958294
9,-71.6224949972264
10,-71.5924949993219
