"Sweep (n)","Ediast (mV)"
56,-74.3273385582953
57,-74.3374948075858
58,-74.3974948033949
59,-74.3924948037441
60,-74.4449948000771
