"Sweep (n)","Ediast (mV)"
20,-75.8639543324103
21,-75.8367936872719
22,-75.8096330421336
23,-75.772706771777
24,-75.7778947601742
