"Sweep (n)","Ediast (mV)"
4,-77.1997087567979
5,-77.1920793620962
6,-77.2351091482142
7,-77.2076433272878
8,-77.1844499673944
