"Sweep (n)","Ediast (mV)"
11,-75.36560227049
12,-75.3707902588872
13,-75.3445451411131
14,-75.3530900631791
15,-75.2722184793402
