"Sweep (n)","Ediast (mV)"
51,-70.8380142786655
52,-70.8459488491553
53,-70.7196060728939
54,-70.3186050873683
55,-69.8001114234353
