"Sweep (n)","Ediast (mV)"
46,-77.9751604342869
47,-77.9733293795585
48,-77.9550188322742
49,-77.9360979334138
50,-77.8945940262361
