"Sweep (n)","Ediast (mV)"
84,-74.2160050768257
85,-74.2260758778321
86,-74.161683786549
87,-74.2364518546265
88,-74.2663590818575
