"Sweep (n)","Ediast (mV)"
73,-76.0198991601146
74,-75.9991472065258
75,-76.0131852927771
76,-75.9854142960626
77,-75.9738176161159
