"Sweep (n)","Ediast (mV)"
52,-67.0956435895482
53,-67.0724502296548
54,-67.0501723971256
55,-67.0843520853896
56,-67.180482458632
