"Sweep (n)","Ediast (mV)"
13,-68.4347549476047
14,-68.3831802394207
15,-68.38012848154
16,-68.4329238928763
17,-68.3892837551821
