"Sweep (n)","Ediast (mV)"
25,-73.8055436418699
26,-73.8104264544791
27,-73.8107316302672
28,-73.8302628807037
29,-73.797303895592
