"Sweep (n)","Ediast (mV)"
83,-76.4465295721097
84,-76.2939416887322
85,-76.4770471487852
86,-76.0192834986528
87,-76.3549768420832
