"Sweep (n)","Ediast (mV)"
25,-73.181148867832
26,-72.9064906777525
27,-73.0895961378055
28,-72.7233852176996
29,-72.875973101077
