"Sweep (n)","Ediast (mV)"
27,-87.5888081101062
28,-87.6162739310326
29,-87.6022358447813
30,-87.6016254932051
31,-87.6199360404894
