"Sweep (n)","Ediast (mV)"
73,-77.6184099380316
74,-77.6403825947728
75,-77.6397722431966
76,-77.6690691188515
77,-77.6812761503743
