"Sweep (n)","Ediast (mV)"
55,-81.4611834614243
56,-81.4627093403647
57,-81.4288348278888
58,-81.4675921529738
59,-81.4788836571325
