"Sweep (n)","Ediast (mV)"
74,-82.2628802566874
75,-82.2717303545415
76,-82.2631854324755
77,-82.2641009598397
78,-82.2683734208727
