"Sweep (n)","Ediast (mV)"
54,-85.3399677278094
55,-85.3201313015848
56,-85.2877826680492
57,-85.1599140128474
58,-85.2536029797853
