"Sweep (n)","Ediast (mV)"
90,-90.4183980171024
91,-90.4446431348766
92,-90.4461690138169
93,-90.4428120801481
94,-90.4391499706913
