"Sweep (n)","Ediast (mV)"
19,-84.4732684896872
20,-84.5117206389841
21,-84.5434589209436
22,-84.5471210304004
23,-84.549562436705
