"Sweep (n)","Ediast (mV)"
91,-74.6289079180861
92,-74.6618669031978
93,-74.5550553773728
94,-74.5187394585924
95,-74.444276566303
