"Sweep (n)","Ediast (mV)"
42,-83.2064837934036
43,-83.1829852577221
44,-83.1433124052728
45,-83.0908221697246
46,-82.9455584946027
