"Sweep (n)","Ediast (mV)"
84,-78.2577532140408
85,-78.2287615141741
86,-75.845643785126
87,-77.7719133594315
88,-78.2699602455637
