"Sweep (n)","Ediast (mV)"
70,-83.6553973776563
71,-83.6492938618949
72,-83.568117102268
73,-83.4719867290255
74,-83.6557025534444
