"Sweep (n)","Ediast (mV)"
68,-79.6658343002014
69,-79.6118181857128
70,-79.6115130099247
71,-79.6359270729704
72,-79.6438616434603
