"Sweep (n)","Ediast (mV)"
47,-82.98553652284
48,-83.0575580088248
49,-83.1436175810609
50,-83.1308001979619
51,-83.1619281283452
