"Sweep (n)","Ediast (mV)"
15,-74.5791642646305
16,-74.3615739277357
17,-74.238588085143
18,-74.0625016554259
19,-73.8934342688345
