"Sweep (n)","Ediast (mV)"
176,-62.8570526785127
177,-62.9547089238743
178,-63.0737274729087
179,-63.0859345035789
180,-63.2507294176266
