"Sweep (n)","Ediast (mV)"
87,-69.0124478939596
88,-68.9025846179278
89,-68.8720670412524
90,-68.8446012222444
91,-68.7164274002073
