"Sweep (n)","Ediast (mV)"
45,-77.764888884491
46,-77.7160607618102
47,-77.6519738507916
48,-77.6489220931241
49,-77.6397668201215
