"Sweep (n)","Peak x (ms)","Peak y (mV)"
96,18.6,89.147951211362
97,18.6,85.9344501629721
98,18.6,87.2680683568433
99,18.6,87.5732441449145
100,18.6,84.9243183044564
