"Sweep (n)","Peak x (ms)","Peak y (mV)"
80,18.8,62.5488295230753
81,18.8,62.5701918282403
82,18.8,62.7441420274409
83,18.8,62.2650160401691
84,18.8,62.7471937853216
