"Sweep (n)","Peak x (ms)","Peak y (mV)"
76,19,57.0953381902428
77,19,57.0526135799128
78,19,57.0953381902428
79,19,57.0556653377935
80,19,57.0312512747478
