"Sweep (n)","Peak x (ms)","Peak y (mV)"
73,20.6,54.6356213383888
74,20.6,54.6386730962695
75,20.6,54.696656496003
76,20.6,54.6447766120309
77,20.6,54.6356213383888
