"Sweep (n)","Peak x (ms)","Peak y (mV)"
4,18.8,54.1473400774749
5,18.8,54.2053234772084
6,18.8,54.1503918353556
7,18.8,54.177857656282
8,18.8,54.199219961447
