"Sweep (n)","Peak x (ms)","Peak y (mV)"
15,19.2,70.6970230645766
16,19.2,70.6604019700081
17,19.2,70.6909195488152
18,19.2,70.6787125172923
19,19.2,70.6451431806045
