"Sweep (n)","Peak x (ms)","Peak y (mV)"
25,19.2,63.3972182139133
26,19.2,63.3300795405376
27,19.2,63.2812514144462
28,19.2,63.3209242668955
29,19.2,63.3026137196112
