"Sweep (n)","dV/dt max x (ms)","dV/dt max y (V/s)"
422,8,219.499984668102
423,8,222.99998442363
424,8.1,219.999984633179
425,8.1,222.999984423631
426,8,220.999984563328
