"Sweep (n)","Peak x (ms)","Peak y (mV)"
28,7.4,59.6923841467288
29,7.4,59.7167982097745
30,7.4,59.6801771152059
31,7.4,59.7015394203709
32,7.4,59.6862806309673
