"Sweep (n)","Peak x (ms)","Peak y (mV)"
133,7,59.8358167671222
134,7,60.5560316269703
135,7,61.6302504009809
136,7,60.516358774521
137,7,60.2996839649905
