"Sweep (n)","Peak x (ms)","Peak y (mV)"
23,6.8,91.4276143482539
24,6.8,91.3940450115661
25,6.8,91.9647237352593
26,6.8,92.2058126078355
27,6.8,91.4978047795103
