"Sweep (n)","Peak x (ms)","Peak y (mV)"
25,6.8,68.9910904092585
26,6.8,69.1589370926977
27,6.8,69.1894546715048
28,6.8,69.0216079880657
29,6.8,69.1375747875327
