"Sweep (n)","Peak x (ms)","Peak y (mV)"
264,7.6,52.185059760177
265,7.6,52.1545421813699
266,7.6,52.1484386656084
267,7.6,52.0690929607099
268,7.6,52.1667492128927
