"Sweep (n)","Peak x (ms)","Peak y (mV)"
10,6.8,31.6955573490759
11,6.8,32.2937018936955
12,6.8,31.9335944637715
13,6.8,31.7047126227181
14,6.8,31.9671638004593
