"Sweep (n)","Peak x (ms)","Peak y (mV)"
67,7.4,64.4317641354747
68,7.4,64.3096938202462
69,7.4,64.3615737042183
70,7.2,64.2578139362741
71,7,64.2761244835583
