"Sweep (n)","Peak x (ms)","Peak y (mV)"
47,6.8,75.2441423068376
48,6.8,75.155641328297
49,6.8,75.271608127764
50,6.8,75.2136247280305
51,6.8,75.2868669171676
