"Sweep (n)","Peak x (ms)","Peak y (mV)"
19,7,69.1711441242205
20,7,69.1925064293855
21,7,69.1925064293855
22,7,69.2047134609084
23,7,69.2108169766698
