"Sweep (n)","Peak x (ms)","Peak y (mV)"
149,12.3,45.7763650132393
150,12.08,45.4711892464844
151,12.32,46.0815407799943
152,12.2,45.7763650132393
153,12.32,45.4711892464844
