"Sweep (n)","Peak x (ms)","Peak y (mV)"
57,7.78,57.0678683831717
58,7.56,56.7626926164168
59,7.78,56.4575168496618
60,8.12,57.6782199166816
61,7.64,56.1523410829069
