"Sweep (n)","Peak x (ms)","Peak y (mV)"
181,7.82,54.6264622491323
182,7.56,53.4057591821126
183,7.66,54.3212864823773
184,7.58,53.7109349488675
185,7.92,54.0161107156224
