"Sweep (n)","Peak x (ms)","Peak y (mV)"
78,7.4,43.0542001810864
79,7.4,42.9687509604264
80,7.4,42.9504404131421
81,7.4,42.9412851395
82,7.4,42.8436288873172
