"Sweep (n)","Peak x (ms)","Peak y (mV)"
23,7.6,48.5931407345788
24,7.6,48.559571397891
25,7.6,48.5778819451753
26,7.6,48.5870372188174
27,7.6,48.5961924924596
