"Sweep (n)","Peak x (ms)","Peak y (mV)"
198,7.8,50.4943858942625
199,7.8,50.4852306206203
200,7.8,50.4608165575746
201,7.8,50.4730235890975
202,7.8,50.4760753469782
