"Sweep (n)","Peak x (ms)","Peak y (mV)"
116,7.6,50.4882823785011
117,7.6,50.4638683154554
118,7.6,50.4577647996939
119,7.6,50.3906261263183
120,7.6,50.4547130418132
