"Sweep (n)","Peak x (ms)","Peak y (mV)"
69,7.4,41.2384042420627
70,7.4,41.2567147893469
71,7.4,41.2231454526591
72,7.4,41.2536630314662
73,7.4,41.213990179017
