"Sweep (n)","Peak x (ms)","Peak y (mV)"
423,7.4,49.6032725930945
424,7.4,49.6398936876631
425,7.4,49.6521007191859
426,7.4,49.5849620458103
427,7.4,49.630738414021
