"Sweep (n)","Peak x (ms)","Peak y (mV)"
38,7.8,52.3406994120933
39,7.8,52.2888195281212
40,7.8,52.1881115180577
41,7.8,52.2369396441491
42,7.8,52.2918712860019
