"Sweep (n)","Peak x (ms)","Peak y (mV)"
134,7.6,47.1679698042863
135,7.6,47.192383867332
136,7.6,47.1771250779284
137,7.6,47.1862803515706
138,7.6,47.1832285936898
