"Sweep (n)","Peak x (ms)","Peak y (mV)"
114,8,48.4313941840072
115,8,48.2788063006297
116,8,47.7600074971464
117,8,47.7905250738219
118,8,47.6989723437954
