"Sweep (n)","Peak x (ms)","Peak y (mV)"
131,8,49.92675892845
132,8,49.96948353878
133,8,49.8870860760008
134,8,49.8718272865972
135,8,49.8199474026251
