"Sweep (n)","Peak x (ms)","Peak y (mV)"
185,8.2,49.8657237708358
186,8.2,49.9450694757343
187,8.2,49.96948353878
188,8.2,49.92675892845
189,8.2,50.0946056118892
