"Sweep (n)","Peak x (ms)","Peak y (mV)"
347,8.2,49.6999965284953
348,8.2,49.5499965389726
349,8.2,49.5999965354802
350,8.2,49.6999965284953
351,8.2,49.7499965250028
