"Sweep (n)","Peak x (ms)","Peak y (mV)"
407,8.6,58.2999959277922
408,8.5,58.1999959347771
409,8.5,58.3999959208073
410,8.5,58.3999959208073
411,8.5,58.7499958963601
