"Sweep (n)","Peak x (ms)","Peak y (mV)"
323,7.7,48.1999966332691
324,7.7,48.2499966297766
325,7.7,48.2499966297766
326,7.7,48.2499966297766
327,7.7,48.1499966367615
