"Sweep (n)","Peak x (ms)","Peak y (mV)"
470,9.2,50.1999964935707
471,9.3,50.5499964691235
472,9.2,50.6499964621385
473,9.3,50.6499964621385
474,9.3,50.2999964865857
