"Sweep (n)","Peak x (ms)","Peak y (mV)"
325,6.7,70.7999950546774
326,6.7,70.8999950476924
327,6.7,70.9499950442
328,6.7,70.8999950476924
329,6.7,70.6499950651547
