"Sweep (n)","Peak x (ms)","Peak y (mV)"
319,7.1,44.399996898696
320,7.2,43.849996937113
321,7.1,45.2499968393242
322,7.1,44.4499968952035
323,7.1,44.0999969196507
