"Sweep (n)","Peak x (ms)","Peak y (mV)"
464,8.3,61.9999956693502
465,8.3,63.3999955715614
466,8.3,63.6999955506066
467,8.3,63.3999955715614
468,8.3,64.0999955226669
