"Sweep (n)","Peak x (ms)","Peak y (mV)"
352,9.3,57.8999959557319
353,9.6,58.0499959452545
354,9.3,58.3999959208073
355,9.5,58.4999959138224
356,9.5,58.0499959452545
