"Sweep (n)","Peak x (ms)","Peak y (mV)"
293,7.9,64.4999954947273
294,7.9,63.9499955331443
295,7.8,64.2499955121896
296,7.9,64.5499954912348
297,7.9,66.2999953689987
