"Sweep (n)","Peak x (ms)","Peak y (mV)"
472,8.8,62.7499956169633
473,8.8,61.8499956798276
474,8.8,62.0499956658578
475,8.8,62.6999956204558
476,8.8,62.5499956309332
