"Sweep (n)","Peak x (ms)","Peak y (mV)"
398,8,62.6499956239483
399,7.9,62.6999956204558
400,7.9,62.4499956379181
401,8,63.0999955925161
402,8,63.1999955855312
