"Sweep (n)","Peak x (ms)","Peak y (mV)"
483,8.3,63.4499955680689
484,8.2,62.899995606486
485,8.2,63.0499955960086
486,8.3,63.1999955855312
487,8.3,63.9499955331443
