"Sweep (n)","Peak x (ms)","Peak y (mV)"
490,7.2,56.8999960255811
491,7.2,56.3499960639982
492,7.2,56.4999960535208
493,7.2,56.5499960500283
494,7.2,56.3999960605057
