"Sweep (n)","Peak x (ms)","Peak y (mV)"
340,8.4,54.7999961722644
341,8.4,54.949996161787
342,8.4,54.8999961652795
343,8.4,54.9999961582946
344,8.4,55.1999961443247
