"Sweep (n)","Ediast (mV)"
380,-78.959994484708
381,-79.0049944815648
382,-78.979994483311
383,-79.0249944801678
384,-79.1199944735321
