"Sweep (n)","Ediast (mV)"
462,-72.6399949261549
463,-72.6649949244086
464,-72.6649949244086
465,-72.7299949198684
466,-72.7349949195192
