"Sweep (n)","Ediast (mV)"
19,-75.0049947609615
20,-74.8649947707404
21,-74.649994785758
22,-74.5549947923936
23,-74.7149947812178
