"Sweep (n)","Ediast (mV)"
213,-75.9999946914616
214,-75.9799946928586
215,-76.0149946904138
216,-75.9699946935571
217,-75.9349946960018
