"Sweep (n)","Ediast (mV)"
787,-77.1049946142782
788,-77.0749946163737
789,-77.1249946128812
790,-77.129994612532
791,-77.109994613929
