"Sweep (n)","Ediast (mV)"
608,-79.3499944574668
609,-79.30499446061
610,-79.3299944588638
611,-79.2549944641025
612,-79.3549944571175
