"Sweep (n)","Ediast (mV)"
420,-84.1049941253339
421,-84.0699941277786
422,-84.0349941302233
423,-84.1099941249846
424,-84.1099941249846
