"Sweep (n)","Ediast (mV)"
118,-84.5349940952987
119,-84.5199940963465
120,-84.4949940980927
121,-84.5049940973942
122,-84.4749940994897
