"Sweep (n)","Ediast (mV)"
193,-75.7599947082254
194,-75.8149947043837
195,-75.8149947043837
196,-75.7949947057807
197,-75.8049947050822
