"Sweep (n)","Ediast (mV)"
438,-78.5499945133461
439,-78.5399945140446
440,-78.4849945178863
441,-78.5899945105522
442,-78.4599945196326
