"Sweep (n)","Ediast (mV)"
647,-74.669994784361
648,-74.5999947892504
649,-74.5899947899489
650,-74.5899947899489
651,-74.6399947864565
