"Sweep (n)","Ediast (mV)"
448,-78.5699945119491
449,-78.5249945150924
450,-78.6399945070597
451,-78.6049945095044
452,-78.6199945084567
