"Sweep (n)","Ediast (mV)"
766,-79.8049944256854
767,-79.7649944284794
768,-79.7399944302256
769,-79.7849944270824
770,-79.7599944288286
