"Sweep (n)","Ediast (mV)"
824,-81.9949942727157
825,-82.0149942713187
826,-81.9899942730649
827,-81.9749942741127
828,-81.9749942741127
