"Sweep (n)","Ediast (mV)"
627,-85.6049940205601
628,-85.5949940212586
629,-85.6349940184646
630,-85.6699940160199
631,-85.6299940188139
