"Sweep (n)","dV/dt max x (ms)","dV/dt max y (V/s)"
133,7,27.08435119132
134,7,21.7895512682845
135,7,12.9241946248158
136,7,22.3541264762162
137,7,23.8952642059758
