"Sweep (n)","dV/dt max x (ms)","dV/dt max y (V/s)"
28,7,178.665165126291
29,7,174.652103513154
30,7,172.439579049638
31,7,178.466800864045
32,7,178.14636628657
