"Sweep (n)","dV/dt max x (ms)","dV/dt max y (V/s)"
107,7,86.6088886546099
108,7,80.6121844190105
109,7,81.7260760454705
110,7,90.0573750598145
111,7,89.7521992717433
