"Sweep (n)","dV/dt max x (ms)","dV/dt max y (V/s)"
158,7,43.3044443273049
159,7,38.9862069260972
160,7,38.8031014532545
161,7,37.1856697764771
162,7,42.1600351220378
