"Sweep (n)","dV/dt max x (ms)","dV/dt max y (V/s)"
67,7,96.1151144530281
68,7,101.165773745607
69,7,107.101442823592
70,7,81.7108172560668
71,7,72.4945084563163
