"Sweep (n)","dV/dt max x (ms)","dV/dt max y (V/s)"
146,7,68.2220474233193
147,7,67.7642837412125
148,7,57.7545178924768
149,7,64.8498549651324
150,7,58.3496106792156
