"Sweep (n)","dV/dt max x (ms)","dV/dt max y (V/s)"
19,7,22.0184331093379
20,7,17.9595951279908
21,7,19.1650394908721
22,7,18.2342533372549
23,7,13.5955813585725
