"Sweep (n)","dV/dt max x (ms)","dV/dt max y (V/s)"
69,7,124.374392428422
70,7,120.147707763636
71,7,118.40820577163
72,7,123.458865064209
73,7,119.659426502722
