"Sweep (n)","dV/dt max x (ms)","dV/dt max y (V/s)"
198,7,153.396609873994
199,7,147.567752321834
200,7,143.356326446452
201,7,147.888186899309
202,7,150.390628361493
