"Sweep (n)","dV/dt max x (ms)","dV/dt max y (V/s)"
78,7,122.00928007087
79,7,122.894289856277
80,7,123.07739532912
81,7,122.085574017888
82,7,122.283938280134
