"Sweep (n)","dV/dt max x (ms)","dV/dt max y (V/s)"
218,7,113.677973116211
219,7,111.236566982172
220,7,112.609857932569
221,7,113.677973116211
222,7,112.915033699324
