"Sweep (n)","APA (mV)"
170,131.227490833865
171,131.137490840152
172,130.724990868965
173,130.852490860059
174,130.779990865123
