"Sweep (n)","APA (mV)"
69,129.474990956276
70,129.682490941782
71,129.852490929908
72,129.509990953831
73,129.854990929733
