"Sweep (n)","APA (mV)"
8,130.812490862853
9,130.772490865647
10,130.742490867742
11,130.384990892713
12,130.724990868965
