"Sweep (n)","APA (mV)"
10,134.312490618381
11,134.259834372059
12,134.147490629906
13,134.882490578567
14,135.212490555516
