"Sweep (n)","APA (mV)"
130,128.632491015124
131,128.794991003774
132,128.532491022109
133,128.459991027173
134,128.70499101006
