"Sweep (n)","APA (mV)"
51,152.049989379431
52,151.797489397068
53,151.719989402481
54,152.042489379955
55,151.954989386066
