"Sweep (n)","APA (mV)"
151,120.344991593999
152,120.342491594174
153,120.694991569552
154,120.734991566758
155,121.124991539517
