"Sweep (n)","APA (mV)"
115,123.869991347781
116,123.959991341494
117,123.964991341145
118,123.834991350226
119,123.667491361925
