"Sweep (n)","APA (mV)"
25,122.134991468969
26,121.432491518038
27,119.912491624209
28,120.067491613382
29,120.194991604477
