"Sweep (n)","APA (mV)"
143,139.97999022251
144,140.352490196492
145,139.789990235782
146,139.817490233861
147,139.737490239449
