"Sweep (n)","APA (mV)"
63,130.922490855169
64,130.259990901445
65,130.387490892539
66,131.542490811863
67,131.659990803656
