"Sweep (n)","APA (mV)"
150,130.367490893936
151,130.912490855868
152,130.922490855169
153,130.82499086198
154,130.639990874902
