"Sweep (n)","APA (mV)"
150,125.42249123934
151,125.624991225196
152,125.527491232006
153,125.6549912231
154,125.774991214718
