"Sweep (n)","APA (mV)"
139,121.797491492543
140,121.534991510879
141,121.677491500925
142,121.802491492194
143,121.827491490448
