"Sweep (n)","APA (mV)"
112,125.834991210527
113,125.649991223449
114,125.607491226418
115,125.539991231133
116,125.322491246325
