"Sweep (n)","APA (mV)"
60,121.944991482241
61,121.869991487479
62,121.93999148259
63,121.819991490972
64,121.767491494639
