"Sweep (n)","APA (mV)"
7,123.33499138515
8,123.359991383404
9,123.449991377118
10,123.26999138969
11,123.379991382007
