"Sweep (n)","Ediast (mV)"
808,-71.9849949719061
809,-72.0099949701599
810,-71.9849949719061
811,-71.9449949747
812,-71.9899949715568
