"Sweep (n)","Ediast (mV)"
703,-75.1149947532781
704,-75.1349947518811
705,-75.2099947466425
706,-75.1449947511826
707,-75.1299947522304
