"Sweep (n)","Ediast (mV)"
736,-75.3699947354666
737,-75.1649947497856
738,-74.9149947672479
739,-74.5899947899489
740,-74.2599948129992
