"Sweep (n)","Ediast (mV)"
506,-73.9199948367479
507,-73.9599948339539
508,-73.9699948332554
509,-73.9699948332554
510,-73.9649948336047
