"Sweep (n)","Ediast (mV)"
660,-68.2949952296496
661,-68.3449952261571
662,-68.3899952230139
663,-68.3949952226647
664,-68.42999522022
