"Sweep (n)","Ediast (mV)"
712,-73.5799948604966
713,-73.5249948643383
714,-73.5249948643383
715,-73.5749948608459
716,-73.46999486818
