"Sweep (n)","Ediast (mV)"
321,-67.6999952712099
322,-67.5649952806395
323,-67.6899952719083
324,-67.4549952883229
325,-67.4999952851797
