"Sweep (n)","Ediast (mV)"
884,-73.9299948360494
885,-73.9649948336047
886,-74.0099948304615
887,-73.9699948332554
888,-74.079994825572
