"Sweep (n)","Ediast (mV)"
766,-74.5549947923936
767,-74.6049947889012
768,-74.6149947882027
769,-74.6149947882027
770,-74.5849947902982
