"Sweep (n)","Ediast (mV)"
649,-72.47499493768
650,-72.6246824272244
651,-72.3549949460619
652,-72.4999949359337
653,-72.5499949324413
