"Sweep (n)","Ediast (mV)"
880,-75.6099947187028
881,-75.4949947267354
882,-75.5499947228937
883,-75.5749947211475
884,-75.539682223614
