"Sweep (n)","Ediast (mV)"
230,-57.449995987164
231,-57.6649959721465
232,-57.5299959815761
233,-56.9999960185962
234,-57.4049959903073
