"Sweep (n)","Ediast (mV)"
475,-72.839994912185
476,-72.879994909391
477,-72.8249949132328
478,-72.8149949139312
479,-72.8149949139312
