"Sweep (n)","Ediast (mV)"
20,-67.5799952795918
21,-67.614995277147
22,-67.3399952963556
23,-67.4649952876244
24,-67.5849952792425
