"Sweep (n)","dV/dt max x (ms)","dV/dt max y (V/s)"
35,34.2,224.380482506558
36,33.8,173.263541575115
37,34,169.921866929148
38,34.2,221.069325437267
39,34,176.513663491055
