"Sweep (n)","dV/dt max x (ms)","dV/dt max y (V/s)"
26,35.2,161.666862438421
27,36.2,159.378044187765
28,35.2,145.385735282046
29,35,158.218376274096
30,35.2,162.567130950348
