"Sweep (n)","dV/dt max x (ms)","dV/dt max y (V/s)"
17,37.2,217.208851987825
18,37,244.308460075655
19,36.8,224.655140696638
20,37,245.361316470959
21,38,239.486682960919
