"Sweep (n)","dV/dt max x (ms)","dV/dt max y (V/s)"
23,35.8,196.197500446748
24,36,186.187735297179
25,35.8,196.075430140046
26,36,196.487417425158
27,35.8,184.173575236604
