"Sweep (n)","dV/dt max x (ms)","dV/dt max y (V/s)"
30,34.8,125.091546792848
31,34.4,135.589593169213
32,34.6,150.405876645165
33,35.8,140.548699378986
34,35,135.284417402463
