"Sweep (n)","dV/dt max x (ms)","dV/dt max y (V/s)"
2,35,187.51524988257
3,34.4,171.9665445664
4,34.6,171.691886376321
5,35.4,180.892935743988
6,35.2,179.763785406988
