"Sweep (n)","dV/dt max x (ms)","dV/dt max y (V/s)"
11,36.4,161.666862438427
12,36,143.630974623205
13,36,169.692985104076
14,36,164.85594920101
15,36,162.628166103699
