"Sweep (n)","dV/dt max x (ms)","dV/dt max y (V/s)"
5,40,173.019400961711
6,39.4,166.229240151407
7,40,154.434196766335
8,39.4,186.920157137391
9,36.6,180.328360575485
