"Sweep (n)","dV/dt max x (ms)","dV/dt max y (V/s)"
21,55.6,99.6856642104997
22,38.2,139.450066618668
23,42.4,126.205438341504
24,39,128.265374767095
25,39.6,131.225579704622
