"Sweep (n)","dV/dt max x (ms)","dV/dt max y (V/s)"
8,36,210.739125732613
9,36.8,213.455190056732
10,35.8,195.297231934821
11,35,175.842276804194
12,35.2,196.166982870065
