"Sweep (n)","dV/dt max x (ms)","dV/dt max y (V/s)"
31,39.2,138.763421143469
32,39.8,127.792352328625
33,38.6,137.207024733019
34,38.4,137.588494441458
35,39,127.761834751949
