"Sweep (n)","dV/dt max x (ms)","dV/dt max y (V/s)"
9,36.4,136.886590177926
10,36.2,131.195062127947
11,37,137.603753229795
12,36.4,132.858270056761
13,36.2,141.494744255926
