"Sweep (n)","dV/dt max x (ms)","dV/dt max y (V/s)"
49,35.8,162.689201257056
50,36.2,158.584587194202
51,36.4,169.647208739069
52,35.4,174.942008292267
53,37,193.099966414178
