"Sweep (n)","dV/dt max x (ms)","dV/dt max y (V/s)"
416,6.5,402.499971885699
417,6.5,394.499972444493
418,6.5,400.499972025397
419,6.5,398.499972165096
420,6.5,385.499973073135
421,6.5,399.999972060322
422,6.5,400.499972025397
423,6.5,416.49997090781
424,6.5,410.499971326905
425,6.5,425.499970279167
