"Sweep (n)","dV/dt max x (ms)","dV/dt max y (V/s)"
264,7.5,315.499977962579
265,7.5,317.499977822881
266,7.5,339.499976286198
267,7.5,342.999976041726
268,7.5,332.999976740218
269,7.5,340.999976181424
270,7.5,317.999977787956
271,7.5,334.99997660052
272,7.5,314.999977997504
273,7.5,341.999976111575
