"Sweep (n)","Peak x (ms)","Peak y (mV)"
422,8.3,44.7999968707563
423,8.3,44.3499969021884
424,8.4,45.1499968463091
425,8.4,44.5999968847261
426,8.4,44.1999969126658
