"Sweep (n)","Peak x (ms)","Peak y (mV)"
182,8.1,59.199995864928
183,8,58.8999958858827
184,8.1,59.3999958509581
185,8,59.0999958719129
186,8.1,59.199995864928
