"Sweep (n)","Peak x (ms)","Peak y (mV)"
49,8.4,50.599996465631
50,8.5,50.6999964586461
51,8.5,50.4999964726159
52,8.5,50.4999964726159
53,8.5,50.6499964621385
