"Sweep (n)","Peak x (ms)","Peak y (mV)"
171,8.2,45.0999968498015
172,8.2,46.3999967589976
173,8.2,45.9999967869373
174,8.1,46.3999967589976
175,8.2,46.9999967170881
