"Sweep (n)","Peak x (ms)","Peak y (mV)"
434,8.3,61.7999956833201
435,8.3,61.5999956972899
436,8.3,61.7499956868125
437,8.3,61.1999957252296
438,8.4,61.4499957077673
