"Sweep (n)","Peak x (ms)","Peak y (mV)"
78,8,56.3499960639982
79,8.2,57.1999960046263
80,8.2,57.0499960151037
81,8.2,57.2499960011339
82,8.3,57.5999959766867
