"Sweep (n)","Peak x (ms)","Peak y (mV)"
96,8.5,20.7999985471369
97,8.5,21.5999984912575
98,8.5,21.2499985157047
99,8.4,21.1499985226896
100,8.4,21.0999985261821
