"Sweep (n)","Peak x (ms)","Peak y (mV)"
66,7.9,58.7499958963601
67,7.9,59.0499958754053
68,7.9,58.9499958823903
69,7.9,59.0499958754053
70,8,59.3499958544506
