"Sweep (n)","Peak x (ms)","Peak y (mV)"
138,7.8,41.3999971082435
139,7.7,41.7499970837963
140,7.7,42.0999970593491
141,7.7,42.1499970558566
142,7.6,42.4499970349019
