"Sweep (n)","Peak x (ms)","Peak y (mV)"
337,8.1,40.8999971431681
338,8,40.8999971431681
339,8.1,40.9499971396757
340,8,41.0499971326908
341,8.1,40.9999971361832
