"Sweep (n)","Peak x (ms)","Peak y (mV)"
81,14,47.302243847014
82,14,47.3449684543597
83,13,47.302243847014
84,13.6,47.4700905187292
85,12.8,47.5646950064232
