"Sweep (n)","Peak x (ms)","Peak y (mV)"
123,8.2,42.4377421249404
124,8.2,42.2729472108928
125,8.2,42.2058085422067
126,8.4,41.9616679288027
127,8.2,42.2485331495524
