"Sweep (n)","Peak x (ms)","Peak y (mV)"
55,10.4,46.1975075713611
56,9.8,46.4660622461055
57,9.8,46.2951638167227
58,10,46.3928200620843
59,10,46.2097146020313
