"Sweep (n)","Peak x (ms)","Peak y (mV)"
20,9.4,46.6217018871505
21,9.2,46.902463592565
22,9.2,47.0306374146021
23,9.4,46.8597389852193
24,9.6,46.7864968011981
