"Sweep (n)","Peak x (ms)","Peak y (mV)"
118,12.2,51.6326879772664
119,12.4,51.5838598545856
120,12.2,51.5380834895724
121,11.8,51.2817358454982
122,12.2,51.5106176705644
