"Sweep (n)","Peak x (ms)","Peak y (mV)"
148,11.4,43.9178445937018
149,11.2,43.774411983327
150,10.4,44.1558816917707
151,11.2,44.2169168451216
152,11.8,43.7927225293323
