"Sweep (n)","Peak x (ms)","Peak y (mV)"
23,13.2,47.1527077213041
24,12.8,47.0916725679531
25,13.4,47.1282936599637
26,14,46.8994118348975
27,13.8,46.5789772798048
