"Sweep (n)","Peak x (ms)","Peak y (mV)"
69,15.4,46.8109108625385
70,14.8,47.1527077213041
71,15.8,47.5921608254312
72,15.8,47.1893288133147
73,16.4,47.3297096660219
