"Sweep (n)","Peak x (ms)","Peak y (mV)"
61,14.8,29.1320786944255
62,15.4,29.4250474305102
63,14.4,29.6508774979089
64,14.8,29.5837388292228
65,14.2,29.7241196819301
