"Sweep (n)","Peak x (ms)","Peak y (mV)"
1,20,36.2304670291452
2,6.6,-0.411987285119154
3,24.4,36.1450178144538
4,6.6,-3.59802229004061
5,22.8,35.6414777993081
