"Sweep (n)","Peak x (ms)","Peak y (mV)"
85,11.4,42.2424296342173
86,11.6,42.0562724164968
87,11.2,42.4926737629563
88,11.4,42.8894022597377
89,12,43.4692362165721
