"Sweep (n)","Peak x (ms)","Peak y (mV)"
136,18.8,47.7935768314894
137,18.4,47.5860573100961
138,18.2,47.5921608254312
139,18,47.674558282455
140,17.4,47.9919410798801
