"Sweep (n)","Peak x (ms)","Peak y (mV)"
41,11,41.0247783248651
42,10.2,41.3696269412982
43,10,40.8905009874929
44,9.6,41.1315898432293
45,10.2,40.9454326255088
