"Sweep (n)","Peak x (ms)","Peak y (mV)"
189,12.8,51.8585180446651
190,12.6,51.6235327042638
191,13.4,51.7822241029763
192,13,51.6571020386068
193,13.4,51.046750505097
