"Sweep (n)","Peak x (ms)","Peak y (mV)"
136,16,47.2656227550034
137,14,47.3266579083544
138,14.8,47.4121071230458
139,13.6,46.5789772798048
140,15,46.4324929117624
