"Sweep (n)","Peak x (ms)","Peak y (mV)"
115,11.2,32.4096664293734
116,11,32.7453597728039
117,11,32.4859603710622
118,11.4,32.4676498250569
119,12.8,31.9274887179007
