"Sweep (n)","Peak x (ms)","Peak y (mV)"
83,23,39.47448542975
84,28.2,38.9617901416018
85,23.4,39.7705059235023
86,22.8,39.9597148988904
87,21.4,39.6362285861302
