"Sweep (n)","Peak x (ms)","Peak y (mV)"
4,12,47.1527077213041
5,12,47.2259499053252
6,11.8,47.4609352457265
7,11.6,48.1903053282708
8,12,47.0672585066127
