"Sweep (n)","Peak x (ms)","Peak y (mV)"
57,13.8,46.2585427247121
58,14.6,46.4813210344432
59,14.6,46.2280251480366
60,14.6,46.1730935100207
61,14.4,45.8496071972605
