"Sweep (n)","Peak x (ms)","Peak y (mV)"
76,17,41.9372538674623
77,17.2,41.1437968738995
78,17.4,40.4815654600413
79,16.4,41.2322978462584
80,16.4,41.5618876743538
