"Sweep (n)","Peak x (ms)","Peak y (mV)"
177,17.6,52.1881078727604
178,17.2,52.1270727194094
179,16.2,52.4444555168345
180,17,52.3010229064597
181,17.6,52.2491430261114
