"Sweep (n)","Peak x (ms)","Peak y (mV)"
314,12.8,53.9184544702608
315,12.4,53.7506077985456
316,12.6,53.6224339765086
317,12.6,53.2196019643921
318,14.4,53.1890843877166
