"Sweep (n)","Peak x (ms)","Peak y (mV)"
3,12.2,58.8012667383397
4,12.6,58.5327120635954
5,12.4,58.4167452722285
6,12.4,58.6425753396271
7,12.2,58.4930392139172
