"Sweep (n)","Peak x (ms)","Peak y (mV)"
201,14,42.5567606739748
202,14.2,42.6086405543232
203,14.4,42.8070048027139
204,14.6,42.4163798212676
205,14.8,42.9382303824185
