"Sweep (n)","Peak x (ms)","Peak y (mV)"
17,10.8,45.8374001665903
18,11,45.7946755592446
19,10.6,45.9259011389492
20,11,45.6848122832129
21,12,45.6970193138831
