"Sweep (n)","Peak x (ms)","Peak y (mV)"
173,15.2,45.2362039060831
174,15.6,44.8730447436447
175,15.4,45.2423074214182
176,15.6,44.763181467613
177,15.2,45.2392556637507
