"Sweep (n)","APA (mV)"
150,125.569991229037
151,125.499991233927
152,125.574991228688
153,125.58999122764
154,125.764991215417
