"Sweep (n)","APA (mV)"
168,136.614990457553
169,136.674990453362
170,136.039990497716
171,136.699990451616
172,136.224990484794
