"Sweep (n)","APA (mV)"
25,122.259991460238
26,121.714991498306
27,119.864991627527
28,120.079991612509
29,120.144991607969
