"Sweep (n)","APA (mV)"
151,120.48499158422
152,120.189991604826
153,120.664991571648
154,120.689991569901
155,120.969991550344
