"Sweep (n)","APA (mV)"
170,131.214990834739
171,131.15999083858
172,130.714990869663
173,130.874990858487
174,130.769990865821
