"Sweep (n)","APA (mV)"
69,129.494990954879
70,129.659990943354
71,129.859990929384
72,129.559990950339
73,129.819990932178
