"Sweep (n)","APA (mV)"
8,130.834990861281
9,130.799990863726
10,130.779990865123
11,130.369990893761
12,130.754990866869
