"Sweep (n)","APA (mV)"
144,140.419990191777
145,139.77499023683
146,139.834990232639
147,139.704990241719
148,139.894990228448
