"Sweep (n)","APA (mV)"
143,151.574989412609
144,151.624989409117
145,150.909989459059
146,151.099989445787
147,151.519989416451
