"Sweep (n)","APA (mV)"
55,123.379991382007
56,123.284991388643
57,123.499991373625
58,123.209991393881
59,123.194678894951
