"Sweep (n)","APA (mV)"
85,126.334991175603
86,126.004991198653
87,125.839991210178
88,125.939991203193
89,126.224991183286
