"Sweep (n)","APA (mV)"
3,130.724990868965
4,130.659990873505
5,130.82499086198
6,130.374990893412
7,130.534990882236
