"Sweep (n)","APA (mV)"
31,132.059990775716
32,132.254990762095
33,131.854990790035
34,132.079990774319
35,132.129990770827
