"Sweep (n)","APA (mV)"
112,125.804991212623
113,125.699991219957
114,125.614991225894
115,125.699991219957
116,125.099991261866
