"Sweep (n)","APA (mV)"
103,122.709991428806
104,122.699991429504
105,122.379991451856
106,122.679991430901
107,122.514991442427
