"Sweep (n)","APA (mV)"
174,121.724991497607
175,121.93999148259
176,121.539991510529
177,121.889991486082
178,121.79467899274
