"Sweep (n)","APA (mV)"
5,123.53499137118
6,123.414991379562
7,123.419991379213
8,123.299991387595
9,123.374991382356
