"Sweep (n)","Ediast (mV)"
36,-80.287776948254
37,-79.7467003137975
38,-80.0305137768796
39,-79.4519005231122
40,-79.9331627072847
