"Sweep (n)","Ediast (mV)"
73,-68.0389371980114
74,-67.5976530392838
75,-67.4444548043728
76,-67.3974577362925
77,-67.639767295096
