"Sweep (n)","Ediast (mV)"
40,-71.2075771842278
41,-71.0751309014562
42,-69.6661343863487
43,-70.2835049624939
44,-71.527401387787
