"Sweep (n)","Ediast (mV)"
15,-64.0267913924843
16,-61.5252656323942
17,-61.8594330969908
18,-60.7327241661316
19,-63.4521454236848
