"Sweep (n)","Ediast (mV)"
45,-73.8082850685133
46,-73.2034266988051
47,-73.3364833331102
48,-73.7142909323528
49,-74.1171229444693
