"Sweep (n)","Ediast (mV)"
91,-79.424739879871
92,-79.9276695434831
93,-79.2135582492766
94,-77.9019128037639
95,-79.6664390871409
