"Sweep (n)","Ediast (mV)"
79,-72.6583827793807
80,-72.6391567060752
81,-72.51739157514
82,-73.1240809994488
83,-72.9699672372375
