"Sweep (n)","Ediast (mV)"
34,-68.5378995766557
35,-68.4307828825247
36,-68.044430361813
37,-67.7325407281894
38,-67.2882048117943
