"Sweep (n)","Ediast (mV)"
65,-77.9223595801365
66,-77.4258386076262
67,-78.2684288996366
68,-77.5445519808939
69,-77.4298058925941
