"Sweep (n)","Ediast (mV)"
84,-78.3013878824461
85,-77.0745813000913
86,-76.9509851145556
87,-77.8875695427265
88,-77.8195153467401
