"Sweep (n)","Ediast (mV)"
65,-75.137325532731
66,-75.0756800278465
67,-75.2572596090657
68,-76.0232507836206
69,-75.9573328180015
