"Sweep (n)","Ediast (mV)"
48,-63.1948822523104
49,-61.4620942486759
50,-59.2434664243676
51,-59.6267671874118
52,-59.1021700443601
