"Sweep (n)","Ediast (mV)"
31,-57.0108005147885
32,-56.824643297068
33,-54.380185405361
34,-54.4134495639373
35,-56.4978000508735
