"Sweep (n)","Ediast (mV)"
286,-91.8344072591935
287,-92.1112016796402
288,-91.9079546189814
289,-89.8965411402997
290,-87.7059894865328
