"Sweep (n)","Ediast (mV)"
69,-87.007136980664
70,-84.747005252077
71,-86.1834675861924
72,-84.8507650127737
73,-86.6601521338636
