"Sweep (n)","Ediast (mV)"
111,-68.7182584548079
112,-72.1203579025918
113,-70.1946988143682
114,-69.5834317535581
115,-71.2780727863482
