"Sweep (n)","Ediast (mV)"
74,-78.2266198195912
75,-78.9346275984626
76,-80.1223716826728
77,-80.0183067462094
78,-79.0429649956606
