"Sweep (n)","Ediast (mV)"
80,-76.2661706939575
81,-78.0056725644606
82,-72.3107875810469
83,-72.409054177942
84,-75.0222742686644
