"Sweep (n)","Ediast (mV)"
170,-51.3229345740102
171,-49.9041724343665
172,-49.8184180439084
173,-48.9263892776837
174,-50.4995703553054
