"Sweep (n)","Ediast (mV)"
50,-78.8748131481786
51,-78.9236412708594
52,-80.0689659234907
53,-80.1525840835815
54,-79.8516807775612
