"Sweep (n)","Ediast (mV)"
62,-74.8489344331476
63,-74.9975550315573
64,-76.4605676573804
65,-75.6463587116783
66,-75.3344690780547
