"Sweep (n)","Ediast (mV)"
69,-77.7828942547295
70,-76.8450891234916
71,-76.573177515313
72,-77.4169885103904
73,-77.676387912132
