"Sweep (n)","Ediast (mV)"
21,-88.6996417830868
22,-89.5059161588534
23,-89.0048175498418
24,-87.608638416938
25,-88.6590534061084
