"Sweep (n)","Ediast (mV)"
21,-84.2620809587034
22,-84.3859823200059
23,-84.2748983409071
24,-84.268794825572
25,-84.1610677799075
