"Sweep (n)","Ediast (mV)"
65,-71.2942471019862
66,-71.5353359577226
67,-71.4410366457953
68,-71.511227072149
69,-72.7511562124742
