"Sweep (n)","Ediast (mV)"
8,-76.8704187121323
9,-77.6165734618481
10,-77.457271711602
11,-77.1542321752144
12,-77.43865598983
