"Sweep (n)","Ediast (mV)"
12,-76.2960779190995
13,-76.0205042017198
14,-75.6475794147453
15,-75.5779993399252
16,-75.601803049732
