"Sweep (n)","Ediast (mV)"
31,-72.7258266238336
32,-72.8778041556776
33,-72.6333583665068
34,-72.6101650082335
35,-71.5942348807063
