"Sweep (n)","Negative dV/dt max x (ms)","Negative dV/dt max y (V/s)"
1,98,-4.88281215437425
2,6633.25,-4.88281215446309
3,789.900000000001,-5.49316367377102
4,2714.05,-4.88281215446321
5,978.350000000002,-5.4931636733713
