"Sweep (n)","Ediast (mV)"
81,-76.0349946890169
82,-76.1299946823812
83,-76.0999946844767
84,-76.1249946827304
85,-76.1999946774917
