"Sweep (n)","Ediast (mV)"
84,-73.5399948632906
85,-73.4749948678308
86,-73.3049948797051
87,-73.449994869577
88,-73.1749948887855
