"Sweep (n)","Ediast (mV)"
93,-76.1099946837782
94,-76.2099946767933
95,-76.2449946743485
96,-76.1899946781902
97,-76.3049946701576
