"Sweep (n)","Ediast (mV)"
51,-70.3749950843633
52,-70.359995085411
53,-70.339995086808
54,-70.339995086808
55,-70.2649950920467
