"Sweep (n)","Ediast (mV)"
86,-76.3649946659666
87,-76.7699946376777
88,-76.7749946373285
89,-76.5649946519968
90,-75.7849947064792
