"Sweep (n)","Ediast (mV)"
93,-76.2249946757455
94,-76.2199946760948
95,-76.174994679238
96,-76.154994680635
97,-76.1799946788887
