"Sweep (n)","Ediast (mV)"
55,-75.4799947277832
56,-75.4649947288309
57,-75.4399947305771
58,-75.4599947291802
59,-75.4749947281324
