"Sweep (n)","Ediast (mV)"
54,-77.7049945723687
55,-77.6849945737657
56,-77.6899945734164
57,-77.7149945716702
58,-77.5849945807506
