"Sweep (n)","Ediast (mV)"
46,-75.4399947305771
47,-75.52499472464
48,-75.3349947379113
49,-75.5599947221952
50,-75.0799947557228
