"Sweep (n)","Ediast (mV)"
26,-72.3249949481574
27,-72.2699949519991
28,-72.2749949516498
29,-72.3049949495543
30,-72.3449949467604
