"Sweep (n)","Ediast (mV)"
74,-70.0799951049688
75,-70.0999951035718
76,-70.0299951084612
77,-70.0099951098582
78,-70.0699951056673
