"Sweep (n)","Ediast (mV)"
35,-77.1049946142782
36,-76.7299946404717
37,-76.9149946275496
38,-77.1449946114843
39,-77.189994608341
