"Sweep (n)","Ediast (mV)"
3,-65.6049954175439
4,-65.5199954234811
5,-65.4499954283705
6,-65.3199954374509
7,-65.3399954360539
