"Sweep (n)","Ediast (mV)"
11,-73.1999948870393
12,-73.1749948887855
13,-73.1949948873886
14,-73.2949948804036
15,-73.2049948866901
