"Sweep (n)","Ediast (mV)"
74,-81.5099943065925
75,-81.5099943065925
76,-81.4699943093865
77,-81.4899943079895
78,-81.5299943051956
