"Sweep (n)","Ediast (mV)"
65,-77.189994608341
66,-77.1849946086903
67,-77.3249945989114
68,-77.3749945954189
69,-77.3749945954189
