"Sweep (n)","Ediast (mV)"
51,-81.2599943240548
52,-81.5549943034493
53,-81.5899943010046
54,-81.9149942783036
55,-81.9099942786529
