"Sweep (n)","Ediast (mV)"
83,-69.9849951116044
84,-69.9399951147477
85,-70.0199951091597
86,-70.0399951077627
87,-69.9499951140492
