"Sweep (n)","Ediast (mV)"
63,-75.4099947326726
64,-75.3749947351173
65,-75.6999947124163
66,-75.3849947344188
67,-75.3049947400068
