"Sweep (n)","Ediast (mV)"
77,-79.7949944263839
78,-79.7499944295271
79,-79.8099944253362
80,-79.8299944239392
81,-79.8049944256854
