"Sweep (n)","dV/dt max x (ms)","dV/dt max y (V/s)"
91,13.1,320.499977613336
92,13.1,312.499978172129
93,13,326.499977194235
94,13.2,338.499976356056
95,13.1,318.99997771811
