"Sweep (n)","dV/dt max x (ms)","dV/dt max y (V/s)"
73,19,302.352912031547
74,19,288.360602148483
75,19,286.254889210791
76,19,281.433111759266
77,19,296.249396270123
