"Sweep (n)","dV/dt max x (ms)","dV/dt max y (V/s)"
73,20,243.606572827845
74,20,230.834966097064
75,19.8,192.596439851742
76,19.8,196.380619623825
77,20,205.429081740136
