"Sweep (n)","dV/dt max x (ms)","dV/dt max y (V/s)"
15,19,223.907475707844
16,19,235.855107810832
17,19,238.647466271683
18,19,236.389165439956
19,19,216.90369137161
