"Sweep (n)","Ediast (mV)"
473,-76.4049946631727
474,-76.427494661601
475,-76.3949946638711
476,-76.3999946635219
477,-76.3749946652681
