"Sweep (n)","Ediast (mV)"
405,-74.9374947656763
406,-74.9173385170842
407,-74.8774947698673
408,-74.8724947702165
409,-74.8674947705658
