"Sweep (n)","Ediast (mV)"
638,-73.1374948914049
639,-73.1549948901825
640,-73.184994888087
641,-73.1699948891348
642,-73.1974948872139
