"Sweep (n)","Ediast (mV)"
18,-72.9624949036285
19,-72.9099949072956
20,-72.8774949095657
21,-72.859994910788
22,-72.819994913582
