"Sweep (n)","Ediast (mV)"
268,-74.934994765851
269,-74.934994765851
270,-74.9374947656763
271,-74.9074947677718
272,-74.9199947668987
