"Sweep (n)","Ediast (mV)"
659,-71.0949950340719
660,-71.0874950345957
661,-71.062495036342
662,-71.0474950373897
663,-71.0474950373897
