"Sweep (n)","Ediast (mV)"
698,-85.6448377677771
699,-85.6749940156707
700,-85.63749401829
701,-85.6299940188139
702,-85.6274940189885
