"Sweep (n)","Ediast (mV)"
623,-88.2174938380791
624,-88.1974938394761
625,-88.2049938389522
626,-88.15749384227
627,-88.117493845064
