"Sweep (n)","Ediast (mV)"
471,-75.2774947419276
472,-75.2674947426261
473,-75.2324947450708
474,-75.2624947429754
475,-75.239994744547
