"Sweep (n)","Ediast (mV)"
148,-73.1674948893094
149,-73.1574948900079
150,-73.1424948910556
151,-73.1399948912303
152,-73.1199948926272
