"Sweep (n)","Ediast (mV)"
342,-85.4424940319106
343,-85.444994031736
344,-85.4799940292913
345,-85.4999940278943
346,-85.4974940280689
