"Sweep (n)","Ediast (mV)"
225,-84.4274941028075
226,-84.457494100712
227,-84.4699940998389
228,-84.4349941022837
229,-84.4199941033314
