"Sweep (n)","Ediast (mV)"
42,-80.9499943457081
43,-81.0074943416918
44,-80.9599943450096
45,-80.849994352693
46,-80.8949943495498
