"Sweep (n)","Ediast (mV)"
130,-71.4199950113709
131,-71.5274950038621
132,-71.5774950003696
133,-71.5074950052591
134,-71.5499950022905
