"Sweep (n)","Ediast (mV)"
565,-70.2249950948406
566,-70.2749950913482
567,-70.3274950876811
568,-70.4049950822678
569,-70.4074950820932
