"Sweep (n)","Ediast (mV)"
411,-77.9949945521124
412,-78.0049945514139
413,-77.9949945521124
414,-77.9799945531602
415,-77.952494555081
