"Sweep (n)","Ediast (mV)"
16,-72.47499493768
17,-72.627494927028
18,-72.7899949156775
19,-72.8899949086926
20,-73.0174948997868
