"Sweep (n)","Ediast (mV)"
83,-73.2399948842453
84,-73.1949948873886
85,-73.1974948872139
86,-73.1974948872139
87,-73.2149948859916
