"Sweep (n)","Ediast (mV)"
32,-73.9524948344778
33,-73.9624948337793
34,-73.9899948318584
35,-74.0099948304615
36,-73.9899948318584
