"Sweep (n)","Ediast (mV)"
88,-74.7599947780746
89,-74.7549947784238
90,-74.7499947787731
91,-74.7849947763283
92,-74.7549947784238
