"Sweep (n)","Ediast (mV)"
36,-75.9224946968749
37,-76.0174946902392
38,-76.1123384336145
39,-76.0699946865721
40,-76.1249946827304
