"Sweep (n)","Ediast (mV)"
27,-73.6449948559564
28,-73.6149948580519
29,-73.6749948538609
30,-73.6999948521147
31,-73.7849948461775
