"Sweep (n)","Ediast (mV)"
84,-77.342494597689
85,-77.3674945959428
86,-77.3474945973398
87,-77.3274945987368
88,-77.3824945948951
