"Sweep (n)","Ediast (mV)"
30,-75.4624947290055
31,-75.4649947288309
32,-75.472494728307
33,-75.4224947317995
34,-75.3724947352919
