"Sweep (n)","Ediast (mV)"
64,-68.7099952006622
65,-68.7099952006622
66,-68.7074952008368
67,-68.7599951971697
68,-68.8049951940265
