"Sweep (n)","Ediast (mV)"
37,-84.3749941064746
38,-84.3399941089193
39,-84.3499941082208
40,-84.4124941038553
41,-84.3999941047284
