"Sweep (n)","Ediast (mV)"
33,-70.8849950487402
34,-70.8649950501372
35,-70.7599950574713
36,-70.7024950614877
37,-70.6074950681233
