"Sweep (n)","Ediast (mV)"
63,-76.0074946909377
64,-75.9799946928586
65,-75.8599947012405
66,-75.8124947045583
67,-75.7449947092731
