"Sweep (n)","Ediast (mV)"
83,-69.8774951191132
84,-69.9149951164939
85,-69.9199951161446
86,-69.8649951199863
87,-69.8174951233042
