"Sweep (n)","Ediast (mV)"
10,-81.4924943078149
11,-81.3999943142759
12,-81.4274943123551
13,-81.459994310085
14,-81.4724943092119
