"Sweep (n)","Ediast (mV)"
4,-77.1224946130559
5,-77.1624946102619
6,-77.3124945997845
7,-77.3749945954189
8,-77.4099945929742
