"Sweep (n)","Ediast (mV)"
94,-74.2699948123007
95,-74.2924948107291
96,-74.3024948100306
97,-74.3049948098559
98,-74.2549948133484
