"Sweep (n)","Ediast (mV)"
39,-80.3549943872683
40,-80.3874943849983
41,-80.4449943809819
42,-80.3624943867445
43,-80.3449943879668
