"Sweep (n)","Ediast (mV)"
40,-80.524994375394
41,-80.6049943698061
42,-80.5899943708538
43,-80.5949943705046
44,-80.5999943701553
