"Sweep (n)","Ediast (mV)"
41,-80.464994379585
42,-80.4199943827282
43,-80.5774943717269
44,-80.4699943792357
45,-80.2249943963488
