"Sweep (n)","Ediast (mV)"
63,-78.1724945397142
64,-78.1574945407619
65,-78.1424945418097
66,-78.1274945428574
67,-78.1674945400635
