"Sweep (n)","Ediast (mV)"
67,-77.952494555081
68,-77.9649945542079
69,-77.9799945531602
70,-78.0149945507155
71,-78.0349945493185
