"Sweep (n)","Ediast (mV)"
72,-74.2424948142215
73,-74.3149948091575
74,-74.3949948035695
75,-74.3674948054904
76,-74.3399948074112
