"Sweep (n)","Ediast (mV)"
56,-72.9448386548618
57,-72.9299949058986
58,-72.9224949064225
59,-72.8999949079941
60,-72.9174949067717
