"Sweep (n)","Ediast (mV)"
51,-73.5474948627667
52,-73.5399948632906
53,-73.5224948645129
54,-73.5524948624175
55,-73.5899948597981
