"Sweep (n)","Ediast (mV)"
70,-86.9649939255652
71,-87.0274939211996
72,-87.0899939168341
73,-87.1999939091507
74,-87.2799939035627
