"Sweep (n)","APA (mV)"
11,114.079279249494
12,113.91784126888
13,113.611139623292
14,113.572687476681
15,113.089899413674
