"Sweep (n)","APA (mV)"
34,116.813043768084
35,116.563409990879
36,116.379083827759
37,116.491388509925
38,116.077264994438
