"Sweep (n)","APA (mV)"
54,114.367975524844
55,113.816217738551
56,114.718622480845
57,114.613947192848
58,113.359369615719
