"Sweep (n)","APA (mV)"
32,118.647455302048
33,118.617853252673
34,118.455499744759
35,118.52782640148
36,118.109125249493
