"Sweep (n)","APA (mV)"
23,129.886773615866
24,129.872430354828
25,130.460809233132
26,130.494988919008
27,129.926446465544
