"Sweep (n)","APA (mV)"
67,113.667902315908
68,112.937311530297
69,113.916315390047
70,113.902277304776
71,113.388971665094
