"Sweep (n)","APA (mV)"
69,117.586359161041
70,117.417291786259
71,119.136652056156
72,116.924738098717
73,117.696222437073
