"Sweep (n)","APA (mV)"
2,123.967889619654
3,115.628961793075
4,123.30809961193
5,114.938349032909
6,122.792047390347
