"Sweep (n)","APA (mV)"
18,118.555902572022
19,118.378900627304
20,118.717340552635
21,118.649896708182
22,118.312372310151
