"Sweep (n)","APA (mV)"
10,119.838556319693
11,123.706048811778
12,119.782709154377
13,119.673456229878
14,112.518610378309
