"Sweep (n)","APA (mV)"
85,85.2181966359466
86,80.5871543754406
87,83.1997641146295
88,81.7575034409457
89,84.7787435318195
