"Sweep (n)","APA (mV)"
33,123.987420868726
34,124.257501422304
35,123.974908662289
36,124.869378834648
37,124.823602469635
