"Sweep (n)","APA (mV)"
27,126.098931998903
28,126.125787466378
29,124.995416426318
30,125.134881751725
31,122.616266148696
