"Sweep (n)","APA (mV)"
54,110.508112426928
55,109.348139337492
56,107.999567624202
57,107.586664811783
58,108.928217482437
