"Sweep (n)","APA (mV)"
26,116.628412429198
27,117.377924112348
28,117.405084755589
29,117.832941180579
30,118.115228764828
