"Sweep (n)","APA (mV)"
48,115.083002346351
49,117.431940223063
50,116.666254224275
51,117.768243918027
52,117.295221479557
