"Sweep (n)","APA (mV)"
6,129.367364460849
7,129.526055859561
8,128.242791760357
9,128.044732687733
10,128.247674572625
