"Sweep (n)","APA (mV)"
14,108.836054400877
15,103.669733845483
16,106.41509504321
17,104.866633202696
18,102.087702670626
