"Sweep (n)","APA (mV)"
8,122.609857457594
9,121.856683665243
10,121.831659252369
11,122.001031802918
12,121.994928287583
