"Sweep (n)","APA (mV)"
81,124.042962858275
82,118.609308331204
83,122.606805699927
84,122.907709005947
85,122.647394076905
