"Sweep (n)","APA (mV)"
57,123.210443366568
58,123.52813133976
59,123.179620614126
60,122.178033747636
61,122.573236365584
