"Sweep (n)","APA (mV)"
6,130.227349771564
7,130.157464520977
8,129.813531431844
9,130.822137340969
10,129.666131536502
