"Sweep (n)","APA (mV)"
35,126.992486643962
36,127.138055484704
37,126.27227183442
38,126.449578954905
39,124.173883262213
