"Sweep (n)","APA (mV)"
12,131.715997161795
13,131.416619734608
14,131.93084090159
15,131.604913182696
16,131.658624117645
