"Sweep (n)","APA (mV)"
51,120.842889768083
52,118.744501195876
53,119.33379560148
54,119.994195960738
55,118.982843469712
