"Sweep (n)","APA (mV)"
9,123.98894674756
10,124.88707902912
11,125.150140540062
12,125.563348528248
13,126.317743023667
