"Sweep (n)","Ediast (mV)"
213,-75.9724946933824
214,-75.9824946926839
215,-75.9949946918108
216,-75.9324946961764
217,-75.9374946958272
