"Sweep (n)","Ediast (mV)"
448,-78.5549945129969
449,-78.5724945117745
450,-78.6174945086313
451,-78.6049945095044
452,-78.5849945109014
