"Sweep (n)","Ediast (mV)"
118,-84.5399940949495
119,-84.5149940966957
120,-84.4999940977435
121,-84.4874940986166
122,-84.4899940984419
