"Sweep (n)","Ediast (mV)"
647,-74.6274947873296
648,-74.5874947901236
649,-74.5974947894251
650,-74.6099947885519
651,-74.6474947859326
