"Sweep (n)","Ediast (mV)"
585,-80.3649943865699
586,-80.3424943881415
587,-80.352494387443
588,-80.3649943865699
589,-80.372494386046
