"Sweep (n)","Ediast (mV)"
319,-82.944994206359
320,-82.9424942065336
321,-82.9374942068828
322,-82.9374942068828
323,-82.9274942075813
