"Sweep (n)","Ediast (mV)"
522,-78.9324944866288
523,-78.8999944888989
524,-78.9249944871527
525,-78.8849944899467
526,-78.9174944876766
