"Sweep (n)","Ediast (mV)"
826,-81.977494273938
827,-81.9799942737634
828,-81.9824942735888
829,-82.0449942692232
830,-82.0474942690486
