"Sweep (n)","Ediast (mV)"
771,-73.4724948680054
772,-73.4399948702755
773,-73.4674948683546
774,-73.4799948674815
775,-73.4949948664338
