"Sweep (n)","Ediast (mV)"
749,-84.5524940940764
750,-84.5924940912824
751,-84.5149940966957
752,-84.4649941001882
753,-84.4849940987912
