"Sweep (n)","Ediast (mV)"
341,-78.9374944862796
342,-78.9224944873273
343,-78.8749944906452
344,-78.8799944902959
345,-78.8824944901213
