"Sweep (n)","Ediast (mV)"
193,-75.7874947063045
194,-75.8199947040344
195,-75.797494705606
196,-75.7949947057807
197,-75.7199947110194
