"Sweep (n)","Ediast (mV)"
185,-78.5574945128223
186,-78.6124945089806
187,-78.6799945042657
188,-78.6299945077582
189,-78.582494511076
