"Sweep (n)","Ediast (mV)"
506,-74.0349948287152
507,-74.1174948229527
508,-74.1124948233019
509,-74.1274948222542
510,-74.1299948220796
