"Sweep (n)","Ediast (mV)"
422,-84.0649941281279
423,-84.1149941246354
424,-84.1024941255085
425,-84.1449941225399
426,-84.1199941242862
