"Sweep (n)","Ediast (mV)"
376,-76.8224946340106
377,-76.8549946317405
378,-76.8924946291212
379,-76.8549946317405
380,-76.8574946315659
