"Sweep (n)","Ediast (mV)"
430,-84.4649941001882
431,-84.4524941010613
432,-84.4474941014105
433,-84.457494100712
434,-84.4849940987912
