"Sweep (n)","Ediast (mV)"
746,-79.7299944309241
747,-79.7474944297017
748,-79.6974944331942
749,-79.6624944356389
750,-79.7099944323211
