"Sweep (n)","Ediast (mV)"
595,-78.8224944943122
596,-78.8249944941376
597,-78.7749944976301
598,-78.7799944972808
599,-78.7999944958839
