"Sweep (n)","APA (mV)"
176,138.014990359764
177,139.529990253943
178,139.694990242417
179,139.969990223209
180,138.739990309123
