"Sweep (n)","APA (mV)"
26,137.574990390498
27,137.559990391545
28,137.569990390847
29,137.52499039399
30,137.269990411802
