"Sweep (n)","APA (mV)"
91,142.719990031124
92,142.289990061159
93,142.889990019249
94,142.114990073382
95,140.629990177108
