"Sweep (n)","APA (mV)"
27,134.14499063008
28,134.104990632874
29,133.884990648241
30,133.704990660814
31,134.249990622746
