"Sweep (n)","APA (mV)"
86,146.639989757315
87,146.479989768491
88,146.244989784905
89,146.579989761506
90,146.354989777222
