"Sweep (n)","APA (mV)"
94,137.399990402721
95,137.259677912522
96,138.044990357669
97,137.684990382814
98,137.224990414945
