"Sweep (n)","APA (mV)"
152,140.179990208541
153,140.334990197714
154,139.994990221463
155,140.379990194571
156,140.399990193174
