"Sweep (n)","APA (mV)"
79,150.009989521923
80,150.109989514938
81,150.004989522272
82,149.914989528559
83,149.899989529606
