"Sweep (n)","APA (mV)"
120,149.649989547069
121,150.204989508302
122,149.984989523669
123,150.269989503762
124,149.914989528559
