"Sweep (n)","APA (mV)"
140,128.854990999583
141,129.109990981771
142,128.76999100552
143,129.184990976532
144,129.149990978977
