"Sweep (n)","APA (mV)"
151,128.83499100098
152,129.129990980374
153,128.764991005869
154,129.149990978977
155,128.924990994693
