"Sweep (n)","APA (mV)"
51,130.374990893412
52,130.304990898301
53,130.189990906334
54,130.474990886427
55,130.589990878394
