"Sweep (n)","APA (mV)"
93,151.654989407021
94,151.254989434961
95,151.064989448232
96,150.569989482808
97,150.959989455566
