"Sweep (n)","APA (mV)"
96,130.654990873854
97,131.044990846613
98,130.744990867568
99,131.184990836834
100,130.729990868615
