"Sweep (n)","APA (mV)"
58,146.429989771983
59,146.244989784905
60,146.364989776523
61,146.189989788747
62,146.14498979189
