"Sweep (n)","APA (mV)"
156,140.194990207493
157,140.699990172219
158,140.854990161392
159,140.134990211684
160,139.889990228797
