"Sweep (n)","APA (mV)"
103,141.23499013485
104,140.764990167679
105,140.389990193872
106,140.559990181998
107,140.859990161043
