"Sweep (n)","APA (mV)"
83,152.44498935184
84,152.30998936127
85,152.234989366509
86,152.059989378732
87,152.479989349396
