"Sweep (n)","APA (mV)"
157,140.23999020435
158,140.389990193872
159,140.494990186538
160,140.83999016244
161,141.279990131706
