"Sweep (n)","APA (mV)"
104,143.709989961973
105,143.654989965815
106,144.119989933335
107,144.014989940669
108,143.614989968609
