"Sweep (n)","APA (mV)"
106,125.089991262565
107,125.359991243706
108,125.25499125104
109,125.169991256977
110,125.339991245103
