"Sweep (n)","APA (mV)"
87,137.364990405166
88,136.92999043555
89,137.474990397483
90,137.599990388751
91,137.264990412151
