"Sweep (n)","Ediast (mV)"
46,-54.5895359813549
47,-54.7573826530701
48,-55.3637669016122
49,-55.2694675896849
50,-55.0509617406884
