"Sweep (n)","Ediast (mV)"
6,-56.1077854209607
7,-55.6063816361823
8,-55.5749485322066
9,-55.4626438500408
10,-55.5386326159628
