"Sweep (n)","Ediast (mV)"
26,-62.4941986918411
27,-62.2924775100161
28,-62.6867646006635
29,-62.4822968369376
30,-62.4990815041092
