"Sweep (n)","Ediast (mV)"
36,-53.8565037896096
37,-53.8650487110787
38,-53.4918187483375
39,-54.0212987036573
40,-54.0145848367886
