"Sweep (n)","Ediast (mV)"
102,-52.3306249558349
103,-51.7480444170998
104,-51.4385961896103
105,-51.3952612307311
106,-52.8256200495114
