"Sweep (n)","Ediast (mV)"
113,-54.0872166692763
114,-54.6670506261107
115,-55.3524753982422
116,-51.6088842674595
117,-54.0332005585607
