"Sweep (n)","APA (mV)"
81,123.731988751952
82,124.043878385576
83,122.626642124766
84,122.645868198071
85,122.488092326659
