"Sweep (n)","APA (mV)"
23,115.041498442072
24,114.476923273575
25,114.000543901671
26,114.396051695385
27,114.384760192015
