"Sweep (n)","APA (mV)"
181,107.45055641981
182,108.333124737265
183,108.384089090313
184,108.391108132949
185,107.806086188079
