"Sweep (n)","APA (mV)"
55,123.03252589455
56,122.686151399283
57,122.462152386485
58,122.839959985727
59,122.474969768689
