"Sweep (n)","APA (mV)"
20,125.427545312043
21,125.529474018139
22,125.783990607612
23,125.784906134913
24,125.817559941955
