"Sweep (n)","APA (mV)"
80,129.956658866452
81,129.310601768232
82,129.83184197785
83,127.917779568763
84,129.780572449035
