"Sweep (n)","APA (mV)"
118,128.149713151496
119,128.008111595722
120,126.791986165204
121,126.804803547408
122,128.242181408823
