"Sweep (n)","APA (mV)"
120,125.983880734837
121,126.067804070694
122,126.091912956268
123,126.04277965782
124,126.461175634041
