"Sweep (n)","APA (mV)"
123,124.575494571263
124,124.268792925674
125,124.076532192618
126,124.307245072285
127,123.903497532868
