"Sweep (n)","APA (mV)"
148,111.365656331509
149,111.094660250631
150,110.776667101672
151,111.471552322573
152,111.42760701216
