"Sweep (n)","APA (mV)"
69,104.284357839728
70,104.070124451466
71,105.114130749534
72,104.107050719243
73,106.094660488118
