"Sweep (n)","APA (mV)"
115,110.867914655932
116,110.636286248965
117,110.416559696901
118,110.858759382929
119,111.78405230773
