"Sweep (n)","APA (mV)"
1,85.5642659554467
2,46.9833351707551
3,90.257258896604
4,46.8185402567074
5,90.4858355459034
