"Sweep (n)","APA (mV)"
85,129.706109561947
86,128.633111566036
87,129.40673213476
88,129.907220392238
89,131.152947872132
