"Sweep (n)","APA (mV)"
61,101.764216357865
62,99.3890333652117
63,100.490717883197
64,100.773615818979
65,102.779841309626
