"Sweep (n)","APA (mV)"
189,132.818902382847
190,132.595208545816
191,132.733758343922
192,132.646783250397
193,131.724236907497
