"Sweep (n)","APA (mV)"
83,117.38524833075
84,117.546686311363
85,115.557550663655
86,116.509088704396
87,113.114923826548
