"Sweep (n)","APA (mV)"
136,111.931147027306
137,111.632074775886
138,111.983637259188
139,111.065668552789
140,111.328730063732
