"Sweep (n)","APA (mV)"
41,113.38469920436
42,112.869867685844
43,108.151545156046
44,110.668024528707
45,114.052118606253
