"Sweep (n)","APA (mV)"
3,136.571953962399
4,136.132195682505
5,135.96618006539
6,136.224969115599
7,136.13738367054
