"Sweep (n)","APA (mV)"
57,118.232721435028
58,118.186029542715
59,118.394159415642
60,117.98339283359
61,117.013544246842
