"Sweep (n)","APA (mV)"
314,128.291619883038
315,126.159356800721
316,126.161187855321
317,124.339898879328
318,127.396234183379
