"Sweep (n)","APA (mV)"
177,128.338311775351
178,128.181756607006
179,127.644647257517
180,127.969354273344
181,127.884820585953
