"Sweep (n)","APA (mV)"
76,109.611506024202
77,108.207697497129
78,107.541498798303
79,107.987360593532
80,108.445124243664
