"Sweep (n)","APA (mV)"
17,122.538446328174
18,122.502435587697
19,122.410577681903
20,123.12377344881
21,123.874505835027
