"Sweep (n)","APA (mV)"
201,101.494440980054
202,101.767878467066
203,101.687312064643
204,101.408686589596
205,102.025751989974
