"Sweep (n)","APA (mV)"
173,117.179559863957
174,117.125543753241
175,117.389215615718
176,116.769098457672
177,117.145685353847
