"Sweep (n)","APA (mV)"
35,104.387812424657
36,104.283747488194
37,104.031061953321
38,103.674921833518
39,103.975825139538
