"Sweep (n)","APA (mV)"
114,122.847589379896
115,122.457574749984
116,122.524103067136
117,122.727044952028
118,122.621454136731
