"Sweep (n)","APA (mV)"
149,120.822748167477
150,121.080621690385
151,121.071771593149
152,120.585626596709
153,120.820001585577
