"Sweep (n)","APA (mV)"
141,94.5361283222748
142,93.4173539613513
143,92.485041993915
144,92.2967485458272
145,90.2712969818747
