"Sweep (n)","APA (mV)"
3,129.93712761738
4,129.618524116888
5,129.588006540212
6,128.724664296063
7,129.395745807157
