"Sweep (n)","APA (mV)"
87,103.732905229201
88,101.630854547793
89,102.109064974298
90,101.645197808831
91,100.885310149611
