"Sweep (n)","APA (mV)"
86,96.0217239548379
87,96.0052444634331
88,95.4553177317407
89,95.6091263181852
90,96.2451126161025
