"Sweep (n)","APA (mV)"
129,123.190301765962
130,123.230890142941
131,122.461847210718
132,122.657159701441
133,122.814935572854
