"Sweep (n)","APA (mV)"
153,122.478326702123
154,122.103876036315
155,121.613153403373
156,121.581109947863
157,121.064142198981
