"Sweep (n)","APA (mV)"
419,121.291192969446
420,120.513910291521
421,122.205804742411
422,121.31438632772
423,121.806024487962
