"Sweep (n)","APA (mV)"
101,83.2080038603319
102,62.7255219230413
103,81.3128623487838
104,61.824337883814
105,79.7952232607115
