"Sweep (n)","APA (mV)"
88,95.5569412620701
89,93.0471757562775
90,92.9016069155354
91,92.7923539910372
92,92.9351762498785
