"Sweep (n)","APA (mV)"
14,117.843622332416
15,116.7513982632
16,116.982111142867
17,115.376276258202
18,116.419367028971
