"Sweep (n)","APA (mV)"
73,103.655390584446
74,104.393915939993
75,103.218684062219
76,102.504572768013
77,103.023371571496
