"Sweep (n)","APA (mV)"
247,93.8955643878562
248,93.4063676337481
249,93.4268144101207
250,95.4751541565798
251,94.2437699377236
