"Sweep (n)","APA (mV)"
128,109.255976255932
129,108.566279023066
130,108.346552471002
131,107.511591573161
132,102.962336418145
