"Sweep (n)","APA (mV)"
108,100.867915130906
109,102.326044944461
110,101.629939020493
111,102.525935071686
112,101.826167038517
