"Sweep (n)","APA (mV)"
117,129.047845433056
118,128.605950922795
119,127.998651146953
120,126.832574542182
121,126.551202485234
