"Sweep (n)","APA (mV)"
3,123.087762708332
4,110.953363870623
5,119.017328331355
6,103.710322222462
7,121.491693448204
