"Sweep (n)","APA (mV)"
42,111.121515718105
43,111.910395075166
44,111.708368717575
45,111.465448807238
46,111.045221776416
