"Sweep (n)","APA (mV)"
287,104.551691811405
288,101.715083059418
289,103.207697734616
290,103.305659155744
291,103.381647921666
