"Sweep (n)","APA (mV)"
236,116.113275734915
237,116.349176602617
238,115.170587791409
239,117.101740043435
240,118.113397710227
