"Sweep (n)","APA (mV)"
181,111.408991290388
182,111.532282300157
183,111.368708089176
184,110.904230572175
185,110.486444947488
