"Sweep (n)","APA (mV)"
89,111.640009345822
90,101.403498601561
91,111.036676854947
92,102.037959020645
93,111.463617752637
