"Sweep (n)","Peak x (ms)","Peak y (mV)"
272,8.1,57.999995948747
273,8.1,58.0999959417621
274,8.2,58.3999959208073
275,8.2,58.9999958788978
276,8.1,59.3499958544506
