"Sweep (n)","Peak x (ms)","Peak y (mV)"
448,7.2,58.8499958893752
449,7.2,58.6999958998526
450,7.2,57.999995948747
451,7.2,58.0999959417621
452,7.2,58.8499958893752
