"Sweep (n)","Peak x (ms)","Peak y (mV)"
407,10.9,58.6999958998526
408,11.3,58.8999958858827
409,11.2,58.3499959242998
410,11.3,58.649995903345
411,12.4,58.5999959068375
