"Sweep (n)","Peak x (ms)","Peak y (mV)"
419,8.1,57.2999959976414
420,8.1,58.1999959347771
421,8.1,58.8999958858827
422,8.1,58.8499958893752
423,8.1,57.8999959557319
