"Sweep (n)","Peak x (ms)","Peak y (mV)"
78,8.2,59.4999958439732
79,8.2,58.7499958963601
80,8.1,59.4999958439732
81,8.1,59.3999958509581
82,8.2,59.5999958369883
