"Sweep (n)","Peak x (ms)","Peak y (mV)"
202,7.2,48.5999966053294
203,7.2,48.4499966158068
204,7.2,48.4999966123143
205,7.2,48.4999966123143
206,7.2,48.4499966158068
