"Sweep (n)","Peak x (ms)","Peak y (mV)"
390,7.4,48.8999965843746
391,7.4,48.6999965983445
392,7.4,48.8999965843746
393,7.4,48.7999965913595
394,7.4,48.5999966053294
