"Sweep (n)","Peak x (ms)","Peak y (mV)"
264,7.4,46.5999967450278
265,7.4,46.2999967659825
266,7.4,46.2999967659825
267,7.4,46.3999967589976
268,7.4,46.5999967450278
