"Sweep (n)","Peak x (ms)","Peak y (mV)"
184,9.1,53.5499962595759
185,9.2,54.0499962246513
186,9.2,54.1499962176664
187,9.2,53.9499962316362
188,9.2,53.9499962316362
