"Sweep (n)","Peak x (ms)","Peak y (mV)"
275,7.8,55.7999961024152
276,7.8,55.9999960884454
277,7.8,55.7999961024152
278,7.8,56.0999960814605
279,7.8,56.0999960814605
