"Sweep (n)","Peak x (ms)","Peak y (mV)"
371,8.4,59.4499958474657
372,8.5,60.0499958055562
373,8.4,60.2999957880939
374,8.4,59.8999958160335
375,8.5,59.7499958265109
