"Sweep (n)","Peak x (ms)","Peak y (mV)"
159,8.4,54.6999961792493
160,8.4,54.8499961687719
161,8.3,54.5499961897267
162,8.3,54.5999961862342
163,8.4,54.2499962106815
