"Sweep (n)","Peak x (ms)","Peak y (mV)"
233,8.4,65.9999953899535
234,8.3,65.9999953899535
235,8.4,65.7499954074158
236,8.3,66.1499953794761
237,8.3,66.1999953759836
