"Sweep (n)","Ediast (mV)"
11,-67.2592131139526
12,-67.3083464124001
13,-67.1359221041836
14,-66.8045012214877
15,-66.6818205632522
