"Sweep (n)","Ediast (mV)"
60,-63.880307024442
61,-63.2479828357258
62,-62.612606889342
63,-63.9495819234953
64,-63.8751190364071
