"Sweep (n)","Ediast (mV)"
67,-65.553890929326
68,-64.8385589320525
69,-65.860287399148
70,-65.800472948864
71,-65.2688567631769
