"Sweep (n)","Ediast (mV)"
18,-67.3413053952096
19,-67.3687712142176
20,-67.3715177961184
21,-67.4475065620403
22,-66.9238249462889
