"Sweep (n)","Ediast (mV)"
4,-68.2076993970269
5,-68.140255552574
6,-68.5812345355349
7,-66.6293303313704
8,-68.9035001452281
