"Sweep (n)","Ediast (mV)"
2,-74.7827112917618
3,-64.9728362694246
4,-73.7658656369344
5,-58.853146618688
6,-74.8062098258019
