"Sweep (n)","Ediast (mV)"
54,-67.5845304813133
55,-67.475277556815
56,-67.9931608329982
57,-68.2638517381098
58,-66.3623015354598
