"Sweep (n)","Ediast (mV)"
69,-69.67071202285
70,-70.1791348502637
71,-70.6655850224711
72,-69.1403165402299
73,-70.1803555533307
