"Sweep (n)","Ediast (mV)"
34,-73.5238612538977
35,-72.8408778879002
36,-72.738949181804
37,-72.8939784713156
38,-72.9254115752913
