"Sweep (n)","Ediast (mV)"
26,-65.044552574612
27,-65.815426561435
28,-66.1538664867662
29,-67.2378508102797
30,-67.1966520817678
