"Sweep (n)","Ediast (mV)"
10,-72.6370204757079
11,-76.4404260567746
12,-72.01049462656
13,-71.4831509016075
14,-65.4971282367096
