"Sweep (n)","Ediast (mV)"
6,-81.9216880034598
7,-82.022396006489
8,-81.325069379454
9,-80.4678306506394
10,-81.4398154677538
