"Sweep (n)","Ediast (mV)"
85,-49.1372657325114
86,-45.7147195083548
87,-47.9428077814326
88,-47.1170021565937
89,-49.2593360392133
