"Sweep (n)","Ediast (mV)"
27,-79.8800621238694
28,-79.7848472846418
29,-78.4042321158425
30,-78.9343224226959
31,-76.479793730686
