"Sweep (n)","Ediast (mV)"
54,-67.4233976764667
55,-66.589962657459
56,-65.2017180944908
57,-64.7369354017231
58,-65.9869353423513
