"Sweep (n)","Ediast (mV)"
14,-67.8906217753685
15,-65.8889739212229
16,-69.0768399807449
17,-65.2181975858956
18,-62.8970307039576
