"Sweep (n)","Ediast (mV)"
48,-63.6242645561346
49,-65.8633391568155
50,-65.0946014003598
51,-66.1508147290987
52,-65.9097258733623
