"Sweep (n)","Ediast (mV)"
13,-76.4273034988041
14,-76.4111291831661
15,-77.2860681064525
16,-76.250606729853
17,-77.1429406718444
