"Sweep (n)","Ediast (mV)"
12,-74.6176112019474
13,-74.7943079708985
14,-75.2932703495428
15,-74.781185412928
16,-75.1766932066424
