"Sweep (n)","Ediast (mV)"
9,-73.6166346869912
10,-73.5748256069458
11,-73.6547816578356
12,-73.9031947319741
13,-75.1184046351922
