"Sweep (n)","Ediast (mV)"
81,-79.038692534926
82,-76.1563074179257
83,-80.1385459983108
84,-79.2492638139869
85,-79.2422447713516
