"Sweep (n)","Ediast (mV)"
8,-71.8743862345873
9,-71.5383877153902
10,-70.9057583509072
11,-71.3745083286428
12,-71.0324062941105
