"Sweep (n)","Ediast (mV)"
8,-75.6341516810081
9,-74.887081403992
10,-74.8315394144426
11,-75.7302820475359
12,-74.8910486889598
