"Sweep (n)","APA (mV)"
3,136.749575810497
4,136.724856571664
5,136.616366579004
6,136.652987673573
7,136.533663940437
