"Sweep (n)","APA (mV)"
13,133.943942202865
14,133.936465396057
15,133.815005432405
16,133.823092590789
17,133.73428643646
