"Sweep (n)","APA (mV)"
23,131.866763201358
24,131.849368181438
25,131.790774430128
26,131.71936329572
27,131.829379167319
