"Sweep (n)","APA (mV)"
23,137.998355135285
24,137.972872956981
25,137.999575838437
26,137.996218904768
27,137.998965486861
