"Sweep (n)","APA (mV)"
26,135.648959330819
27,135.644992045574
28,135.765536481862
29,135.632174662475
30,135.561068703854
