"Sweep (n)","APA (mV)"
16,135.643923930315
17,135.430911230242
18,135.452426123301
19,135.429080175513
20,135.335696384364
