"Sweep (n)","APA (mV)"
50,139.754031444059
51,139.828799512136
52,139.786380077594
53,139.769900585038
54,139.770663524508
