"Sweep (n)","APA (mV)"
14,137.988894685855
15,137.960665925458
16,137.931826813485
17,137.845004301779
18,137.909396393062
