"Sweep (n)","APA (mV)"
31,133.185580369508
32,133.040316694386
33,132.76825247932
34,132.377474882695
35,131.848605241968
