"Sweep (n)","Ediast (mV)"
163,-72.5299949338383
164,-72.5574949319174
165,-72.5199949345368
166,-72.5449949327905
167,-72.5774949305204
