"Sweep (n)","Ediast (mV)"
174,-69.4199951510692
175,-69.3449951563079
176,-69.3824951536886
177,-69.4074951519424
178,-69.42499515072
