"Sweep (n)","Ediast (mV)"
169,-72.6249949272026
170,-72.5474949326159
171,-72.5524949322667
172,-72.6724949238848
173,-72.9274949060732
