"Sweep (n)","Ediast (mV)"
172,-75.1299947522304
173,-75.0824947555482
174,-75.0524947576437
175,-75.167494749611
176,-75.2549947434992
