"Sweep (n)","Ediast (mV)"
41,-73.8049948447805
42,-73.7499948486223
43,-73.73499484967
44,-73.7899948458283
45,-73.7899948458283
