"Sweep (n)","Ediast (mV)"
61,-82.9674942047873
62,-82.9574942054858
63,-82.9274942075813
64,-82.9024942093275
65,-82.8774942110738
