"Sweep (n)","Ediast (mV)"
91,-83.6974941537974
92,-83.7599941494319
93,-83.8524941429708
94,-83.7649941490826
95,-83.8249941448917
