"Sweep (n)","Ediast (mV)"
91,-70.0324951082866
92,-69.9824951117791
93,-69.9824951117791
94,-70.0849951046195
95,-70.4249950808708
