"Sweep (n)","Ediast (mV)"
144,-72.5649949313935
145,-72.6124949280757
146,-72.6624949245833
147,-72.6499949254564
148,-72.70749492144
