"Sweep (n)","Ediast (mV)"
164,-73.2449948838961
165,-73.2549948831976
166,-73.2349948845946
167,-73.2874948809275
168,-73.3049948797051
