"Sweep (n)","Ediast (mV)"
61,-78.177494539365
62,-78.1824945390157
63,-78.1474945414604
64,-78.0874945456514
65,-78.0199945503662
