"Sweep (n)","Ediast (mV)"
81,-79.2424944649756
82,-79.264994463404
83,-79.2749944627055
84,-79.284994462007
85,-79.2674944632294
