"Sweep (n)","Ediast (mV)"
135,-72.2399949540945
136,-72.2599949526976
137,-72.3074949493797
138,-72.3374949472842
139,-72.3299949478081
