"Sweep (n)","Ediast (mV)"
58,-81.2999943212609
59,-81.3524943175938
60,-81.4424943113074
61,-81.4349943118312
62,-81.4174943130536
