"Sweep (n)","Ediast (mV)"
118,-74.0024948309853
119,-73.9399948353509
120,-73.9324948358748
121,-73.9674948334301
122,-73.9599948339539
