"Sweep (n)","Ediast (mV)"
68,-75.392494733895
69,-75.3449947372128
70,-75.3524947366889
71,-75.3499947368636
72,-75.3524947366889
