"Sweep (n)","Ediast (mV)"
111,-73.2599948828484
112,-73.2174948858169
113,-73.1799948884363
114,-73.2599948828484
115,-73.2474948837215
