"Sweep (n)","Ediast (mV)"
110,-74.0349948287152
111,-74.099994824175
112,-74.0949948245243
113,-74.0674948264451
114,-74.079994825572
