"Sweep (n)","Ediast (mV)"
13,-76.0774946860483
14,-76.0599946872706
15,-76.062494687096
16,-76.0499946879691
17,-76.0124946905885
