"Sweep (n)","Ediast (mV)"
148,-70.1449951004286
149,-70.1724950985077
150,-70.1399951007778
151,-70.1649950990316
152,-70.1999950965869
