"Sweep (n)","Ediast (mV)"
108,-82.9974942026919
109,-83.0024942023426
110,-83.004994202168
111,-83.0024942023426
112,-82.8999942095022
