"Sweep (n)","Ediast (mV)"
155,-83.1224941939607
156,-83.0299942004218
157,-83.0474941991994
158,-83.0424941995487
159,-83.0399941997233
