"Sweep (n)","dV/dt max x (ms)","dV/dt max y (V/s)"
87,12.4,150.802605141947
88,11.2,160.186759969664
89,11.8,145.477288012075
90,11,151.199333638729
91,12.4,152.053825785643
