"Sweep (n)","dV/dt max x (ms)","dV/dt max y (V/s)"
42,7.2,268.829332934415
43,7.2,203.002920045378
44,7.2,285.430894645883
45,7.2,281.311021794692
46,7,251.571643324427
