"Sweep (n)","dV/dt max x (ms)","dV/dt max y (V/s)"
144,12.6,338.49997635605
145,12.5,321.499977543492
146,12.5,342.49997607666
147,12.6,340.999976181427
148,12.5,319.999977648266
149,12.5,332.499976775152
150,12.6,323.999977368864
151,12.6,327.999977089467
152,12.6,328.499977054542
153,12.6,326.999977159316
