"Sweep (n)","dV/dt max x (ms)","dV/dt max y (V/s)"
57,11.3,466.499967415346
58,11.3,446.499968812331
59,11.3,480.499966437457
60,11.3,465.499967485196
61,11.3,458.999967939215
62,11.3,457.999968009065
63,11.3,460.999967799517
64,11.3,449.999968567858
65,11.3,453.499968323386
66,11.3,449.499968602783
