"Sweep (n)","Peak x (ms)","Peak y (mV)"
58,8,61.699995690305
59,8,61.6499956937975
60,8,61.4999957042748
61,8,61.6499956937975
62,8,61.699995690305
