"Sweep (n)","Peak x (ms)","Peak y (mV)"
76,7.8,66.2499953724912
77,7.8,65.0999954528178
78,7.7,64.5999954877423
79,7.7,64.4999954947273
80,7.8,64.5999954877423
