"Sweep (n)","Peak x (ms)","Peak y (mV)"
78,7.6,55.7499961059077
79,7.5,56.0999960814605
80,7.6,55.7499961059077
81,7.6,55.8499960989228
82,7.5,56.2499960709831
