"Sweep (n)","Peak x (ms)","Peak y (mV)"
387,8.5,58.6999958998526
388,8.5,58.1499959382696
389,8.5,58.4499959173149
390,8.5,58.3499959242998
391,8.6,58.4999959138224
