"Sweep (n)","Peak x (ms)","Peak y (mV)"
241,8.5,63.2499955820387
242,8.5,62.4999956344256
243,8.5,62.999995599501
244,8.5,62.999995599501
245,8.6,62.7499956169633
