"Sweep (n)","Peak x (ms)","Peak y (mV)"
169,7,48.0499966437464
170,7,48.3999966192992
171,7,48.3999966192992
172,7,48.2999966262841
173,7,48.4499966158068
