"Sweep (n)","Peak x (ms)","Peak y (mV)"
173,8.2,61.7499956868125
174,8.2,61.4499957077673
175,8.2,61.5499957007824
176,8.2,61.6499956937975
177,8.2,61.3499957147522
