"Sweep (n)","Peak x (ms)","Peak y (mV)"
206,8.2,58.6999958998526
207,8.1,58.4499959173149
208,8.1,58.2999959277922
209,8.1,58.1499959382696
210,8.2,58.3499959242998
