"Sweep (n)","Peak x (ms)","Peak y (mV)"
206,7.4,68.8499951908833
207,7.4,68.1999952362853
208,7.4,68.1999952362853
209,7.5,67.0999953131194
210,7.4,68.1999952362853
