"Sweep (n)","Peak x (ms)","Peak y (mV)"
396,8.1,56.9999960185962
397,8.1,56.6999960395509
398,8.1,56.7499960360585
399,8.1,56.7499960360585
400,8.1,56.4999960535208
