"Sweep (n)","dV/dt max x (ms)","dV/dt max y (V/s)"
407,10.6,327.999977089467
408,11.1,338.999976321132
409,11,346.499975797251
410,11,324.999977299009
411,12.2,345.499975867106
