"Sweep (n)","Ediast (mV)"
10,-53.1433080227033
11,-52.7456639986216
12,-52.7301000345171
13,-53.1335423981672
14,-52.2964452699584
