"Sweep (n)","Ediast (mV)"
23,-61.3681001125154
24,-61.4746064551129
25,-61.1968965073659
26,-61.6412324237611
27,-61.2780732613227
