"Sweep (n)","Ediast (mV)"
22,-58.6486788549622
23,-58.495785795818
24,-58.0483981217553
25,-59.0899630136899
26,-57.8356906123271
