"Sweep (n)","Ediast (mV)"
17,-62.7447479963469
18,-62.7932709432609
19,-62.1206635533331
20,-62.6925629402318
21,-63.094479425048
