"Sweep (n)","Ediast (mV)"
35,-62.5128144136131
36,-60.4299898055108
37,-60.0033540835874
38,-62.0864838674565
39,-59.5715303736291
