"Sweep (n)","Ediast (mV)"
16,-67.3413053952096
17,-67.2793547145584
18,-66.5335051406093
19,-66.7044035699921
20,-67.6791349690073
