"Sweep (n)","Ediast (mV)"
37,-64.2346160896444
38,-63.0029266950216
39,-62.9199188864642
40,-63.0154389014585
41,-62.8921478916895
