"Sweep (n)","Ediast (mV)"
26,-62.3257416685924
27,-64.7250335468196
28,-61.6732758792703
29,-61.403500501459
30,-61.9125336804062
