"Sweep (n)","Ediast (mV)"
26,-70.9841885229632
27,-70.9710659649927
28,-71.3827480743451
29,-72.4377407000169
30,-72.783810019517
