"Sweep (n)","Ediast (mV)"
11,-65.274960278512
12,-65.0848357758237
13,-63.5076874132342
14,-64.6813934121737
15,-63.7734955060778
