"Sweep (n)","Ediast (mV)"
19,-61.5035981529546
20,-59.9224825053973
21,-63.1805389912729
22,-65.9268157163005
23,-65.8258025375047
