"Sweep (n)","Ediast (mV)"
5,-47.2915626951776
6,-45.5883767409183
7,-46.1483742729136
8,-43.8269022152088
9,-48.6297584323979
