"Sweep (n)","Ediast (mV)"
2,-72.8332484937313
3,-70.0439419855913
4,-68.9288297338688
5,-73.4558070579114
6,-72.2595180522321
