"Sweep (n)","Ediast (mV)"
21,-71.7050136840383
22,-67.2009245425024
23,-71.2301601909677
24,-69.7405972734369
25,-70.7962002506422
