"Sweep (n)","Ediast (mV)"
1,-70.045467864425
2,-72.0657314403427
3,-72.2790493013044
4,-68.2614103319757
5,-60.9597749365973
