"Sweep (n)","Ediast (mV)"
5,-64.348446650644
6,-65.352169747501
7,-65.2172820585953
8,-65.4858367333397
9,-62.6513642117199
