"Sweep (n)","Ediast (mV)"
11,-72.1911586804789
12,-72.2555507672642
13,-70.7430996672268
14,-70.3292813275071
15,-70.5331387396994
