"Sweep (n)","Ediast (mV)"
10,-66.9918791422752
11,-67.3379484617753
12,-67.8048673849104
13,-68.3282438248951
14,-69.0969815813507
