"Sweep (n)","Ediast (mV)"
8,-65.5416838986558
9,-66.3351408922186
10,-65.0729339209202
11,-63.0960053038818
12,-63.9242523348547
