"Sweep (n)","Ediast (mV)"
2,-70.1895108263334
3,-70.4806485078176
4,-69.8919644537473
5,-71.5832485531031
6,-69.4857755081965
