"Sweep (n)","Ediast (mV)"
3,-63.2168549075168
4,-63.2888763884709
5,-62.8817719156199
6,-63.0685394848739
7,-62.6928681159986
