"Sweep (n)","Ediast (mV)"
10,-71.7721523527244
11,-71.3763393832433
12,-72.5900234076276
13,-73.0010951654465
14,-72.4505580822206
