"Sweep (n)","Ediast (mV)"
13,-63.4533661267518
14,-61.6271943384903
15,-63.0380219081984
16,-62.7340668445105
17,-64.2971771218292
