"Sweep (n)","Ediast (mV)"
31,-68.4536710650313
32,-68.4307828825247
33,-67.9449430618509
34,-67.9797330992609
35,-68.2525602347398
