"Sweep (n)","Ediast (mV)"
49,-68.728024079344
50,-69.9676480439025
51,-70.0582852466288
52,-69.2391934886585
53,-70.0042691359131
