"Sweep (n)","Ediast (mV)"
54,-67.593685754316
55,-67.5295988432974
56,-66.8960539515142
57,-66.2683073992993
58,-66.6894499574211
