"Sweep (n)","Ediast (mV)"
18,-65.6176726645778
19,-64.9304168378457
20,-65.6063811612079
21,-65.8361785135743
22,-66.0940520364822
