"Sweep (n)","Ediast (mV)"
9,-65.7894866212608
10,-65.1809661423515
11,-66.5509001593144
12,-65.5303923952859
13,-65.0518767930142
