"Sweep (n)","Ediast (mV)"
475,-76.6949946429164
476,-76.7024946423925
477,-76.6749946443134
478,-76.6874946434403
479,-76.6824946437895
