"Sweep (n)","Ediast (mV)"
487,-74.2424948142215
488,-74.1949948175394
489,-74.1149948231273
490,-74.1499948206826
491,-74.2349948147454
