"Sweep (n)","Ediast (mV)"
390,-72.2724949518244
391,-72.2774949514752
392,-72.1999949568885
393,-72.2124949560154
394,-72.2724949518244
