"Sweep (n)","Ediast (mV)"
264,-82.8824942107245
265,-82.9324942072321
266,-82.8949942098514
267,-82.984994203565
268,-83.1349941930876
