"Sweep (n)","Ediast (mV)"
448,-73.9349948357002
449,-74.0824948253974
450,-74.1449948210318
451,-74.0324948288899
452,-73.8949948384941
