"Sweep (n)","Ediast (mV)"
490,-84.9774940643905
491,-84.9699940649143
492,-84.9499940663113
493,-84.9274940678829
494,-84.9349940673591
