"Sweep (n)","Ediast (mV)"
202,-72.0874949647465
203,-72.0674949661435
204,-72.1024949636988
205,-72.1099949631749
206,-72.1174949626511
