"Sweep (n)","Ediast (mV)"
253,-84.344837858581
254,-84.3274941097924
255,-84.3274941097924
256,-84.3124941108402
257,-84.2949941120625
