"Sweep (n)","Ediast (mV)"
78,-83.5274941656718
79,-83.4599941703866
80,-83.4399941717836
81,-83.482494168815
82,-83.4999941675926
