"Sweep (n)","Ediast (mV)"
233,-84.1099941249846
234,-84.0974941258578
235,-84.092494126207
236,-84.0624941283025
237,-84.0874941265562
