"Sweep (n)","Ediast (mV)"
159,-75.0224947597392
160,-75.0024947611361
161,-74.9824947625331
162,-75.014994760263
163,-75.0474947579929
