"Sweep (n)","Ediast (mV)"
371,-81.2524943245787
372,-81.2899943219594
373,-81.3124943203878
374,-81.2749943230071
375,-81.267494323531
