"Sweep (n)","Ediast (mV)"
407,-73.0674948962943
408,-73.0999948940242
409,-73.1574948900079
410,-73.1674948893094
411,-73.184994888087
