"Sweep (n)","Ediast (mV)"
184,-73.887494839018
185,-73.9099948374464
186,-73.8999948381449
187,-73.8849948391926
188,-73.9124948372718
