"Sweep (n)","Ediast (mV)"
406,-79.9974944122394
407,-80.0299944099693
408,-80.1024944049053
409,-80.1249944033337
410,-80.1224944035083
