"Sweep (n)","Ediast (mV)"
9,-85.1624940514684
10,-85.1049940554847
11,-85.0549940589772
12,-85.1899940495475
13,-85.1174940546116
