"Sweep (n)","Ediast (mV)"
19,-68.3974952224901
20,-68.3624952249348
21,-68.337495226681
22,-68.317495228078
23,-68.2949952296496
