"Sweep (n)","Ediast (mV)"
419,-65.917495395716
420,-66.1249953812223
421,-66.3099953683002
422,-66.162495378603
423,-66.0349953875087
