"Sweep (n)","Ediast (mV)"
135,-72.0074949703345
136,-72.0399949680644
137,-72.0299949687629
138,-71.9699949729538
139,-71.9474949745254
