"Sweep (n)","Ediast (mV)"
463,-70.7299950595668
464,-70.7699950567728
465,-70.7924950552012
466,-70.7724950565982
467,-70.7499950581698
