"Sweep (n)","APA (mV)"
21,114.746088299853
22,115.417474986714
23,115.814203483496
24,114.166254343019
25,112.304682165814
