"Sweep (n)","APA (mV)"
1,86.2731892616184
2,86.0595662248899
3,85.1135213479497
4,85.2966268080026
5,85.4492146913801
