"Sweep (n)","APA (mV)"
4,105.834955910609
5,106.048578947338
6,105.987543793987
7,104.919428610345
8,105.438227413828
