"Sweep (n)","APA (mV)"
4,98.7243605452195
5,99.2431593487029
6,99.7009229988353
7,99.8229933055373
8,100.128169072292
