"Sweep (n)","APA (mV)"
5,124.664300719388
6,125.122064369521
7,123.22997461564
8,123.931878879177
9,123.50463280572
