"Sweep (n)","APA (mV)"
4,114.990228913257
5,113.250727042754
6,114.501947686449
7,114.654535569827
8,112.792963392622
