"Sweep (n)","APA (mV)"
2,115.478510140065
3,114.746088299853
4,117.309564740595
5,117.248529587244
6,117.279047163919
