"Sweep (n)","APA (mV)"
4,112.579340355893
5,113.861078576264
6,114.83764102988
7,114.685053146502
8,113.555902809509
