"Sweep (n)","dV/dt max x (ms)","dV/dt max y (V/s)"
654,5.9,187.999986868353
655,5.9,189.499986763579
656,5.9,186.999986938202
657,6,189.499986763579
658,5.1,11.4999991967342
