"Sweep (n)","dV/dt max x (ms)","dV/dt max y (V/s)"
273,8.3,163.499988579655
274,8.3,160.999988754278
275,8,155.49998913845
276,8,150.499989487696
277,8.1,142.499990046491
