"Sweep (n)","dV/dt max x (ms)","dV/dt max y (V/s)"
437,6.8,258.499981943983
438,6.8,257.499982013832
439,6.8,254.49998222338
440,6.8,249.999982537701
441,6.3,250.499982502781
