"Sweep (n)","dV/dt max x (ms)","dV/dt max y (V/s)"
756,7,230.499983899761
757,7.2,230.499983899761
758,7.2,226.499984179157
759,7,222.999984423629
760,7.2,230.999983864836
