"Sweep (n)","dV/dt max x (ms)","dV/dt max y (V/s)"
360,6.8,230.999983864836
361,6.8,232.499983760062
362,7,224.499984318856
363,6.8,230.499983899761
364,7,230.499983899761
