"Sweep (n)","Peak x (ms)","Peak y (mV)"
344,7,39.1999972619118
345,6.9,38.7999972898514
346,7,38.5999973038213
347,7,38.0999973387459
348,7,38.3999973177911
