"Sweep (n)","Peak x (ms)","Peak y (mV)"
783,9.2,6.89999951804059
784,9.2,6.49999954598027
785,9.3,6.79999952502551
786,9.5,6.59999953899535
787,9.6,5.94999958439732
