"Sweep (n)","Peak x (ms)","Peak y (mV)"
99,10.5,26.2999981629663
100,10.3,25.3999982258306
101,10.8,25.6999982048758
102,10.4,25.349998229323
103,11,24.5499982852024
