"Sweep (n)","Peak x (ms)","Peak y (mV)"
509,6.8,57.4999959836716
510,6.7,57.6999959697017
511,6.7,57.7499959662093
512,6.7,58.0999959417621
513,6.7,57.999995948747
