"Sweep (n)","Peak x (ms)","Peak y (mV)"
704,8.3,47.7499966647012
705,8.3,47.549996678671
706,8.4,47.3499966926409
707,8.2,47.5999966751786
708,8.1,47.1499967066107
