"Sweep (n)","Peak x (ms)","Peak y (mV)"
539,7.9,47.4999966821635
540,7.9,47.6999966681936
541,7.9,47.6999966681936
542,7.8,47.8499966577163
543,8.1,47.6999966681936
