"Sweep (n)","Peak x (ms)","Peak y (mV)"
492,7.8,63.8999955366368
493,7.9,63.2999955785463
494,7.5,63.5999955575915
495,7.8,63.7499955471142
496,7.6,63.4499955680689
