"Sweep (n)","Peak x (ms)","Peak y (mV)"
860,7.5,47.549996678671
861,7.4,47.4499966856559
862,7.4,47.6999966681936
863,7.5,47.1999967031182
864,7.5,47.7499966647012
