"Sweep (n)","Peak x (ms)","Peak y (mV)"
651,5.9,44.4999968917111
652,6,44.0499969231432
653,5.9,44.4499968952035
654,5.9,44.3499969021884
655,5.9,44.4999968917111
