"Sweep (n)","Peak x (ms)","Peak y (mV)"
739,7.4,36.3999974574895
740,7.6,36.2499974679669
741,7.4,36.5499974470121
742,7.4,36.3999974574895
743,7.4,36.3999974574895
