"Sweep (n)","Peak x (ms)","Peak y (mV)"
43,10.4,55.6365940370911
44,9.8,55.4931614267163
45,10,55.6213352487533
46,9.4,55.4656956077083
47,9.4,55.7586643437931
