"Sweep (n)","Peak x (ms)","Peak y (mV)"
82,17.2,46.6613747368286
83,17.4,46.841428439214
84,17.2,46.3500954547386
85,17,46.9909645649239
86,16.8,46.4324929117624
