"Sweep (n)","Peak x (ms)","Peak y (mV)"
6,12.2,48.3825660613264
7,10.8,48.0102516258854
8,11,48.5809303097171
9,11,48.3764625459913
10,12.2,48.5473609753741
