"Sweep (n)","Peak x (ms)","Peak y (mV)"
96,9.6,59.8846407103197
97,9.4,59.8998994986574
98,9.8,60.0036592593541
99,9.8,59.9304170753329
100,9.2,59.8205537993012
