"Sweep (n)","Negative dV/dt max x (ms)","Negative dV/dt max y (V/s)"
11,20.5,-37.9999973457316
12,20.5,-38.499997310807
13,20.5,-38.9999972758824
14,20.5,-37.9999973457317
15,20.5,-38.499997310807
