"Sweep (n)","dV/dt max x (ms)","dV/dt max y (V/s)"
43,10,222.824086096112
44,9.4,241.72972484658
45,9.6,209.304799628867
46,9.2,232.131946982137
47,9.2,223.266590957907
