"Sweep (n)","dV/dt max x (ms)","dV/dt max y (V/s)"
96,9.2,265.548693441802
97,9,287.628160166519
98,9.4,285.446153434224
99,9.4,283.889757023774
100,8.8,267.59337107906
