"Sweep (n)","dV/dt max x (ms)","dV/dt max y (V/s)"
82,9,52.5512670351985
83,9.2,56.2438938129336
84,9,53.2226537220593
85,9.2,51.406857909868
86,9,52.8106664369402
