"Sweep (n)","APA (mV)"
49,126.929991134042
50,127.024991127407
51,126.799991143123
52,126.807491142599
53,126.994991129502
