"Sweep (n)","APA (mV)"
171,114.299992016238
172,115.654991921592
173,115.239991950579
174,115.744991915306
175,116.429991867459
