"Sweep (n)","APA (mV)"
422,119.679991640449
423,119.527491651101
424,120.509991582474
425,119.759991634861
426,119.32249166542
