"Sweep (n)","APA (mV)"
434,139.207490276469
435,138.967490293233
436,139.104990283628
437,138.624990317156
438,138.867490300218
