"Sweep (n)","APA (mV)"
388,93.0324935017553
389,93.4174934748633
390,93.6349934596711
391,93.2974934832452
392,94.1299934250958
