"Sweep (n)","APA (mV)"
77,67.859995260034
78,67.7749952659712
79,68.9199951859938
80,67.1749953078807
81,64.0899955233654
