"Sweep (n)","APA (mV)"
367,136.814990443583
368,136.272490481476
369,136.372490474491
370,136.349990476063
371,136.327490477635
