"Sweep (n)","APA (mV)"
96,94.3299934111259
97,95.1599933531511
98,94.7824933795192
99,94.6399933894727
100,94.6099933915682
