"Sweep (n)","APA (mV)"
182,127.427491099292
183,127.189991115882
184,127.682491081481
185,127.437491098594
186,127.514991093181
