"Sweep (n)","APA (mV)"
138,112.852492117344
139,113.142492097088
140,113.502492071942
141,113.48749207299
142,113.569992067228
