"Sweep (n)","APA (mV)"
337,124.834991280376
338,124.854991278979
339,124.909991275138
340,125.009991268153
341,125.014835017814
