"Sweep (n)","APA (mV)"
219,127.454991097372
220,127.389991101912
221,127.519991092831
222,127.167491117453
223,127.567491089513
