"Sweep (n)","APA (mV)"
333,121.974835230156
334,122.17249146635
335,122.13999146862
336,122.034991475954
337,122.152491467747
