"Sweep (n)","APA (mV)"
487,132.222490764365
488,132.58249073922
489,131.977490781479
490,132.442490748999
491,132.082334524155
