"Sweep (n)","Ediast (mV)"
264,-75.3451554926892
265,-75.3396623285039
266,-75.3710954346753
267,-75.3530900631791
268,-75.2597062720293
