"Sweep (n)","Ediast (mV)"
23,-71.4773575546747
24,-71.5432755248981
25,-71.4117447602394
26,-71.435853647497
27,-71.448671030596
