"Sweep (n)","Ediast (mV)"
10,-20.6097416716011
11,-20.3054814108941
12,-20.5136112983587
13,-20.6066899137204
14,-20.5349736035237
