"Sweep (n)","Ediast (mV)"
107,-72.5830094348567
108,-72.5488297465927
109,-72.6095597284189
110,-72.6498429324443
111,-72.593080235863
