"Sweep (n)","Ediast (mV)"
146,-71.1090103784727
147,-71.1456314730413
148,-71.0754410417849
149,-71.1438004183128
150,-71.1065689721682
