"Sweep (n)","Ediast (mV)"
67,-65.0079360233531
68,-64.88342430182
69,-65.0595107315371
70,-64.9530043815003
71,-64.806214827438
