"Sweep (n)","Ediast (mV)"
19,-57.6324475772481
20,-57.6077283384143
21,-57.5436414229194
22,-57.5424207197671
23,-57.5485242355285
