"Sweep (n)","Ediast (mV)"
47,-65.0558486220803
48,-65.0082411991412
49,-65.0219741096044
50,-64.9877944213404
51,-64.9215712753289
