"Sweep (n)","Ediast (mV)"
57,-74.7985804316331
58,-75.103756198388
59,-74.4934046648781
60,-74.8596155849841
61,-74.5544398182291
