"Sweep (n)","Ediast (mV)"
181,-71.7163051874083
182,-71.2890591139514
183,-71.0754360772229
184,-70.9228481938455
185,-71.4111294206534
