"Sweep (n)","Ediast (mV)"
69,-90.0354024030731
70,-90.0128193947558
71,-90.0210591410337
72,-90.0210591410337
73,-90.0500508409005
