"Sweep (n)","Ediast (mV)"
116,-80.6655901819227
117,-80.6494158651549
118,-80.6460589314861
119,-80.6637591271943
120,-80.7290667458415
