"Sweep (n)","Ediast (mV)"
221,-100.000002235174
222,-100.000002235174
223,-100.000002235174
224,-100.000002235174
225,-100.000002235174
