"Sweep (n)","Ediast (mV)"
78,-82.0251483177799
79,-82.0199603293827
80,-82.0193499778066
81,-81.9546527107355
82,-81.8621844469499
