"Sweep (n)","Ediast (mV)"
23,-85.8923359042183
24,-85.9487934250115
25,-85.9179706704163
26,-85.9201069009328
27,-85.9130878578071
