"Sweep (n)","Ediast (mV)"
198,-78.5336321264572
199,-78.5528582011057
200,-78.5205095675701
201,-78.5461443337681
202,-78.5491960916488
