"Sweep (n)","Ediast (mV)"
81,-89.9554463465984
82,-90.0064107032063
83,-89.9057026931428
84,-89.9243184162152
85,-89.9078389236593
