"Sweep (n)","Ediast (mV)"
469,-82.6901263599871
470,-82.6635760664249
471,-82.685548723166
472,-82.6953143483843
473,-82.6959246999604
