"Sweep (n)","Ediast (mV)"
423,-82.6568621990873
424,-82.6663226485175
425,-82.6785296800404
426,-82.6574725506635
427,-82.6492328043855
