"Sweep (n)","Ediast (mV)"
344,-79.3667620278916
345,-79.3527239416403
346,-79.3661516763155
347,-79.3740862468053
348,-79.3508928869119
