"Sweep (n)","Ediast (mV)"
131,-75.0805680844315
132,-75.0833146665241
133,-75.044252165651
134,-75.0509660329886
135,-75.0512712087766
