"Sweep (n)","Ediast (mV)"
114,-69.0429654706351
115,-68.3837858144445
116,-67.18139329343
117,-67.2058073547704
118,-66.7083708549599
