"Sweep (n)","Ediast (mV)"
185,-82.8546161097575
186,-82.8240985309504
187,-82.8384417929897
188,-82.9193133768286
189,-82.8588885707905
