"Sweep (n)","Ediast (mV)"
218,-66.030880652764
219,-65.8966033153918
220,-66.0186736220938
221,-66.0797087754448
222,-65.9637419840779
