"Sweep (n)","Ediast (mV)"
172,-69.4099951517677
173,-69.15999516923
174,-69.3099951587527
175,-69.4399951496723
176,-69.4899951461798
