"Sweep (n)","Ediast (mV)"
367,-78.04499454862
368,-77.3049946003084
369,-77.4249945919265
370,-77.2999946006576
371,-77.2149946065948
