"Sweep (n)","Ediast (mV)"
422,-74.9849947623585
423,-74.9449947651525
424,-75.5549947225445
425,-75.3099947396575
426,-75.1599947501349
