"Sweep (n)","Ediast (mV)"
49,-76.3299946684113
50,-76.3399946677128
51,-76.2999946705068
52,-76.2899946712053
53,-76.3249946687606
