"Sweep (n)","Ediast (mV)"
393,-75.7049947120671
394,-75.6999947124163
395,-75.5699947214967
396,-75.6949947127656
397,-75.584994720449
