"Sweep (n)","Ediast (mV)"
76,-73.5849948601474
77,-73.3849948741172
78,-73.2599948828484
79,-73.6399948563057
80,-73.6249948573534
