"Sweep (n)","Ediast (mV)"
342,-76.5099946558385
343,-77.0349946191677
344,-76.9749946233586
345,-76.9149946275496
346,-76.9249946268511
