"Sweep (n)","Ediast (mV)"
388,-75.4949947267354
389,-75.5549947225445
390,-75.5949947197505
391,-75.5749947211475
392,-75.6199947180043
