"Sweep (n)","Ediast (mV)"
329,-76.9499946251048
330,-76.9299946265018
331,-76.9599946244064
332,-76.9399946258033
333,-76.9299946265018
