"Sweep (n)","Ediast (mV)"
271,-77.6799945741149
272,-77.6449945765597
273,-77.6299945776074
274,-77.6199945783059
275,-77.414994592625
