"Sweep (n)","Ediast (mV)"
462,-75.909994697748
463,-75.8399947026374
464,-75.8949946987957
465,-75.8799946998435
466,-75.929994696351
