"Sweep (n)","Ediast (mV)"
333,-83.0246817007928
334,-82.9549942056605
335,-82.984994203565
336,-82.9099942088037
337,-82.9249942077559
