"Sweep (n)","Ediast (mV)"
337,-83.959994135462
338,-83.899994139653
339,-83.9899941333665
340,-83.9149941386052
341,-84.0096816319914
