"Sweep (n)","Ediast (mV)"
487,-64.9099954660891
488,-64.9299954646921
489,-64.8399954709785
490,-64.8399954709785
491,-64.8249954720263
