"Sweep (n)","Ediast (mV)"
359,-75.1949947476902
360,-75.2149947462932
361,-74.1899948178886
362,-74.424994801474
363,-74.2849948112529
