"Sweep (n)","Ediast (mV)"
375,-81.5399943044971
376,-81.5749943020523
377,-81.6249942985599
378,-81.6299942982106
379,-81.6549942964644
