"Sweep (n)","Ediast (mV)"
462,-83.2599941843565
463,-83.3749941763238
464,-83.2849941826102
465,-83.329994179467
466,-83.2999941815625
