"Sweep (n)","Peak x (ms)","Peak y (mV)"
52,19.7,53.8499962386211
53,19.7,53.749996245606
54,19.7,53.9999962281438
55,19.6,53.649996252591
56,19.7,53.5999962560834
