"Sweep (n)","Peak x (ms)","Peak y (mV)"
29,19.6,61.149995728722
30,19.6,60.9999957391994
31,19.6,61.0999957322145
32,19.6,60.9499957426919
33,19.6,61.149995728722
