"Sweep (n)","Peak x (ms)","Peak y (mV)"
64,20.4,55.6999961094001
65,20.4,55.9999960884454
66,20.5,56.149996077968
67,20.5,56.2999960674906
68,20.5,56.2999960674906
