"Sweep (n)","Peak x (ms)","Peak y (mV)"
82,20,60.8999957461843
83,20,61.2999957182447
84,20,61.3999957112597
85,20,61.7999956833201
86,20,61.699995690305
