"Sweep (n)","Peak x (ms)","Peak y (mV)"
88,19.6,60.7999957531693
89,19.6,60.8499957496768
90,19.6,61.2499957217371
91,19.6,61.7999956833201
92,19.6,62.0499956658578
