"Sweep (n)","Peak x (ms)","Peak y (mV)"
83,19.6,62.9499956029935
84,19.5,61.9499956728427
85,19.5,62.2999956483955
86,19.5,62.4999956344256
87,19.6,63.549995561084
