"Sweep (n)","Peak x (ms)","Peak y (mV)"
87,19.8,68.6499952048531
88,19.8,68.3999952223154
89,19.8,68.6999952013607
90,19.8,68.7499951978682
91,19.8,69.0499951769134
