"Sweep (n)","Peak x (ms)","Peak y (mV)"
36,19.7,64.9499954632951
37,19.7,64.749995477265
38,19.8,64.9499954632951
39,19.8,65.4999954248781
40,19.8,65.0999954528178
