"Sweep (n)","Peak x (ms)","Peak y (mV)"
91,19.5,50.2999964865857
92,19.4,50.8999964446762
93,19.4,50.7999964516612
94,19.4,50.2999964865857
95,19.4,50.8499964481687
