"Sweep (n)","Peak x (ms)","Peak y (mV)"
94,19.2,60.6499957636466
95,19.2,60.7499957566617
96,19.2,60.4499957776165
97,19.2,61.2999957182447
98,19.2,61.4499957077673
