"Sweep (n)","Peak x (ms)","Peak y (mV)"
72,19.7,58.9499958823903
73,19.7,59.0999958719129
74,19.7,58.7999958928676
75,19.7,58.9999958788978
76,19.6,58.4499959173149
