"Sweep (n)","Peak x (ms)","Peak y (mV)"
41,18.7,50.5499964691235
42,18.7,50.6499964621385
43,18.7,50.4999964726159
44,18.7,50.6499964621385
45,18.7,50.2999964865857
