"Sweep (n)","APA (mV)"
14,106.968378708337
15,105.983271333252
16,105.840143898644
17,105.138849986641
18,106.118464197925
