"Sweep (n)","APA (mV)"
2,95.273127798988
3,100.725703223598
4,73.4869349861204
5,99.155879079411
6,99.0838575984568
