"Sweep (n)","APA (mV)"
24,99.3273878603272
25,98.1426955337846
26,99.5788526921333
27,99.8248243601378
28,98.4127760873627
