"Sweep (n)","APA (mV)"
7,115.710138547032
8,111.07024618929
9,100.261836058131
10,114.877924231091
11,110.631403436697
