"Sweep (n)","APA (mV)"
17,98.3267165211378
18,99.2471266336707
19,96.9186355333306
20,98.788447456238
21,98.2507277552158
