"Sweep (n)","APA (mV)"
6,103.87694819111
7,103.280939918637
8,103.194575176646
9,102.972407218448
10,102.892756343325
