"Sweep (n)","APA (mV)"
26,118.103326909924
27,117.819208271075
28,118.607172100837
29,118.027338144002
30,118.187555421549
