"Sweep (n)","APA (mV)"
46,110.073542135069
47,110.351252082816
48,110.829462509321
49,110.512384887662
50,110.721125112123
