"Sweep (n)","APA (mV)"
52,104.013056583082
53,103.066401354609
54,103.67003902125
55,103.482355924696
56,103.027033680697
