"Sweep (n)","APA (mV)"
113,114.188532173992
114,114.86297061852
115,115.502619025639
116,111.40502400542
117,114.20470648963
