"Sweep (n)","APA (mV)"
102,101.058039633594
103,100.68603037392
104,100.443720815117
105,100.229487426855
106,101.717829641319
