"Sweep (n)","APA (mV)"
36,99.638972318184
37,99.9649000370783
38,99.0087843598351
39,99.9807691769495
40,100.340266230187
