"Sweep (n)","dV/dt max x (ms)","dV/dt max y (V/s)"
29,19.6,317.999977787964
30,19.5,294.999979394485
31,19.5,318.499977753029
32,19.6,316.499977892738
33,19.6,314.999977997512
34,19.6,310.968728279091
35,19.6,313.499978102286
36,19.6,314.999977997512
37,19.5,315.499977962576
38,19.6,311.999978207059
