"Sweep (n)","Ediast (mV)"
151,-75.7849947064792
152,-75.7799947068284
153,-75.8149947043837
154,-75.8999946984465
155,-75.8749947001927
