"Sweep (n)","Ediast (mV)"
156,-72.8949949083433
157,-72.9999949010091
158,-73.104994893675
159,-72.9349949055493
160,-72.6899949226624
