"Sweep (n)","Ediast (mV)"
175,-81.8549942824946
176,-81.724994291575
177,-81.7349942908765
178,-81.6099942996076
179,-81.7299942912257
