"Sweep (n)","Ediast (mV)"
96,-74.7049947819163
97,-74.6949947826148
98,-74.6949947826148
99,-74.6849947833133
100,-74.6799947836625
