"Sweep (n)","Ediast (mV)"
51,-76.4249946617757
52,-76.154994680635
53,-76.3399946677128
54,-76.4749946582832
55,-76.539994653743
