"Sweep (n)","Ediast (mV)"
93,-77.5049945863385
94,-77.454994589831
95,-77.5649945821476
96,-77.5199945852908
97,-77.6599945755119
