"Sweep (n)","Ediast (mV)"
114,-71.1499950302301
115,-71.0949950340719
116,-71.1349950312779
117,-71.1149950326749
118,-71.2849950208005
