"Sweep (n)","Ediast (mV)"
27,-74.6449947861072
28,-74.6049947889012
29,-74.7349947798208
30,-74.7549947784238
31,-74.7999947752806
