"Sweep (n)","Ediast (mV)"
91,-69.6699951336069
92,-69.7399951287175
93,-69.5899951391949
94,-69.5649951409411
95,-69.5799951398934
