"Sweep (n)","Ediast (mV)"
62,-83.1949941888967
63,-83.2799941829595
64,-83.2449941854042
65,-83.1449941923891
66,-83.1149941944846
