"Sweep (n)","Ediast (mV)"
77,-78.1799945391903
78,-78.1649945402381
79,-78.2049945374441
80,-78.2349945353486
81,-78.1949945381426
