"Sweep (n)","Ediast (mV)"
79,-72.0599949666674
80,-72.0099949701599
81,-72.0049949705091
82,-71.9149949767955
83,-72.0499949673659
