"Sweep (n)","Ediast (mV)"
176,-75.9649946939063
177,-76.0799946858736
178,-76.194994677841
179,-76.2699946726023
180,-75.9899946921601
