"Sweep (n)","Ediast (mV)"
26,-77.6749945744642
27,-77.6599945755119
28,-77.6699945748134
29,-77.6749945744642
30,-77.6199945783059
