"Sweep (n)","Ediast (mV)"
157,-83.1899941892459
158,-83.1899941892459
159,-83.1449941923891
160,-83.1399941927384
161,-83.2799941829595
