"Sweep (n)","Ediast (mV)"
152,-78.8799944902959
153,-78.9849944829618
154,-78.9949944822633
155,-79.0299944798185
156,-79.0499944784216
