"Sweep (n)","Ediast (mV)"
83,-77.6949945730672
84,-77.6599945755119
85,-77.6849945737657
86,-77.6599945755119
87,-77.77999456713
