"Sweep (n)","Ediast (mV)"
140,-75.0049947609615
141,-75.0099947606123
142,-74.9699947634062
143,-74.9849947623585
144,-74.9499947648032
