"Sweep (n)","Ediast (mV)"
94,-74.7499947787731
95,-74.8096822746039
96,-74.8449947721374
97,-74.7849947763283
98,-74.7249947805193
