"Sweep (n)","Ediast (mV)"
58,-82.9799942039142
59,-82.8949942098514
60,-82.964994204962
61,-82.9399942067082
62,-82.9949942028665
