"Sweep (n)","Ediast (mV)"
87,-76.7149946415194
88,-76.6799946439641
89,-76.6749946443134
90,-76.6999946425671
91,-76.7149946415194
