"Sweep (n)","Ediast (mV)"
164,-78.5899945105522
165,-78.6149945088059
166,-78.6149945088059
167,-78.634994507409
168,-78.5949945102029
