"Sweep (n)","Peak x (ms)","Peak y (mV)"
82,19.6,49.4999965424651
83,19.6,49.4499965459576
84,19.6,49.7499965250028
85,19.6,49.6999965284953
86,19.6,49.5499965389726
