"Sweep (n)","Peak x (ms)","Peak y (mV)"
38,20,49.949996511033
39,19.9,50.4499964761084
40,20,50.4499964761084
41,19.9,50.4499964761084
42,20,50.6999964586461
