"Sweep (n)","Peak x (ms)","Peak y (mV)"
75,20.3,52.0499963643497
76,20.2,52.4999963329175
77,20.1,52.4999963329175
78,20.4,52.2999963468874
79,20.3,52.4999963329175
