"Sweep (n)","Peak x (ms)","Peak y (mV)"
93,19.7,61.2999957182447
94,19.7,61.5999956972899
95,19.7,61.149995728722
96,19.7,61.2999957182447
97,19.7,61.049995735707
