"Sweep (n)","Peak x (ms)","Peak y (mV)"
54,19.4,47.3999966891484
55,19.4,44.8999968637714
56,19.5,46.899996724073
57,19.4,46.7999967310579
58,19.5,46.6999967380428
