"Sweep (n)","Peak x (ms)","Peak y (mV)"
50,19.9,60.1499957985712
51,19.9,60.0999958020637
52,19.8,60.9999957391994
53,19.9,61.6499956937975
54,19.9,63.0499955960086
