"Sweep (n)","Peak x (ms)","Peak y (mV)"
32,19.3,53.099996291008
33,19.3,53.5999962560834
34,19.3,53.8499962386211
35,19.3,53.9499962316362
36,19.3,54.0499962246513
