"Sweep (n)","Peak x (ms)","Peak y (mV)"
49,20.3,54.4999961932192
50,20.2,54.8999961652795
51,20.2,54.5499961897267
52,20.2,55.1499961478172
53,20.3,54.7499961757569
