"Sweep (n)","Peak x (ms)","Peak y (mV)"
70,19.4,58.8999958858827
71,19.5,58.4999959138224
72,19.5,59.0499958754053
73,19.6,58.7999958928676
74,19.5,59.4999958439732
