"Sweep (n)","Peak x (ms)","Peak y (mV)"
79,20.1,53.1999962840231
80,20.1,52.9499963014854
81,20.1,53.1999962840231
82,20.1,52.9999962979929
83,20.1,53.099996291008
