"Sweep (n)","Peak x (ms)","Peak y (mV)"
5,19.8,56.3999960605057
6,19.9,56.3499960639982
7,19.8,56.7499960360585
8,19.8,56.5999960465359
9,19.8,56.5999960465359
