"Sweep (n)","Peak x (ms)","Peak y (mV)"
93,19.4,64.0499955261594
94,19.4,64.84999547028
95,19.3,58.5499959103299
96,19.3,58.5499959103299
97,19.3,58.4999959138224
