"Sweep (n)","Peak x (ms)","Peak y (mV)"
92,19.7,58.3999959208073
93,19.7,58.5499959103299
94,19.7,58.4499959173149
95,19.7,57.999995948747
96,19.8,58.0499959452545
