"Sweep (n)","Peak x (ms)","Peak y (mV)"
60,19.5,60.6999957601542
61,19.5,61.1999957252296
62,19.5,61.3499957147522
63,19.5,61.3999957112597
64,19.5,61.149995728722
