"Sweep (n)","Peak x (ms)","Peak y (mV)"
68,19.2,53.1999962840231
69,19.2,52.8999963049779
70,19.3,52.6999963189477
71,19.3,52.7499963154552
72,19.3,52.3999963399025
