"Sweep (n)","dV/dt max x (ms)","dV/dt max y (V/s)"
5,36,247.238164705888
6,35.8,243.316655829181
7,36,236.038213283674
8,36,237.380986751188
9,35.8,185.9741252506
