"Sweep (n)","dV/dt max x (ms)","dV/dt max y (V/s)"
38,34.8,212.768559443252
39,34.8,206.787113997057
40,34.8,223.831181760834
41,34.8,208.572392357273
42,35,209.686283983733
