"Sweep (n)","dV/dt max x (ms)","dV/dt max y (V/s)"
50,35,272.369390853561
51,34.8,276.641851886558
52,35.2,270.462042178106
53,35,201.812748651496
54,34.8,247.46704654695
