"Sweep (n)","dV/dt max x (ms)","dV/dt max y (V/s)"
36,36.2,335.083015302196
37,36,302.169806558705
38,36.2,236.297612703543
39,36.2,279.067999401724
40,36.2,235.549932022769
