"Sweep (n)","dV/dt max x (ms)","dV/dt max y (V/s)"
59,35,336.791999715395
60,35,369.781502405894
61,35,365.554817741107
62,35,367.996224045677
63,35,367.477425205956
