"Sweep (n)","dV/dt max x (ms)","dV/dt max y (V/s)"
633,5.6,324.999977299017
634,5.6,327.499977124394
635,5.6,337.499976425903
636,5.6,324.999977299017
637,5.6,310.999978276906
638,5.6,335.499976565601
639,5.6,333.999976670375
640,5.6,331.499976844998
641,5.6,333.999976670375
642,5.6,336.499976495752
