"Sweep (n)","dV/dt max x (ms)","dV/dt max y (V/s)"
5,7,152.511589435776
6,7.2,147.979729299464
7,7.4,142.791741264632
8,7.4,148.620598409651
9,7.8,125.976556516434
