"Sweep (n)","dV/dt max x (ms)","dV/dt max y (V/s)"
110,8.4,216.400136205919
111,9.2,195.95335983334
112,9,202.255239416828
113,8.6,226.837147428939
114,8.2,228.622425664456
