"Sweep (n)","dV/dt max x (ms)","dV/dt max y (V/s)"
134,6.8,167.09899108666
135,7.4,144.470207981784
136,7,168.975822052205
137,7,181.518546065832
138,6.8,174.423209488779
