"Sweep (n)","dV/dt max x (ms)","dV/dt max y (V/s)"
37,7.2,255.493151927225
38,7.2,222.259510927614
39,7.2,214.645375547078
40,7.2,245.452869200988
41,7,244.613635842414
