"Sweep (n)","dV/dt max x (ms)","dV/dt max y (V/s)"
185,7.2,11.489867618323
186,7.2,13.5498040439188
187,7.2,12.634276743654
188,7,15.4266350094617
189,7,11.2152094282437
