"Sweep (n)","dV/dt max x (ms)","dV/dt max y (V/s)"
158,6.8,75.8056604619239
159,7,74.4781458765407
160,7,67.4285856645018
161,6.8,63.7207000984288
162,7,69.3664517833956
