"Sweep (n)","dV/dt max x (ms)","dV/dt max y (V/s)"
49,7,134.826653752328
50,7,132.705682173381
51,7,124.999994062819
52,7.2,125.335687406249
53,7.2,131.546014259711
