"Sweep (n)","dV/dt max x (ms)","dV/dt max y (V/s)"
6,7,138.656609625102
7,7,119.720453297959
8,6.6,120.483392714846
9,6.6,100.128169072293
10,6.6,110.260004528556
