"Sweep (n)","dV/dt max x (ms)","dV/dt max y (V/s)"
5,6.8,153.060905815934
6,7,150.039665725061
7,6.8,133.575433108632
8,7.2,150.695793623583
9,6.8,130.142205732639
