"Sweep (n)","dV/dt max x (ms)","dV/dt max y (V/s)"
207,10.2,124.603265566037
208,9.8,129.882806330898
209,9.8,121.398920015111
210,10,139.343255100301
211,9.6,143.020623089697
