"Sweep (n)","APA (mV)"
36,138.739990309123
37,138.44999032938
38,138.337490337238
39,138.129990351731
40,138.367490335142
