"Sweep (n)","APA (mV)"
103,137.639990385958
104,137.447490399403
105,137.607490388228
106,137.384990403769
107,137.217490415469
