"Sweep (n)","APA (mV)"
77,128.164991047779
78,128.292491038873
79,128.319991036952
80,128.412491030491
81,128.294991038698
