"Sweep (n)","APA (mV)"
28,137.572490390672
29,137.497490395911
30,137.304990409357
31,137.457490398705
32,137.104990423327
