"Sweep (n)","APA (mV)"
91,142.777490027107
92,142.224990065699
93,142.897490018725
94,142.172490069366
95,140.692490172743
