"Sweep (n)","APA (mV)"
26,134.159990629033
27,134.122490631652
28,134.17749062781
29,133.899990647194
30,133.71249066029
