"Sweep (n)","APA (mV)"
103,141.26749013258
104,140.752490168552
105,140.397490193348
106,140.53749018357
107,140.869990160345
