"Sweep (n)","APA (mV)"
78,150.024989520875
79,149.994989522971
80,150.099989515637
81,149.969989524717
82,149.967489524892
