"Sweep (n)","APA (mV)"
157,140.23999020435
158,140.369990195269
159,140.487490187062
160,140.909990157551
161,141.299990130309
