"Sweep (n)","APA (mV)"
94,151.309989431119
95,151.042489449804
96,150.642489477743
97,150.917489458535
98,150.909989459059
