"Sweep (n)","APA (mV)"
87,137.344990406563
88,136.927490435725
89,137.49249039626
90,137.609990388053
91,137.267490411976
