"Sweep (n)","APA (mV)"
11,139.807490234559
12,140.459833938994
13,141.357490126293
14,141.697490102544
15,141.787490096258
