"Sweep (n)","APA (mV)"
141,129.379990962912
142,129.557490950514
143,129.392490962039
144,128.994990989804
145,129.599990947545
