"Sweep (n)","APA (mV)"
50,128.084991053367
51,128.014991058256
52,128.047491055986
53,128.159991048128
54,127.989991060002
