"Sweep (n)","APA (mV)"
142,144.489989907491
143,143.904989948352
144,144.277489922334
145,143.414989982578
146,143.699989962671
