"Sweep (n)","APA (mV)"
149,150.504989487348
150,150.429989492586
151,150.42248949311
152,150.609989480014
153,150.412489493809
