"Sweep (n)","APA (mV)"
175,128.83999100063
176,128.967490991725
177,128.619991015997
178,128.674991012155
179,129.582490948767
