"Sweep (n)","APA (mV)"
114,141.924990086654
115,141.974990083161
116,141.684990103418
117,141.894990088749
118,142.254990063604
