"Sweep (n)","APA (mV)"
91,128.729991008314
92,128.902490996265
93,128.949990992947
94,128.762491006044
95,128.844991000281
