"Sweep (n)","APA (mV)"
57,146.007489801494
58,146.389989774777
59,146.277489782635
60,146.34498977792
61,146.212489787175
