"Sweep (n)","APA (mV)"
59,143.422489982055
60,143.264989993056
61,143.849989952194
62,144.279989922159
63,144.062489937351
