"Sweep (n)","Peak x (ms)","Peak y (mV)"
34,19.7,57.349995994149
35,19.6,57.2499960011339
36,19.7,57.7499959662093
37,19.7,57.7499959662093
38,19.7,57.8499959592244
