"Sweep (n)","Peak x (ms)","Peak y (mV)"
48,19.8,59.7999958230185
49,19.8,60.2499957915863
50,19.9,60.1499957985712
51,19.9,60.0999958020637
52,19.8,60.9999957391994
