"Sweep (n)","Peak x (ms)","Peak y (mV)"
93,20,51.4499964062592
94,19.9,51.3999964097517
95,20,51.0499964341989
96,20,50.7999964516612
97,20,50.4999964726159
