"Sweep (n)","Peak x (ms)","Peak y (mV)"
66,19.7,57.349995994149
67,19.6,57.7999959627168
68,19.6,57.7499959662093
69,19.7,57.4999959836716
70,19.7,57.2999959976414
