"Sweep (n)","Peak x (ms)","Peak y (mV)"
61,19.7,57.2999959976414
62,19.8,56.9499960220886
63,19.8,57.4999959836716
64,19.7,57.349995994149
65,19.7,57.1499960081188
