"Sweep (n)","Peak x (ms)","Peak y (mV)"
48,19.7,68.4999952153305
49,19.7,69.2999951594511
50,19.8,70.6499950651547
51,19.8,71.7999949848282
52,19.9,73.99999483116
