"Sweep (n)","Peak x (ms)","Peak y (mV)"
39,19.3,54.4999961932192
40,19.3,54.3999962002041
41,19.3,54.3499962036965
42,19.3,54.4999961932192
43,19.3,54.1999962141739
