"Sweep (n)","Peak x (ms)","Peak y (mV)"
70,19.3,59.9499958125411
71,19.3,60.2499957915863
72,19.4,62.6999956204558
73,19.3,61.2999957182447
74,19.4,61.8999956763352
