"Sweep (n)","Peak x (ms)","Peak y (mV)"
82,20,53.649996252591
83,20,53.2499962805306
84,20.1,53.4999962630683
85,20.1,53.4499962665608
86,20.1,53.3999962700533
