"Sweep (n)","APA (mV)"
422,119.784991633115
423,119.294991667341
424,120.704991568854
425,119.909991624384
426,119.359991662801
