"Sweep (n)","APA (mV)"
24,77.7299945706225
25,78.0999945447783
26,76.6899946432656
27,76.4499946600294
28,71.1499950302301
