"Sweep (n)","APA (mV)"
367,137.244990413548
368,136.254990482699
369,136.474990467332
370,136.449990469078
371,136.014990499462
