"Sweep (n)","APA (mV)"
329,137.799990374782
330,138.129990351731
331,137.809990374083
332,138.239990344048
333,138.179990348239
