"Sweep (n)","APA (mV)"
388,92.9949935043746
389,93.4049934757364
390,93.6449934589726
391,93.2749934848168
392,94.1199934257942
