"Sweep (n)","APA (mV)"
183,127.149991118676
184,127.749991076766
185,127.329991106103
186,127.619991085846
187,127.364991103658
