"Sweep (n)","APA (mV)"
49,126.929991134042
50,127.039991126359
51,126.799991143123
52,126.789991143821
53,126.974991130899
