"Sweep (n)","APA (mV)"
271,138.729990309822
272,138.494990326236
273,138.379990334269
274,138.51999032449
275,137.614990387704
