"Sweep (n)","APA (mV)"
342,136.759990447425
343,137.384990403769
344,137.074990425422
345,137.014990429613
346,137.374990404468
