"Sweep (n)","APA (mV)"
76,96.2349932780632
77,94.5849933933144
78,94.6599933880757
79,95.8899933021612
80,95.8749933032089
