"Sweep (n)","APA (mV)"
393,134.054990636367
394,133.999990640209
395,133.619990666751
396,133.644990665005
397,133.684990662211
