"Sweep (n)","APA (mV)"
337,124.85999127863
338,124.799991282821
339,124.939991273042
340,124.964991271296
341,125.009678768175
