"Sweep (n)","APA (mV)"
462,124.159991327525
463,124.174991326477
464,124.534991301331
465,124.229991322635
466,124.499991303776
