"Sweep (n)","APA (mV)"
333,122.024678976674
334,122.154991467572
335,122.184991465477
336,122.0099914777
337,122.07499147316
