"Sweep (n)","APA (mV)"
375,127.589991087942
376,128.124991050573
377,128.17499104708
378,128.279991039746
379,128.154991048477
