"Sweep (n)","APA (mV)"
359,120.294991597492
360,120.514991582125
361,118.589991716585
362,120.774991563964
363,120.634991573743
