"Sweep (n)","Ediast (mV)"
26,-64.5446746686675
27,-64.4226043619655
28,-64.5446746686675
29,-64.39208678529
30,-64.514157091992
